Nº Licença,Código,Avaliação da conformidade
L042645.2023.RH4A,,"De acordo com o nº6 do artigo 69o do Decreto-Lei nº 236/98, de 1 de Agosto.De acordo com o Anexo I do Decreto-Lei n.º 152/97, de 19 de junho, com as alterações introduzidas pelos Decretos-Leis n.os 348/98, de 9 de novembro, 149/2004, de 22 de junho e 198/2008, de 8 de outubro: Verificação do n.º mínimo anual de amostras e verificação do n.º máximo de amostras não conformes e verificação do desvio aos valores paramétricos."
L007112.2021.RH7,,"De acordo com a alínea D) do Anexo I do Decreto-Lei n.º 152/97, de 19 de junho, com as alterações introduzidas pelos Decretos-Leis n.os 348/98, de 9 de novembro, 149/2004, de 22 de junho, 198/2008, de 8 de outubro e 133/2015, de 13 de julho, e o artigo 69.º do Decreto-Lei n.º 236/98, de 1 de agosto. Ver continuação (1) nas Observações."
L006768.2022.RH5A,,"De acordo com o nº6 do artigo 69o do Decreto-Lei nº 236/98, de 1 de Agosto."
L005299.2017.RH7,,"De acordo com o n.º 6 do artigo 69.º do Decreto-Lei n.º 236/98, de 1 de agosto."
L021000.2021.RH4A,,"De acordo com o nº6 do artigo n.º 69 do Decreto-Lei nº 236/98, de 1 de agosto e de acordo com o Anexo I do Decreto-Lei n.º 152/97, de 19 de junho, com as alterações introduzidas pelos Decretos-Lei n.º 348/98, de 9 de novembro, n.º 149/2004, de 22 de junho e n.º 198/2008, de 8 de outubro: Verificação do n.º mínimo anual de amostras, verificação do n.º máximo de amostras não conformes e verificação do desvio aos valores paramétricos."
L016823.2019.RH7,,"De acordo com o artigo 69.º do Decreto-Lei n.º 236/98, de 1 de agosto. Atendendo à origem das águas residuais e aos objetivos de qualidade definidos para a massa de água recetora, o número máximo anual de amostras que podem não ser conformes não pode exceder 1 (uma), para os parâmetros pH, CBO5, CQO e SST; para o parâmetro Óleos e gorduras todas as amostras têm que ser conformes."
L012771.2019.RH7,,"De acordo com o artigo 69.º do Decreto-Lei n.º 236/98, de 1 de agosto. Atendendo à origem das águas residuais e aos objetivos de qualidade definidos para a massa de água recetora, o número máximo anual de amostras que podem não ser conformes não pode exceder 1 (uma), para os parâmetros pH, CBO5, CQO e SST; para o parâmetro Óleos e gorduras todas as amostras têm que ser conformes."
L010844.2021.RH5A,,"De acordo com o Anexo I do Decreto-Lei n.º 152/97, de 19 de junho, com as alterações introduzidas pelos Decretos-Leis n.os 348/98, de 9 de novembro, 149/2004, de 22 de junho e 198/2008, de 8 de outubro: Verificação do n.º mínimo anual de amostras e verificação do n.º máximo de amostras não conformes e verificação do desvio aos valores paramétricos."
L009856.2021.RH3,,"De acordo com o nº6 do artigo 69o do Decreto-Lei nº 236/98, de 1 de Agosto."
L002179.2021.RH7,,"De acordo com o artigo 69.º do Decreto-Lei n.º 236/98, de 1 de agosto. Para o parâmetro Escherichia Coli, a média mensal não pode ultrapassar o VLE e o valor máximo observado durante o mês de laboração não pode ultrapassar uma ordem de grandeza do valor limite que lhe corresponde. Ver continuação no campo Observações (1)."
L000060.2022.RH4A,,"De acordo com o nº6 do artigo nº69 do Decreto-Lei nº 236/98, de 1 de Agosto.De acordo com o Anexo I do Decreto-Lei n.º 152/97, de 19 de junho, com as alterações introduzidas pelos Decretos-Lei n.º 348/98, de 9 de novembro, 149/2004, de 22 de junho e 198/2008, de 8 de outubro: Verificação do n.º mínimo anual de amostras, verificação do n.º máximo de amostras não conformes e verificação do desvio aos valores paramétricos."
L007542.2022.RH5A,,"De acordo com o nº6 do artigo 69o do Decreto-Lei nº 236/98, de 1 de Agosto."
L011912.2016.RH7,,"De acordo com o artigo 69.º do Decreto-Lei n.º 236/98, de 1 de agosto."
L006730.2022.RH5A,,"De acordo com o nº6 do artigo 69o do Decreto-Lei nº 236/98, de 1 de Agosto."
L007497.2022.RH5A,,"De acordo com o nº6 do artigo 69o do Decreto-Lei nº 236/98, de 1 de Agosto."
L006837.2022.RH5A,,"De acordo com o nº6 do artigo 69o do Decreto-Lei nº 236/98, de 1 de Agosto."
L005951.2022.RH5A,,"De acordo com o nº6 do artigo 69o do Decreto-Lei nº 236/98, de 1 de Agosto.De acordo com o Anexo I do Decreto-Lei n.º 152/97, de 19 de junho, com as alterações introduzidas pelos Decretos-Leis n.os 348/98, de 9 de novembro, 149/2004, de 22 de junho e 198/2008, de 8 de outubro: Verificação do n.º mínimo anual de amostras e verificação do n.º máximo de amostras não conformes e verificação do desvio aos valores paramétricos."
L000894.2021.RH7,,"De acordo com o artigo 69.º do Decreto-Lei n.º 236/98, de 1 de agosto. Atendendo à origem das águas residuais e aos objetivos de qualidade definidos para a massa de água recetora, o número máximo anual de amostras que podem não ser conformes não pode exceder 1 (uma), para os parâmetros pH, CBO5 e CQO; para o parâmetro Óleos e gorduras todas as amostras têm que ser conformes."
L003861.2014.RH6,,"De acordo com o nº6 do artigo 69o do Decreto-Lei nº 236/98, de 1 de Agosto."
L000801.2021.RH7,,"De acordo com o artigo 69.º do Decreto-Lei n.º 236/98, de 1 de agosto. Atendendo à origem das águas residuais e aos objetivos de qualidade definidos para a massa de água recetora, o número máximo anual de amostras que podem não ser conformes não pode exceder 1 (uma), para os parâmetros pH, CBO5, CQO e SST; para o parâmetro Óleos e gorduras todas as amostras têm que ser conformes."
L009075.2018.RH7,,"De acordo com o nº6 do artigo 69o do Decreto-Lei nº 236/98, de 1 de Agosto.De acordo com o Anexo I do Decreto-Lei n.º 152/97, de 19 de junho, com as alterações introduzidas pelos Decretos-Leis n.os 348/98, de 9 de novembro, 149/2004, de 22 de junho e 198/2008, de 8 de outubro: Verificação do n.º mínimo anual de amostras e verificação do n.º máximo de amostras não conformes e verificação do desvio aos valores paramétricos."
L006737.2022.RH5A,,"De acordo com o nº6 do artigo 69o do Decreto-Lei nº 236/98, de 1 de Agosto."
L005347.2021.RH5A,,"De acordo com o Anexo I do Decreto-Lei n.º 152/97, de 19 de junho, com as alterações introduzidas pelos Decretos-Leis n.os 348/98, de 9 de novembro, 149/2004, de 22 de junho e 198/2008, de 8 de outubro: Verificação do n.º mínimo anual de amostras e verificação do n.º máximo de amostras não conformes e verificação do desvio aos valores paramétricos."
L006858.2022.RH5A,,"De acordo com o nº6 do artigo 69o do Decreto-Lei nº 236/98, de 1 de Agosto."
L004532.2014.RH6,,"De acordo com o artigo 69.º do Decreto-Lei n.º 236/98, de 1 de agosto."
L000928.2018.RH7,,"De acordo com a alínea D) do Anexo I do Decreto-Lei n.º 152/97, de 19 de junho, com as alterações introduzidas pelos Decretos-Leis n.os 348/98, de 9 de novembro, 149/2004, de 22 de junho, e 198/2008, de 8 de outubro, e o artigo 69.º do Decreto-Lei n.º 236/98, de 1 de agosto. Ver (1) nas Observações."
L016490.2019.RH7,,"De acordo com o artigo 69.º do Decreto-Lei n.º 236/98, de 1 de agosto. Atendendo à origem das águas residuais e aos objetivos de qualidade definidos para a massa de água recetora, o número máximo anual de amostras que podem não ser conformes não pode exceder 1 (uma), para os parâmetros pH, CBO5, CQO e SST; para o parâmetro Óleos e gorduras todas as amostras têm que ser conformes."
L015829.2021.RH4A,,"De acordo com o nº6 do artigo 69o do Decreto-Lei nº 236/98, de 1 de Agosto.De acordo com o Anexo I do Decreto-Lei n.º 152/97, de 19 de junho, com as alterações introduzidas pelos Decretos-Leis n.os 348/98, de 9 de novembro, 149/2004, de 22 de junho e 198/2008, de 8 de outubro: Verificação do n.º mínimo anual de amostras e verificação do n.º máximo de amostras não conformes e verificação do desvio aos valores paramétricos."
L009953.2020.RH5A,,"De acordo com o Anexo I do Decreto-Lei n.º 152/97, de 19 de junho, com as alterações introduzidas pelos Decretos-Leis n.os 348/98, de 9 de novembro, 149/2004, de 22 de junho e 198/2008, de 8 de outubro: Verificação do n.º mínimo anual de amostras e verificação do n.º máximo de amostras não conformes e verificação do desvio aos valores paramétricos."
L002750.2021.RH7,,"De acordo com o artigo 69.º do Decreto-Lei n.º 236/98, de 1 de agosto. Atendendo à origem das águas residuais e aos objetivos de qualidade definidos para a massa de água recetora, o número máximo anual de amostras que podem não ser conformes não pode exceder 2 (duas), para os parâmetros pH, CBO5, CQO e SST; para o parâmetro Óleos e gorduras todas as amostras têm que ser conformes."
L009097.2020.RH7,,"De acordo com a alínea D) do Anexo I do Decreto-Lei n.º 152/97, de 19 de junho, com as alterações introduzidas pelos Decretos-Leis n.os 348/98, de 9 de novembro, 149/2004, de 22 de junho, e 198/2008, de 8 de outubro, e 133/2015, de 13 de julho, e o artigo 69.º do Decreto-Lei n.º 236/98, de 1 de agosto."
L009098.2020.RH7,,"De acordo com a alínea D) do Anexo I do Decreto-Lei n.º 152/97, de 19 de junho, com as alterações introduzidas pelos Decretos-Leis n.os 348/98, de 9 de novembro, 149/2004, de 22 de junho, 198/2008, de 8 de outubro e 133/2015, de 13 de julho, e o artigo 69.º do Decreto-Lei n.º 236/98, de 1 de agosto."
L018980.2022.RH4A,,"De acordo com o nº6 do artigo 69o do Decreto-Lei nº 236/98, de 1 de Agosto.De acordo com o Anexo I do Decreto-Lei n.º 152/97, de 19 de junho, com as alterações introduzidas pelos Decretos-Leis n.os 348/98, de 9 de novembro, 149/2004, de 22 de junho e 198/2008, de 8 de outubro: Verificação do n.º mínimo anual de amostras e verificação do n.º máximo de amostras não conformes e verificação do desvio aos valores paramétricos."
L007500.2022.RH5A,d,"De acordo com o nº6 do artigo 69o do Decreto-Lei nº 236/98, de 1 de Agosto."
L007500.2022.RH5A,e,"De acordo com o Anexo I do Decreto-Lei n.º 152/97, de 19 de junho, com as alterações introduzidas pelos Decretos-Leis n.os 348/98, de 9 de novembro, 149/2004, de 22 de junho e 198/2008, de 8 de outubro: Verificação do n.º mínimo anual de amostras e verificação do n.º máximo de amostras não conformes e verificação do desvio aos valores paramétricos."
L019877.2018.RH6,,"De acordo com o artigo 69.º do Decreto-Lei n.º 236/98, de 1 de agosto."
L024352.2020.RH5A,,"De acordo com o Anexo I do Decreto-Lei n.º 152/97, de 19 de junho, com as alterações introduzidas pelos Decretos-Leis n.os 348/98, de 9 de novembro, 149/2004, de 22 de junho e 198/2008, de 8 de outubro: Verificação do n.º mínimo anual de amostras e verificação do n.º máximo de amostras não conformes e verificação do desvio aos valores paramétricos."
L006726.2022.RH5A,,"De acordo com o nº6 do artigo 69o do Decreto-Lei nº 236/98, de 1 de Agosto."
L012302.2022.RH4A,,"De acordo com o nº6 do artigo 69o do Decreto-Lei nº 236/98, de 1 de Agosto.De acordo com o Anexo I do Decreto-Lei n.º 152/97, de 19 de junho, com as alterações introduzidas pelos Decretos-Leis n.os 348/98, de 9 de novembro, 149/2004, de 22 de junho e 198/2008, de 8 de outubro: Verificação do n.º mínimo anual de amostras e verificação do n.º máximo de amostras não conformes e verificação do desvio aos valores paramétricos."
L021799.2021.RH4A,,"De acordo com o nº6 do artigo nº 69 do Decreto-Lei nº 236/98, de 1 de Agosto.De acordo com o Anexo I do Decreto-Lei n.º 152/97, de 19 de junho, com as alterações introduzidas pelos Decretos-Lei n.º 348/98, de 9 de novembro, 149/2004, de 22 de junho e 198/2008, de 8 de outubro: Verificação do n.º mínimo anual de amostras, verificação do n.º máximo de amostras não conformes e verificação do desvio aos valores paramétricos."
L001865.2014.RH5,a,"Carência Bioquímica de Oxigénio (mg/l O2) 80 Anexo XVIII do Decreto-Lei nº 236/98, de 1 de agosto"
L001865.2014.RH5,b,"Sólidos Suspensos Totais (mg/l) 90 pH (Escala de Sörensen) 6-9 Legislação Decreto-Lei nº 152/97, de 19 de junho."
L010284.2022.RH4A,,"De acordo com o nº6 do artigo 69o do Decreto-Lei nº 236/98, de 1 de Agosto.De acordo com o Anexo I do Decreto-Lei n.º 152/97, de 19 de junho, com as alterações introduzidas pelos Decretos-Leis n.os 348/98, de 9 de novembro, 149/2004, de 22 de junho e 198/2008, de 8 de outubro: Verificação do n.º mínimo anual de amostras e verificação do n.º máximo de amostras não conformes e verificação do desvio aos valores paramétricos."
L007422.2022.RH5A,c,"De acordo com o nº6 do artigo 69o do Decreto-Lei nº 236/98, de 1 de Agosto."
L007422.2022.RH5A,d,"De acordo com o Anexo I do Decreto-Lei n.º 152/97, de 19 de junho, com as alterações introduzidas pelos Decretos-Leis n.os 348/98, de 9 de novembro, 149/2004, de 22 de junho e 198/2008, de 8 de outubro: Verificação do n.º mínimo anual de amostras e verificação do n.º máximo de amostras não conformes e verificação do desvio aos valores paramétricos."
L016354.2019.RH7,,"De acordo com o artigo 69.º do Decreto-Lei n.º 236/98, de 1 de agosto. Atendendo à origem das águas residuais e aos objetivos de qualidade definidos para a massa de água recetora, o número máximo anual de amostras que podem não ser conformes não pode exceder 1 (uma), para os parâmetros pH, CBO5, CQO e SST; para o parâmetro Óleos e gorduras todas as amostras têm que ser conformes."
L003050.2014.RH7,,"De acordo com o artigo 69.º do Decreto-Lei n.º 236/98, de 1 de agosto."
L019966.2022.RH4A,,"De acordo com o nº6 do artigo 69o do Decreto-Lei nº 236/98, de 1 de Agosto.De acordo com o Anexo I do Decreto-Lei n.º 152/97, de 19 de junho, com as alterações introduzidas pelos Decretos-Leis n.os 348/98, de 9 de novembro, 149/2004, de 22 de junho e 198/2008, de 8 de outubro: Verificação do n.º mínimo anual de amostras e verificação do n.º máximo de amostras não conformes e verificação do desvio aos valores paramétricos."
L019241.2021.RH7,,"De acordo com a alínea D) do Anexo I do Decreto-Lei n.º 152/97, de 19 de junho, com as alterações introduzidas pelos Decretos-Leis n.os 348/98, de 9 de novembro, 149/2004, de 22 de junho, 198/2008, de 8 de outubro, 133/2015, de 13 de julho e 77/2021, de 27 de agosto, e o artigo 69.º do Decreto-Lei n.º 236/98, de 1 de agosto. Ver continuação (1) nas Observações."
L013710.2021.RH5A,,"De acordo com o nº6 do artigo 69o do Decreto-Lei nº 236/98, de 1 de Agosto.De acordo com o Anexo I do Decreto-Lei n.º 152/97, de 19 de junho, com as alterações introduzidas pelos Decretos-Leis n.os 348/98, de 9 de novembro, 149/2004, de 22 de junho e 198/2008, de 8 de outubro: Verificação do n.º mínimo anual de amostras e verificação do n.º máximo de amostras não conformes e verificação do desvio aos valores paramétricos."
L007525.2022.RH5A,,"De acordo com o nº6 do artigo 69o do Decreto-Lei nº 236/98, de 1 de Agosto."
L001091.2014.RH7,,"L001091.2014.RH7- T1 De acordo com o n.º 6 do artigo 69.º do Decreto-Lei n.º 236/98, de 1 de agosto."
L012142.2022.RH4A,,"De acordo com o nº6 do artigo 69o do Decreto-Lei nº 236/98, de 1 de Agosto.De acordo com o Anexo I do Decreto-Lei n.º 152/97, de 19 de junho, com as alterações introduzidas pelos Decretos-Leis n.os 348/98, de 9 de novembro, 149/2004, de 22 de junho e 198/2008, de 8 de outubro: Verificação do n.º mínimo anual de amostras e verificação do n.º máximo de amostras não conformes e verificação do desvio aos valores paramétricos."
L010179.2021.RH4A,,"De acordo com o nº6 do artigo 69o do Decreto-Lei nº 236/98, de 1 de Agosto.De acordo com o Anexo I do Decreto-Lei n.º 152/97, de 19 de junho, com as alterações introduzidas pelos Decretos-Leis n.os 348/98, de 9 de novembro, 149/2004, de 22 de junho e 198/2008, de 8 de outubro: Verificação do n.º mínimo anual de amostras e verificação do n.º máximo de amostras não conformes e verificação do desvio aos valores paramétricos."
L006127.2022.RH5A,,"De acordo com o nº6 do artigo 69o do Decreto-Lei nº 236/98, de 1 de Agosto."
L006128.2022.RH5A,,"De acordo com o nº6 do artigo 69o do Decreto-Lei nº 236/98, de 1 de Agosto."
L006090.2021.RH5A,,"De acordo com o Anexo I do Decreto-Lei n.º 152/97, de 19 de junho, com as alterações introduzidas pelos Decretos-Leis n.os 348/98, de 9 de novembro, 149/2004, de 22 de junho e 198/2008, de 8 de outubro: Verificação do n.º mínimo anual de amostras e verificação do n.º máximo de amostras não conformes e verificação do desvio aos valores paramétricos."
L019546.2018.RH5A,,"De acordo com o nº6 do artigo 69o do Decreto-Lei nº 236/98, de 1 de Agosto.De acordo com o Anexo I do Decreto-Lei n.º 152/97, de 19 de junho, com as alterações introduzidas pelos Decretos-Leis n.os 348/98, de 9 de novembro, 149/2004, de 22 de junho e 198/2008, de 8 de outubro: Verificação do n.º mínimo anual de amostras e verificação do n.º máximo de amostras não conformes e verificação do desvio aos valores paramétricos."
L004199.2017.RH7,,"De acordo com o n.º 6 do artigo 69.º do Decreto-Lei n.º 236/98, de 1 de agosto."
L021840.2021.RH4A,,"De acordo com o nº6 do artigo n.º 69 do Decreto-Lei nº 236/98, de 1 de agosto. De acordo com o Anexo I do Decreto-Lei n.º 152/97, de 19 de junho, com as alterações introduzidas pelos Decretos-Lei n.º 348/98, de 9 de novembro, 149/2004, de 22 de junho e 198/2008, de 8 de outubro: Verificação do n.º mínimo anual de amostras, verificação do n.º máximo de amostras não conformes e verificação do desvio aos valores paramétricos."
L010196.2021.RH4A,,"De acordo com o nº6 do artigo 69o do Decreto-Lei nº 236/98, de 1 de Agosto.De acordo com o Anexo I do Decreto-Lei n.º 152/97, de 19 de junho, com as alterações introduzidas pelos Decretos-Leis n.os 348/98, de 9 de novembro, 149/2004, de 22 de junho e 198/2008, de 8 de outubro: Verificação do n.º mínimo anual de amostras e verificação do n.º máximo de amostras não conformes e verificação do desvio aos valores paramétricos."
L020748.2021.RH4A,,"De acordo com o nº6 do artigo 69o do Decreto-Lei nº 236/98, de 1 de Agosto.De acordo com o Anexo I do Decreto-Lei n.º 152/97, de 19 de junho, com as alterações introduzidas pelos Decretos-Leis n.os 348/98, de 9 de novembro, 149/2004, de 22 de junho e 198/2008, de 8 de outubro: Verificação do n.º mínimo anual de amostras e verificação do n.º máximo de amostras não conformes e verificação do desvio aos valores paramétricos."
L010659.2020.RH5A,,"De acordo com o Anexo I do Decreto-Lei n.º 152/97, de 19 de junho, com as alterações introduzidas pelos Decretos-Leis n.os 348/98, de 9 de novembro, 149/2004, de 22 de junho e 198/2008, de 8 de outubro: Verificação do n.º mínimo anual de amostras e verificação do n.º máximo de amostras não conformes e verificação do desvio aos valores paramétricos."
L009735.2020.RH5A,,"De acordo com o Anexo I do Decreto-Lei n.º 152/97, de 19 de junho, com as alterações introduzidas pelos Decretos-Leis n.os 348/98, de 9 de novembro, 149/2004, de 22 de junho e 198/2008, de 8 de outubro: Verificação do n.º mínimo anual de amostras e verificação do n.º máximo de amostras não conformes e verificação do desvio aos valores paramétricos."
L019026.2021.RH5A,,"De acordo com o nº6 do artigo 69o do Decreto-Lei nº 236/98, de 1 de Agosto."
L020502.2021.RH5A,,"De acordo com o nº6 do artigo 69o do Decreto-Lei nº 236/98, de 1 de Agosto.De acordo com o Anexo I do Decreto-Lei n.º 152/97, de 19 de junho, com as alterações introduzidas pelos Decretos-Leis n.os 348/98, de 9 de novembro, 149/2004, de 22 de junho e 198/2008, de 8 de outubro: Verificação do n.º mínimo anual de amostras e verificação do n.º máximo de amostras não conformes e verificação do desvio aos valores paramétricos."
L020002.2021.RH5A,,"De acordo com o nº6 do artigo 69o do Decreto-Lei nº 236/98, de 1 de Agosto.De acordo com o Anexo I do Decreto-Lei n.º 152/97, de 19 de junho, com as alterações introduzidas pelos Decretos-Leis n.os 348/98, de 9 de novembro, 149/2004, de 22 de junho e 198/2008, de 8 de outubro: Verificação do n.º mínimo anual de amostras e verificação do n.º máximo de amostras não conformes e verificação do desvio aos valores paramétricos."
L009723.2020.RH5A,,"De acordo com o Anexo I do Decreto-Lei n.º 152/97, de 19 de junho, com as alterações introduzidas pelos Decretos-Leis n.os 348/98, de 9 de novembro, 149/2004, de 22 de junho e 198/2008, de 8 de outubro: Verificação do n.º mínimo anual de amostras e verificação do n.º máximo de amostras não conformes e verificação do desvio aos valores paramétricos."
L015838.2021.RH4A,,"De acordo com o nº6 do artigo 69o do Decreto-Lei nº 236/98, de 1 de Agosto.De acordo com o Anexo I do Decreto-Lei n.º 152/97, de 19 de junho, com as alterações introduzidas pelos Decretos-Leis n.os 348/98, de 9 de novembro, 149/2004, de 22 de junho e 198/2008, de 8 de outubro: Verificação do n.º mínimo anual de amostras e verificação do n.º máximo de amostras não conformes e verificação do desvio aos valores paramétricos."
L016441.2019.RH7,,"De acordo com o artigo 69.º do Decreto-Lei n.º 236/98, de 1 de agosto. Atendendo à origem das águas residuais e aos objetivos de qualidade definidos para a massa de água recetora, o número máximo anual de amostras que podem não ser conformes não pode exceder 1 (uma), para os parâmetros pH, CBO5, CQO e SST; para o parâmetro Óleos e gorduras todas as amostras têm que ser conformes."
L012313.2022.RH4A,,"De acordo com o nº6 do artigo 69o do Decreto-Lei nº 236/98, de 1 de Agosto.De acordo com o Anexo I do Decreto-Lei n.º 152/97, de 19 de junho, com as alterações introduzidas pelos Decretos-Leis n.os 348/98, de 9 de novembro, 149/2004, de 22 de junho e 198/2008, de 8 de outubro: Verificação do n.º mínimo anual de amostras e verificação do n.º máximo de amostras não conformes e verificação do desvio aos valores paramétricos."
L009952.2020.RH5A,,"De acordo com o Anexo I do Decreto-Lei n.º 152/97, de 19 de junho, com as alterações introduzidas pelos Decretos-Leis n.os 348/98, de 9 de novembro, 149/2004, de 22 de junho e 198/2008, de 8 de outubro: Verificação do n.º mínimo anual de amostras e verificação do n.º máximo de amostras não conformes e verificação do desvio aos valores paramétricos."
L006833.2022.RH5A,,"De acordo com o nº6 do artigo 69o do Decreto-Lei nº 236/98, de 1 de Agosto."
L006774.2022.RH5A,,"De acordo com o nº6 do artigo 69o do Decreto-Lei nº 236/98, de 1 de Agosto."
L016581.2019.RH7,,"De acordo com o artigo 69.º do Decreto-Lei n.º 236/98, de 1 de agosto. Atendendo à origem das águas residuais e aos objetivos de qualidade definidos para a massa de água recetora, o número máximo anual de amostras que podem não ser conformes não pode exceder 1 (uma), para os parâmetros pH, CBO5, CQO e SST; para o parâmetro Óleos e gorduras todas as amostras têm que ser conformes."
L022935.2020.RH7,,"De acordo com o artigo 69.º do Decreto-Lei n.º 236/98, de 1 de agosto. Atendendo à origem das águas residuais e aos objetivos de qualidade definidos para a massa de água recetora, o número máximo anual de amostras que podem não ser conformes não pode exceder 1 (uma), para os parâmetros pH, CBO5 e CQO; para o parâmetro Óleos e gorduras todas as amostras têm que ser conformes."
L014425.2021.RH5A,,"De acordo com o nº6 do artigo 69o do Decreto-Lei nº 236/98, de 1 de Agosto.De acordo com o Anexo I do Decreto-Lei n.º 152/97, de 19 de junho, com as alterações introduzidas pelos Decretos-Leis n.os 348/98, de 9 de novembro, 149/2004, de 22 de junho e 198/2008, de 8 de outubro: Verificação do n.º mínimo anual de amostras e verificação do n.º máximo de amostras não conformes e verificação do desvio aos valores paramétricos."
L006787.2022.RH5A,,"De acordo com o nº6 do artigo 69o do Decreto-Lei nº 236/98, de 1 de Agosto."
L014558.2016.RH7,,"De acordo com o artigo 69.º do Decreto-Lei n.º 236/98, de 1 de agosto."
L015998.2021.RH5A,,"De acordo com o nº6 do artigo 69o do Decreto-Lei nº 236/98, de 1 de Agosto.De acordo com o Anexo I do Decreto-Lei n.º 152/97, de 19 de junho, com as alterações introduzidas pelos Decretos-Leis n.os 348/98, de 9 de novembro, 149/2004, de 22 de junho e 198/2008, de 8 de outubro: Verificação do n.º mínimo anual de amostras e verificação do n.º máximo de amostras não conformes e verificação do desvio aos valores paramétricos."
L012672.2013.RH6,,"De acordo com o artigo 69.º do Decreto-Lei n.º 236/98, de 1 de agosto."
L006065.2022.RH5A,,"De acordo com o nº6 do artigo 69o do Decreto-Lei nº 236/98, de 1 de Agosto.De acordo com o Anexo I do Decreto-Lei n.º 152/97, de 19 de junho, com as alterações introduzidas pelos Decretos-Leis n.os 348/98, de 9 de novembro, 149/2004, de 22 de junho e 198/2008, de 8 de outubro: Verificação do n.º mínimo anual de amostras e verificação do n.º máximo de amostras não conformes e verificação do desvio aos valores paramétricos."
L007292.2016.RH7,,"De acordo com o nº6 do artigo 69o do Decreto-Lei nº 236/98, de 1 de Agosto.De acordo com o Anexo I do Decreto-Lei n.º 152/97, de 19 de junho, com as alterações introduzidas pelos Decretos-Leis n.os 348/98, de 9 de novembro, 149/2004, de 22 de junho e 198/2008, de 8 de outubro: Verificação do n.º mínimo anual de amostras e verificação do n.º máximo de amostras não conformes e verificação do desvio aos valores paramétricos."
L004484.2022.RH5A,,"De acordo com o nº6 do artigo 69o do Decreto-Lei nº 236/98, de 1 de Agosto.De acordo com o Anexo I do Decreto-Lei n.º 152/97, de 19 de junho, com as alterações introduzidas pelos Decretos-Leis n.os 348/98, de 9 de novembro, 149/2004, de 22 de junho e 198/2008, de 8 de outubro: Verificação do n.º mínimo anual de amostras e verificação do n.º máximo de amostras não conformes e verificação do desvio aos valores paramétricos."
L021894.2021.RH5A,,"De acordo com o nº6 do artigo 69o do Decreto-Lei nº 236/98, de 1 de Agosto."
L012164.2022.RH4A,,"De acordo com o nº6 do artigo 69o do Decreto-Lei nº 236/98, de 1 de Agosto.De acordo com o Anexo I do Decreto-Lei n.º 152/97, de 19 de junho, com as alterações introduzidas pelos Decretos-Leis n.os 348/98, de 9 de novembro, 149/2004, de 22 de junho e 198/2008, de 8 de outubro: Verificação do n.º mínimo anual de amostras e verificação do n.º máximo de amostras não conformes e verificação do desvio aos valores paramétricos."
L007452.2022.RH5A,,"De acordo com o nº6 do artigo 69o do Decreto-Lei nº 236/98, de 1 de Agosto."
L027475.2023.RH3,,"De acordo com o Anexo I do Decreto-Lei n.º 152/97, de 19 de junho, com as alterações introduzidas pelos Decretos-Leis n.os 348/98, de 9 de novembro, 149/2004, de 22 de junho e 198/2008, de 8 de outubro: Verificação do n.º mínimo anual de amostras e verificação do n.º máximo de amostras não conformes e verificação do desvio aos valores paramétricos."
L006788.2022.RH5A,c,"De acordo com o nº6 do artigo 69o do Decreto-Lei nº 236/98, de 1 de Agosto."
L006788.2022.RH5A,d,"De acordo com o Anexo I do Decreto-Lei n.º 152/97, de 19 de junho, com as alterações introduzidas pelos Decretos-Leis n.os 348/98, de 9 de novembro, 149/2004, de 22 de junho e 198/2008, de 8 de outubro: Verificação do n.º mínimo anual de amostras e verificação do n.º máximo de amostras não conformes e verificação do desvio aos valores paramétricos."
L001583.2022.RH7,,"De acordo com a alínea D) do Anexo I do Decreto-Lei n.º 152/97, de 19 de junho, com as alterações introduzidas pelos Decretos-Leis n.os 348/98, de 9 de novembro, 149/2004, de 22 de junho, 198/2008, de 8 de outubro, 133/2015, de 13 de julho e 77/2021, de 27 de agosto, e o artigo 69.º do Decreto-Lei n.º 236/98, de 1 de agosto. Ver continuação (1) nas Observações."
L013173.2021.RH5A,,"De acordo com o nº6 do artigo 69o do Decreto-Lei nº 236/98, de 1 de Agosto.De acordo com o Anexo I do Decreto-Lei n.º 152/97, de 19 de junho, com as alterações introduzidas pelos Decretos-Leis n.os 348/98, de 9 de novembro, 149/2004, de 22 de junho e 198/2008, de 8 de outubro: Verificação do n.º mínimo anual de amostras e verificação do n.º máximo de amostras não conformes e verificação do desvio aos valores paramétricos."
L017446.2015.RH5,,"De acordo com o nº6 do artigo 69o do Decreto-Lei nº 236/98, de 1 de Agosto. Verificação do n.º mínimo anual de amostras e verificação do n.º máximo de amostras não conformes e verificação do desvio aos valores paramétricos."
L015577.2021.RH5A,,"De acordo com o nº6 do artigo 69o do Decreto-Lei nº 236/98, de 1 de Agosto.De acordo com o Anexo I do Decreto-Lei n.º 152/97, de 19 de junho, com as alterações introduzidas pelos Decretos-Leis n.os 348/98, de 9 de novembro, 149/2004, de 22 de junho e 198/2008, de 8 de outubro: Verificação do n.º mínimo anual de amostras e verificação do n.º máximo de amostras não conformes e verificação do desvio aos valores paramétricos."
L019811.2021.RH4A,,"De acordo com o nº6 do artigo 69o do Decreto-Lei nº 236/98, de 1 de Agosto.De acordo com o Anexo I do Decreto-Lei n.º 152/97, de 19 de junho, com as alterações introduzidas pelos Decretos-Leis n.os 348/98, de 9 de novembro, 149/2004, de 22 de junho e 198/2008, de 8 de outubro: Verificação do n.º mínimo anual de amostras e verificação do n.º máximo de amostras não conformes e verificação do desvio aos valores paramétricos."
L019779.2019.RH5A,,"De acordo com o Anexo I do Decreto-Lei n.º 152/97, de 19 de junho, com as alterações introduzidas pelos Decretos-Leis n.os 348/98, de 9 de novembro, 149/2004, de 22 de junho e 198/2008, de 8 de outubro: Verificação do n.º mínimo anual de amostras e verificação do n.º máximo de amostras não conformes e verificação do desvio aos valores paramétricos."
L070516.2025.RH7,,"De acordo com a alínea D) do Anexo I do Decreto-Lei n.º 152/97, de 19 de junho, com as alterações introduzidas pelos Decretos- Leis n.os 348/98, de 9 de novembro, 149/2004, de 22 de junho, e 198/2008, de 8 de outubro, e o artigo 69.º do Decreto-Lei n.º 236/98, de 1 de agosto. (*)"
L009802.2020.RH5A,,"De acordo com o Anexo I do Decreto-Lei n.º 152/97, de 19 de junho, com as alterações introduzidas pelos Decretos-Leis n.os 348/98, de 9 de novembro, 149/2004, de 22 de junho e 198/2008, de 8 de outubro: Verificação do n.º mínimo anual de amostras e verificação do n.º máximo de amostras não conformes e verificação do desvio aos valores paramétricos."
L011852.2021.RH4A,,"De acordo com o nº6 do artigo 69o do Decreto-Lei nº 236/98, de 1 de Agosto.De acordo com o Anexo I do Decreto-Lei n.º 152/97, de 19 de junho, com as alterações introduzidas pelos Decretos-Leis n.os 348/98, de 9 de novembro, 149/2004, de 22 de junho e 198/2008, de 8 de outubro: Verificação do n.º mínimo anual de amostras e verificação do n.º máximo de amostras não conformes e verificação do desvio aos valores paramétricos."
L004164.2021.RH7,,"De acordo com o artigo 69.º do Decreto-Lei n.º 236/98, de 1 de agosto. Atendendo à origem das águas residuais e aos objetivos de qualidade definidos para a massa de água recetora, o número máximo anual de amostras que podem não ser conformes não pode exceder 2 (duas) para os parâmetros pH, CBO5 e CQO. Para o parâmetro Óleos e Gorduras o número máximo anual de amostras que podem não ser conformes não pode exceder 1 (uma)."
L012288.2022.RH4A,,"De acordo com o nº6 do artigo 69o do Decreto-Lei nº 236/98, de 1 de Agosto.De acordo com o Anexo I do Decreto-Lei n.º 152/97, de 19 de junho, com as alterações introduzidas pelos Decretos-Leis n.os 348/98, de 9 de novembro, 149/2004, de 22 de junho e 198/2008, de 8 de outubro: Verificação do n.º mínimo anual de amostras e verificação do n.º máximo de amostras não conformes e verificação do desvio aos valores paramétricos."
L007547.2022.RH5A,,"De acordo com o nº6 do artigo 69o do Decreto-Lei nº 236/98, de 1 de Agosto."
L007581.2022.RH5A,,"De acordo com o nº6 do artigo 69o do Decreto-Lei nº 236/98, de 1 de Agosto."
L005857.2021.RH5A,,"De acordo com o Anexo I do Decreto-Lei n.º 152/97, de 19 de junho, com as alterações introduzidas pelos Decretos-Leis n.os 348/98, de 9 de novembro, 149/2004, de 22 de junho e 198/2008, de 8 de outubro: Verificação do n.º mínimo anual de amostras e verificação do n.º máximo de amostras não conformes e verificação do desvio aos valores paramétricos."
L018843.2022.RH4A,,"De acordo com o nº6 do artigo 69o do Decreto-Lei nº 236/98, de 1 de Agosto.De acordo com o Anexo I do Decreto-Lei n.º 152/97, de 19 de junho, com as alterações introduzidas pelos Decretos-Leis n.os 348/98, de 9 de novembro, 149/2004, de 22 de junho e 198/2008, de 8 de outubro: Verificação do n.º mínimo anual de amostras e verificação do n.º máximo de amostras não conformes e verificação do desvio aos valores paramétricos."
L020482.2021.RH5A,,"De acordo com o nº6 do artigo 69o do Decreto-Lei nº 236/98, de 1 de Agosto.De acordo com o Anexo I do Decreto-Lei n.º 152/97, de 19 de junho, com as alterações introduzidas pelos Decretos-Leis n.os 348/98, de 9 de novembro, 149/2004, de 22 de junho e 198/2008, de 8 de outubro: Verificação do n.º mínimo anual de amostras e verificação do n.º máximo de amostras não conformes e verificação do desvio aos valores paramétricos."
L012133.2022.RH4A,,"De acordo com o nº6 do artigo 69o do Decreto-Lei nº 236/98, de 1 de Agosto.De acordo com o Anexo I do Decreto-Lei n.º 152/97, de 19 de junho, com as alterações introduzidas pelos Decretos-Leis n.os 348/98, de 9 de novembro, 149/2004, de 22 de junho e 198/2008, de 8 de outubro: Verificação do n.º mínimo anual de amostras e verificação do n.º máximo de amostras não conformes e verificação do desvio aos valores paramétricos."
L015394.2021.RH5A,,"De acordo com o nº6 do artigo 69o do Decreto-Lei nº 236/98, de 1 de Agosto.De acordo com o Anexo I do Decreto-Lei n.º 152/97, de 19 de junho, com as alterações introduzidas pelos Decretos-Leis n.os 348/98, de 9 de novembro, 149/2004, de 22 de junho e 198/2008, de 8 de outubro: Verificação do n.º mínimo anual de amostras e verificação do n.º máximo de amostras não conformes e verificação do desvio aos valores paramétricos."
L012296.2022.RH4A,,"De acordo com o nº6 do artigo 69o do Decreto-Lei nº 236/98, de 1 de Agosto.De acordo com o Anexo I do Decreto-Lei n.º 152/97, de 19 de junho, com as alterações introduzidas pelos Decretos-Leis n.os 348/98, de 9 de novembro, 149/2004, de 22 de junho e 198/2008, de 8 de outubro: Verificação do n.º mínimo anual de amostras e verificação do n.º máximo de amostras não conformes e verificação do desvio aos valores paramétricos."
L018830.2022.RH4A,,"De acordo com o nº6 do artigo 69o do Decreto-Lei nº 236/98, de 1 de Agosto.De acordo com o Anexo I do Decreto-Lei n.º 152/97, de 19 de junho, com as alterações introduzidas pelos Decretos-Leis n.os 348/98, de 9 de novembro, 149/2004, de 22 de junho e 198/2008, de 8 de outubro: Verificação do n.º mínimo anual de amostras e verificação do n.º máximo de amostras não conformes e verificação do desvio aos valores paramétricos."
L012280.2022.RH4A,,"De acordo com o nº6 do artigo 69o do Decreto-Lei nº 236/98, de 1 de Agosto.De acordo com o Anexo I do Decreto-Lei n.º 152/97, de 19 de junho, com as alterações introduzidas pelos Decretos-Leis n.os 348/98, de 9 de novembro, 149/2004, de 22 de junho e 198/2008, de 8 de outubro: Verificação do n.º mínimo anual de amostras e verificação do n.º máximo de amostras não conformes e verificação do desvio aos valores paramétricos."
L003584.2021.RH7,,"De acordo com o artigo 69.º do Decreto-Lei n.º 236/98, de 1 de agosto. Atendendo à origem das águas residuais e aos objetivos de qualidade definidos para a massa de água recetora, o número máximo anual de amostras que podem não ser conformes não pode exceder 2 (duas) para os parâmetros pH, CBO5, CQO e SST; para o parâmetro Óleos e gorduras todas as amostras têm que ser conformes."
L025551.2023.RH7,,"De acordo com o artigo 69.º do Decreto-Lei n.º 236/98, de 1 de agosto. Atendendo à origem das águas residuais e aos objetivos de qualidade definidos para a massa de água recetora, o número máximo anual de amostras que podem não ser conformes não pode exceder uma, para os parâmetros pH, CBO5, CQO e SST; para o parâmetro Óleos e gorduras todas as amostras têm de ser conformes."
L018295.2018.RH7,,"De acordo com o nº6 do artigo 69o do Decreto-Lei nº 236/98, de 1 de Agosto.De acordo com o Anexo I do Decreto-Lei n.º 152/97, de 19 de junho, com as alterações introduzidas pelos Decretos-Leis n.os 348/98, de 9 de novembro, 149/2004, de 22 de junho e 198/2008, de 8 de outubro: Verificação do n.º mínimo anual de amostras e verificação do n.º máximo de amostras não conformes e verificação do desvio aos valores paramétricos."
L020612.2018.RH6,,"De acordo com o artigo 69.º do Decreto-Lei n.º 236/98, de 1 de agosto. Atendendo à origem das águas residuais e aos objetivos de qualidade definidos para a massa de água recetora, o número máximo anual de amostras que podem não ser conformes não pode exceder 1 (uma)."
L027844.2023.RH7,,"De acordo com o artigo 69.º do Decreto-Lei n.º 236/98, de 1 de agosto. Atendendo à origem das águas residuais e aos objetivos de qualidade definidos para a massa de água recetora, o número máximo anual de amostras que podem não ser conformes não pode exceder uma, para os parâmetros pH, CBO5, CQO e SST; para o parâmetro Óleos e Gorduras todas as amostras têm de ser conformes."
L020167.2020.RH5A,,"De acordo com o Anexo I do Decreto-Lei n.º 152/97, de 19 de junho, com as alterações introduzidas pelos Decretos-Leis n.os 348/98, de 9 de novembro, 149/2004, de 22 de junho e 198/2008, de 8 de outubro: Verificação do n.º mínimo anual de amostras e verificação do n.º máximo de amostras não conformes e verificação do desvio aos valores paramétricos."
L007587.2022.RH5A,,"De acordo com o nº6 do artigo 69o do Decreto-Lei nº 236/98, de 1 de Agosto."
L023256.2020.RH7,,"De acordo com o artigo 69.º do Decreto-Lei n.º 236/98, de 1 de agosto. Atendendo à origem das águas residuais e aos objetivos de qualidade definidos para a massa de água recetora, o número máximo anual de amostras que podem não ser conformes não pode exceder 1 (uma), para os parâmetros pH, CBO5 e CQO; para o parâmetro Óleos e gorduras todas as amostras têm que ser conformes."
L011845.2021.RH4A,,"De acordo com o nº6 do artigo 69o do Decreto-Lei nº 236/98, de 1 de Agosto.De acordo com o Anexo I do Decreto-Lei n.º 152/97, de 19 de junho, com as alterações introduzidas pelos Decretos-Leis n.os 348/98, de 9 de novembro, 149/2004, de 22 de junho e 198/2008, de 8 de outubro: Verificação do n.º mínimo anual de amostras e verificação do n.º máximo de amostras não conformes e verificação do desvio aos valores paramétricos."
L006353.2022.RH4A,,"De acordo com o nº6 do artigo 69o do Decreto-Lei nº 236/98, de 1 de Agosto.De acordo com o Anexo I do Decreto-Lei n.º 152/97, de 19 de junho, com as alterações introduzidas pelos Decretos-Leis n.os 348/98, de 9 de novembro, 149/2004, de 22 de junho e 198/2008, de 8 de outubro: Verificação do n.º mínimo anual de amostras e verificação do n.º máximo de amostras não conformes e verificação do desvio aos valores paramétricos."
L004545.2019.RH5A,,"De acordo com o nº6 do artigo 69o do Decreto-Lei nº 236/98, de 1 de Agosto.De acordo com o Anexo I do Decreto-Lei n.º 152/97, de 19 de junho, com as alterações introduzidas pelos Decretos-Leis n.os 348/98, de 9 de novembro, 149/2004, de 22 de junho e 198/2008, de 8 de outubro: Verificação do n.º mínimo anual de amostras e verificação do n.º máximo de amostras não conformes e verificação do desvio aos valores paramétricos."
L000186.2019.RH7,,"De acordo com a alínea D) do Anexo I do Decreto-Lei n.º 152/97, de 19 de junho, com as alterações introduzidas pelos Decretos-Leis n.os 348/98, de 9 de novembro, 149/2004, de 22 de junho, 198/2008, de 8 de outubro e 133/2015, de 13 de julho, e o artigo 69.º do Decreto-Lei n.º 236/98, de 1 de agosto. Ver (1) nas Observações."
L007592.2022.RH5A,,"De acordo com o nº6 do artigo 69o do Decreto-Lei nº 236/98, de 1 de Agosto."
L006103.2022.RH5A,,"De acordo com o nº6 do artigo 69o do Decreto-Lei nº 236/98, de 1 de Agosto."
L005341.2021.RH5A,,"De acordo com o Anexo I do Decreto-Lei n.º 152/97, de 19 de junho, com as alterações introduzidas pelos Decretos-Leis n.os 348/98, de 9 de novembro, 149/2004, de 22 de junho e 198/2008, de 8 de outubro: Verificação do n.º mínimo anual de amostras e verificação do n.º máximo de amostras não conformes e verificação do desvio aos valores paramétricos."
L018903.2022.RH4A,,"De acordo com o nº6 do artigo 69o do Decreto-Lei nº 236/98, de 1 de Agosto.De acordo com o Anexo I do Decreto-Lei n.º 152/97, de 19 de junho, com as alterações introduzidas pelos Decretos-Leis n.os 348/98, de 9 de novembro, 149/2004, de 22 de junho e 198/2008, de 8 de outubro: Verificação do n.º mínimo anual de amostras e verificação do n.º máximo de amostras não conformes e verificação do desvio aos valores paramétricos."
L006552.2021.RH5A,,"De acordo com o Anexo I do Decreto-Lei n.º 152/97, de 19 de junho, com as alterações introduzidas pelos Decretos-Leis n.os 348/98, de 9 de novembro, 149/2004, de 22 de junho e 198/2008, de 8 de outubro: Verificação do n.º mínimo anual de amostras e verificação do n.º máximo de amostras não conformes e verificação do desvio aos valores paramétricos."
L016718.2019.RH7,,"De acordo com o artigo 69.º do Decreto-Lei n.º 236/98, de 1 de agosto. Atendendo à origem das águas residuais e aos objetivos de qualidade definidos para a massa de água recetora, o número máximo anual de amostras que podem não ser conformes não pode exceder 1 (uma), para os parâmetros pH, CBO5, CQO e SST; para o parâmetro Óleos e gorduras todas as amostras têm que ser conformes."
L014500.2016.RH7,,"De acordo com o artigo 69.º do Decreto-Lei n.º 236/98, de 1 de agosto."
L018889.2022.RH4A,,"De acordo com o nº6 do artigo 69o do Decreto-Lei nº 236/98, de 1 de Agosto.De acordo com o Anexo I do Decreto-Lei n.º 152/97, de 19 de junho, com as alterações introduzidas pelos Decretos-Leis n.os 348/98, de 9 de novembro, 149/2004, de 22 de junho e 198/2008, de 8 de outubro: Verificação do n.º mínimo anual de amostras e verificação do n.º máximo de amostras não conformes e verificação do desvio aos valores paramétricos."
L019949.2022.RH4A,,"De acordo com o nº6 do artigo 69o do Decreto-Lei nº 236/98, de 1 de Agosto.De acordo com o Anexo I do Decreto-Lei n.º 152/97, de 19 de junho, com as alterações introduzidas pelos Decretos-Leis n.os 348/98, de 9 de novembro, 149/2004, de 22 de junho e 198/2008, de 8 de outubro: Verificação do n.º mínimo anual de amostras e verificação do n.º máximo de amostras não conformes e verificação do desvio aos valores paramétricos."
L005974.2022.RH5A,,"De acordo com o nº6 do artigo 69o do Decreto-Lei nº 236/98, de 1 de Agosto.De acordo com o Anexo I do Decreto-Lei n.º 152/97, de 19 de junho, com as alterações introduzidas pelos Decretos-Leis n.os 348/98, de 9 de novembro, 149/2004, de 22 de junho e 198/2008, de 8 de outubro: Verificação do n.º mínimo anual de amostras e verificação do n.º máximo de amostras não conformes e verificação do desvio aos valores paramétricos."
L021717.2021.RH4A,,"De acordo com o nº6 do artigo nº 69 do Decreto-Lei nº 236/98, de 1 de agosto. De acordo com o Anexo I do Decreto-Lei n.º 152/97, de 19 de junho, com as alterações introduzidas pelos Decretos-Lei n.º 348/98, de 9 de novembro, 149/2004, de 22 de junho e 198/2008, de 8 de outubro: Verificação do n.º mínimo anual de amostras, verificação do n.º máximo de amostras não conformes e verificação do desvio aos valores paramétricos."
L018835.2022.RH4A,,"De acordo com o nº6 do artigo 69o do Decreto-Lei nº 236/98, de 1 de Agosto.De acordo com o Anexo I do Decreto-Lei n.º 152/97, de 19 de junho, com as alterações introduzidas pelos Decretos-Leis n.os 348/98, de 9 de novembro, 149/2004, de 22 de junho e 198/2008, de 8 de outubro: Verificação do n.º mínimo anual de amostras e verificação do n.º máximo de amostras não conformes e verificação do desvio aos valores paramétricos."
L012199.2022.RH4A,,"De acordo com o nº6 do artigo 69o do Decreto-Lei nº 236/98, de 1 de Agosto.De acordo com o Anexo I do Decreto-Lei n.º 152/97, de 19 de junho, com as alterações introduzidas pelos Decretos-Leis n.os 348/98, de 9 de novembro, 149/2004, de 22 de junho e 198/2008, de 8 de outubro: Verificação do n.º mínimo anual de amostras e verificação do n.º máximo de amostras não conformes e verificação do desvio aos valores paramétricos."
L006777.2022.RH5A,,"De acordo com o nº6 do artigo 69o do Decreto-Lei nº 236/98, de 1 de Agosto."
L014609.2016.RH6,,"De acordo com a alínea D) do Anexo I do Decreto-Lei n.º 152/97, de 19 de junho, com as alterações introduzidas pelos Decretos-Leis n.os 348/98, de 9 de novembro, 149/2004, de 22 de junho, e 198/2008, de 8 de outubro, e o artigo 69.º do Decreto-Lei n.º 236/98, de 1 de agosto."
