Nº Licença,Código,Legislação aplicável
L042645.2023.RH4A,a,"Anexo XVIII do Decreto-Lei nº 236/98, de 1 de agosto"
L042645.2023.RH4A,b,"Decreto-Lei nº 152/97, de 19 de junho."
L007112.2021.RH7,a,"Anexo XVIII do Decreto-Lei n.º 236/98, de 1 de agosto."
L007112.2021.RH7,b,"Anexo I do Decreto-Lei n.º 152/97, de 19 de junho, com as alterações introduzidas pelos Decretos-Leis n.ºs 348/98, de 9 de novembro, 149/2004, de 22 de junho, 198/2008, de 8 de outubro e 133/2015, de 13 de julho (Quadro 1)."
L006768.2022.RH5A,a,"Anexo XVIII do Decreto-Lei nº 236/98, de 1 de agosto"
L005299.2017.RH7,a,"Anexo XVIII do Decreto-Lei n.º 236/98, de 1 de agosto."
L021000.2021.RH4A,a,"Anexo XVIII do Decreto-Lei nº 236/98, de 1 de agosto."
L016823.2019.RH7,a,"Anexo XVIII do Decreto-Lei n.º 236/98, de 1 de agosto."
L012771.2019.RH7,a,"Anexo XVIII do Decreto-Lei n.º 236/98, de 1 de agosto."
L010844.2021.RH5A,a,"Anexo XVIII do Decreto-Lei nº 236/98, de 1 de agosto"
L009856.2021.RH3,a,"Anexo XVIII do Decreto-Lei nº 236/98, de 1 de agosto."
L002179.2021.RH7,a,"Anexo XVIII do Decreto-Lei nº 236/98, de 1 de agosto."
L002179.2021.RH7,b,Valor definido tendo em vista o bom estado da massa de água recetora e a manutenção dos usos dessa massa de água.
L000060.2022.RH4A,a,"Anexo XVIII do Decreto-Lei nº 236/98, de 1 de agosto."
L007542.2022.RH5A,a,"Anexo XVIII do Decreto-Lei nº 236/98, de 1 de agosto"
L011912.2016.RH7,a,"Anexo XVIII do Decreto-Lei n.º 236/98, de 1 de agosto; Anexo XVIII do Decreto-Lei n.º 236/98, de 1 de agosto;"
L011912.2016.RH7,b,"Anexo I do Decreto-Lei n.º 152/97, de 19 de junho, com as alterações introduzidas pelos Decretos-Leis n.os 348/98, de 9 de novembro, 149/2004, de 22 de junho, e 198/2008, de 8 de outubro (Quadro n.º 1); Valor definido tendo em vista o bom estado da massa de água recetora e a manutenção dos usos dessa massa de água."
L011912.2016.RH7,c,Valor definido tendo em vista o bom estado da massa de água recetora e a manutenção dos usos dessa massa de água.
L006730.2022.RH5A,a,"Anexo XVIII do Decreto-Lei nº 236/98, de 1 de agosto"
L007497.2022.RH5A,a,"Anexo XVIII do Decreto-Lei nº 236/98, de 1 de agosto"
L006837.2022.RH5A,a,"Anexo XVIII do Decreto-Lei nº 236/98, de 1 de agosto"
L005951.2022.RH5A,a,"Anexo XVIII do Decreto-Lei nº 236/98, de 1 de agosto."
L000894.2021.RH7,a,"Anexo XVIII do Decreto-Lei n.º 236/98, de 1 de agosto."
L003861.2014.RH6,a,"Anexo XVIII do Decreto-Lei nº 236/98, de 1 de agosto"
L000801.2021.RH7,a,"Anexo XVIII do Decreto-Lei n.º 236/98, de 1 de agosto."
L009075.2018.RH7,a,"Anexo XVIII do Decreto-Lei nº 236/98, de 1 de agosto Anexo XVIII do Decreto-Lei nº 236/98, de 1 de agosto"
L009075.2018.RH7,b,"Decreto-Lei nº 152/97, de 19 de junho Decreto-Lei nº 152/97, de 19 de junho"
L009075.2018.RH7,c,"Época de estiagem: 1 de junho a 30 de setembro. No entanto, sempre que as condições meteorológicas o exigirem, poderá a mesma ser alterada após comunicação da entidade licenciadora Época de estiagem: 1 de junho a 30 de setembro. No entanto, sempre que as condições meteorológicas o exigirem, poderá a mesma ser alterada após comunicação da entidade licenciadora"
L009075.2018.RH7,d,BREF STM BREF STM
L006737.2022.RH5A,a,"Anexo XVIII do Decreto-Lei nº 236/98, de 1 de agosto"
L006737.2022.RH5A,b,Época Balnear
L005347.2021.RH5A,a,"Anexo XVIII do Decreto-Lei nº 236/98, de 1 de agosto"
L005347.2021.RH5A,b,"Decreto-Lei nº 152/97, de 19 de junho"
L005347.2021.RH5A,c,"Abordagem combinada conforme descrita no art.º 53.º, da Lei n.º 58/2005, de 29 de dezembro."
L006858.2022.RH5A,a,"Anexo XVIII do Decreto-Lei nº 236/98, de 1 de agosto"
L004532.2014.RH6,a,"Anexo XVIII do Decreto-Lei n.º 236/98, de 1 de agosto."
L000928.2018.RH7,b,"Decreto-Lei n.º 152/97, de 19 de junho, com as alterações introduzidas pelos Decretos-Leis n.ºs 348/98, de 9 de novembro, 149/2004, de 22 de junho, 198/2008, de 8 de outubro e 133/2015, de 13 de julho (Quadro 1)."
L016490.2019.RH7,a,"Anexo XVIII do Decreto-Lei n.º 236/98, de 1 de agosto."
L015829.2021.RH4A,a,"Anexo XVIII do Decreto-Lei nº 236/98, de 1 de agosto."
L009953.2020.RH5A,a,"Anexo XVIII do Decreto-Lei nº 236/98, de 1 de agosto"
L009953.2020.RH5A,b,"Decreto-Lei nº 152/97, de 19 de junho"
L009953.2020.RH5A,c,"Época de estiagem: 1 de junho a 30 de setembro. No entanto, sempre que as condições meteorológicas o exigirem, poderá a mesma ser alterada após comunicação da entidade licenciadora"
L009953.2020.RH5A,d,BREF STM
L009097.2020.RH7,a,"Anexo XVIII do Decreto-Lei n.º 236/98, de 1 de agosto."
L009097.2020.RH7,b,"Anexo I do Decreto-Lei n.º 152/97, de 19 de junho, com as alterações introduzidas pelos Decretos-Leis n.os 348/98, de 9 de novembro, 149/2004, de 22 de junho, 198/2008, de 8 de outubro e 133/2015, de 13 de julho (Quadro n.º 1). (*) A concentração do total de partículas sólidas em suspensão em amostras não filtradas não poderá exceder 150 mg/l."
L009098.2020.RH7,a,"Anexo XVIII do Decreto-Lei n.º 236/98, de 1 de agosto."
L009098.2020.RH7,b,"Anexo I do Decreto-Lei n.º 152/97, de 19 de junho, com as alterações introduzidas pelos Decretos-Leis n.os 348/98, de 9 de novembro, 149/2004, de 22 de junho, 198/2008, de 8 de outubro e 133/2015, de 13 de julho (Quadro n.º 1). (*) A concentração do total de partículas sólidas em suspensão em amostras não filtradas não poderá exceder 150 mg/l."
L018980.2022.RH4A,a,"Anexo XVIII do Decreto-Lei nº 236/98, de 1 de agosto."
L007500.2022.RH5A,a,"Anexo XVIII do Decreto-Lei nº 236/98, de 1 de agosto"
L007500.2022.RH5A,b,"Decreto-Lei nº 152/97, de 19 de junho"
L007500.2022.RH5A,c,"Abordagem combinada conforme descrita no art.º 53º, da Lei nº 58/2005, de 29 de dezembro"
L019877.2018.RH6,a,"Anexo XVIII do Decreto-Lei n.º 236/98, de 1 de agosto."
L024352.2020.RH5A,a,"Anexo XVIII do Decreto-Lei nº 236/98, de 1 de agosto Anexo XVIII do Decreto-Lei nº 236/98, de 1 de agosto"
L024352.2020.RH5A,b,"Decreto-Lei nº 152/97, de 19 de junho Decreto-Lei nº 152/97, de 19 de junho"
L006726.2022.RH5A,a,"Anexo XVIII do Decreto-Lei nº 236/98, de 1 de agosto"
L012302.2022.RH4A,a,"Anexo XVIII do Decreto-Lei nº 236/98, de 1 de agosto."
L021799.2021.RH4A,a,"Anexo XVIII do Decreto-Lei nº 236/98, de 1 de agosto."
L001865.2014.RH5,a,"Anexo XVIII do Decreto-Lei nº 236/98, de 1 de agosto Anexo XVIII do Decreto-Lei nº 236/98, de 1 de agosto"
L001865.2014.RH5,b,"Decreto-Lei nº 152/97, de 19 de junho. Decreto-Lei nº 152/97, de 19 de junho"
L010284.2022.RH4A,a,"Anexo XVIII do Decreto-Lei nº 236/98, de 1 de agosto."
L007422.2022.RH5A,a,"Anexo XVIII do Decreto-Lei nº 236/98, de 1 de agosto"
L007422.2022.RH5A,b,"Decreto-Lei nº 152/97, de 19 de junho"
L016354.2019.RH7,a,"Anexo XVIII do Decreto-Lei n.º 236/98, de 1 de agosto."
L003050.2014.RH7,a,"Anexo XVIII do Decreto-Lei n.º 236/98, de 1 de agosto."
L019966.2022.RH4A,a,"Anexo XVIII do Decreto-Lei nº 236/98, de 1 de agosto."
L019241.2021.RH7,a,"Anexo I do Decreto-Lei n.º 152/97, de 19 de junho, com as alterações introduzidas pelos Decretos-Leis n.ºs 348/98, de 9 de novembro, 149/2004, de 22 de junho, 198/2008, de 8 de outubro, 133/2015, de 13 de julho e 77/2021, de 27 de agosto (Quadros n.ºs 1 e 2)."
L019241.2021.RH7,b,"Anexo XVIII do Decreto-Lei n.º 236/98, de 1 de agosto."
L019241.2021.RH7,c,Valor definido tendo em vista o bom estado da massa de água recetora e a manutenção dos usos dessa massa de água.
L013710.2021.RH5A,a,"Anexo XVIII do Decreto-Lei nº 236/98, de 1 de agosto"
L013710.2021.RH5A,b,"Decreto-Lei nº 152/97, de 19 de junho"
L013710.2021.RH5A,c,"Época de estiagem: 1 de junho a 30 de setembro. No entanto, sempre que as condições meteorológicas o exigirem, poderá a mesma ser alterada após comunicação da entidade licenciadora"
L013710.2021.RH5A,d,"Abordagem combinada conforme descrita no art.º 53.º, da Lei n.º 58/2005, de 29 de dezembro."
L007525.2022.RH5A,a,"Anexo XVIII do Decreto-Lei nº 236/98, de 1 de agosto"
L001091.2014.RH7,a,"Anexo XVIII do Decreto-Lei n.º 236/98, de 1 de agosto"
L012142.2022.RH4A,a,"Anexo XVIII do Decreto-Lei nº 236/98, de 1 de agosto."
L010179.2021.RH4A,a,"Anexo XVIII do Decreto-Lei nº 236/98, de 1 de agosto"
L010179.2021.RH4A,b,"Decreto-Lei nº 152/97, de 19 de junho."
L006127.2022.RH5A,a,"Anexo XVIII do Decreto-Lei nº 236/98, de 1 de agosto"
L006128.2022.RH5A,a,"Anexo XVIII do Decreto-Lei nº 236/98, de 1 de agosto"
L006090.2021.RH5A,a,"Anexo XVIII do Decreto-Lei nº 236/98, de 1 de agosto"
L019546.2018.RH5A,a,"Anexo XVIII do Decreto-Lei nº 236/98, de 1 de agosto"
L019546.2018.RH5A,b,"Decreto-Lei nº 152/97, de 19 de junho"
L019546.2018.RH5A,c,"Época de estiagem: 1 de junho a 30 de setembro. No entanto, sempre que as condições meteorológicas o exigirem, poderá a mesma ser alterada após comunicação da entidade licenciadora"
L019546.2018.RH5A,d,BREF STM
L004199.2017.RH7,a,"Anexo XVIII do Decreto-Lei n.º 236/98, de 1 de agosto."
L021840.2021.RH4A,a,"Anexo XVIII do Decreto-Lei nº 236/98, de 1 de agosto."
L010196.2021.RH4A,a,"Anexo XVIII do Decreto-Lei nº 236/98, de 1 de agosto."
L020748.2021.RH4A,a,"Anexo XVIII do Decreto-Lei nº 236/98, de 1 de agosto."
L010659.2020.RH5A,a,"Anexo XVIII do Decreto-Lei nº 236/98, de 1 de agosto"
L010659.2020.RH5A,b,"Decreto-Lei nº 152/97, de 19 de junho"
L010659.2020.RH5A,c,"Época de estiagem: 1 de junho a 30 de setembro. No entanto, sempre que as condições meteorológicas o exigirem, poderá a mesma ser alterada após comunicação da entidade licenciadora"
L010659.2020.RH5A,d,BREF STM
L009735.2020.RH5A,a,"Anexo XVIII do Decreto-Lei nº 236/98, de 1 de agosto"
L009735.2020.RH5A,b,"Decreto-Lei nº 152/97, de 19 de junho"
L009735.2020.RH5A,c,"Época de estiagem: 1 de junho a 30 de setembro. No entanto, sempre que as condições meteorológicas o exigirem, poderá a mesma ser alterada após comunicação da entidade licenciadora"
L009735.2020.RH5A,d,BREF STM
L019026.2021.RH5A,a,"Anexo XVIII do Decreto-Lei nº 236/98, de 1 de agosto"
L020502.2021.RH5A,a,"Anexo XVIII do Decreto-Lei nº 236/98, de 1 de agosto"
L020502.2021.RH5A,b,"Decreto-Lei nº 152/97, de 19 de junho."
L020002.2021.RH5A,a,"Anexo XVIII do Decreto-Lei nº 236/98, de 1 de agosto"
L020002.2021.RH5A,b,"Decreto-Lei nº 152/97, de 19 de junho"
L020002.2021.RH5A,c,"Época de estiagem: 1 de junho a 30 de setembro. No entanto, sempre que as condições meteorológicas o exigirem, poderá a mesma ser alterada após comunicação da entidade licenciadora"
L020002.2021.RH5A,d,BREF STM
L009723.2020.RH5A,a,"Anexo XVIII do Decreto-Lei nº 236/98, de 1 de agosto"
L009723.2020.RH5A,b,"Decreto-Lei nº 152/97, de 19 de junho"
L009723.2020.RH5A,c,"Época de estiagem: 1 de junho a 30 de setembro. No entanto, sempre que as condições meteorológicas o exigirem, poderá a mesma ser alterada após comunicação da entidade licenciadora"
L009723.2020.RH5A,d,BREF STM
L015838.2021.RH4A,a,"Anexo XVIII do Decreto-Lei nº 236/98, de 1 de agosto."
L016441.2019.RH7,a,"Anexo XVIII do Decreto-Lei n.º 236/98, de 1 de agosto."
L012313.2022.RH4A,a,"Anexo XVIII do Decreto-Lei nº 236/98, de 1 de agosto."
L009952.2020.RH5A,a,"Anexo XVIII do Decreto-Lei nº 236/98, de 1 de agosto"
L009952.2020.RH5A,b,"Decreto-Lei nº 152/97, de 19 de junho"
L009952.2020.RH5A,c,"Época de estiagem: 1 de junho a 30 de setembro. No entanto, sempre que as condições meteorológicas o exigirem, poderá a mesma ser alterada após comunicação da entidade licenciadora"
L009952.2020.RH5A,d,BREF STM
L006833.2022.RH5A,a,"Anexo XVIII do Decreto-Lei nº 236/98, de 1 de agosto"
L006774.2022.RH5A,a,"Anexo XVIII do Decreto-Lei nº 236/98, de 1 de agosto"
L016581.2019.RH7,a,"Anexo XVIII do Decreto-Lei n.º 236/98, de 1 de agosto."
L022935.2020.RH7,a,"Anexo XVIII do Decreto-Lei n.º 236/98, de 1 de agosto."
L014425.2021.RH5A,a,"Anexo XVIII do Decreto-Lei nº 236/98, de 1 de agosto"
L014425.2021.RH5A,b,"Decreto-Lei nº 152/97, de 19 de junho"
L006787.2022.RH5A,a,"Anexo XVIII do Decreto-Lei nº 236/98, de 1 de agosto"
L015998.2021.RH5A,a,"Anexo XVIII do Decreto-Lei nº 236/98, de 1 de agosto"
L012672.2013.RH6,a,"Anexo XVIII do Decreto-Lei n.º 236/98, de 1 de agosto; Anexo XVIII do Decreto-Lei n.º 236/98, de 1 de agosto;"
L012672.2013.RH6,b,"Anexo I do Decreto-Lei n.º 152/97, de 19 de junho, com as alterações introduzidas pelos Decretos-Leis n.os 348/98, de 9 de novembro, 149/2004, de 22 de junho, e 198/2008, de 8 de outubro (Quadros n.os 1 e 2); Valor definido tendo em vista o bom estado da massa de água recetora e a manutenção dos usos dessa massa de água."
L012672.2013.RH6,c,Valor definido tendo em vista o bom estado da massa de água recetora e a manutenção dos usos dessa massa de água.
L006065.2022.RH5A,a,"Anexo XVIII do Decreto-Lei nº 236/98, de 1 de agosto."
L007292.2016.RH7,a,"Anexo XVIII do Decreto-Lei nº 236/98, de 1 de agosto"
L007292.2016.RH7,b,"Decreto-Lei nº 152/97, de 19 de junho"
L007292.2016.RH7,c,"Época de estiagem: 1 de junho a 30 de setembro. No entanto, sempre que as condições meteorológicas o exigirem, poderá a mesma ser alterada após comunicação da entidade licenciadora"
L007292.2016.RH7,d,BREF STM
L004484.2022.RH5A,a,"Anexo XVIII do Decreto-Lei nº 236/98, de 1 de agosto"
L004484.2022.RH5A,b,"Decreto-Lei nº 152/97, de 19 de junho."
L021894.2021.RH5A,a,"Anexo XVIII do Decreto-Lei nº 236/98, de 1 de agosto"
L012164.2022.RH4A,a,"Anexo XVIII do Decreto-Lei nº 236/98, de 1 de agosto."
L007452.2022.RH5A,a,"Anexo XVIII do Decreto-Lei nº 236/98, de 1 de agosto"
L027475.2023.RH3,b,"Decreto-Lei nº 152/97, de 19 de junho"
L027475.2023.RH3,c,"Época de estiagem: 1 de junho a 30 de setembro. No entanto, sempre que as condições meteorológicas o exigirem, poderá a mesma ser alterada após comunicação da entidade licenciadora."
L006788.2022.RH5A,a,"Anexo XVIII do Decreto-Lei nº 236/98, de 1 de agosto"
L006788.2022.RH5A,b,"Decreto-Lei nº 152/97, de 19 de junho"
L001583.2022.RH7,a,"Anexo XVIII do Decreto-Lei n.º 236/98, de 1 de agosto."
L001583.2022.RH7,b,"Anexo I do Decreto-Lei n.º 152/97, de 19 de junho, com as alterações introduzidas pelos Decretos-Leis n.os 348/98, de 9 de novembro, 149/2004, de 22 de junho, 198/2008, de 8 de outubro, 133/2015, de 13 de julho e 77/2021, de 27 de agosto (Quadro n.º 1). (*) A concentração do total de partículas sólidas em suspensão em amostras não filtradas não poderá exceder 150 mg/l."
L013173.2021.RH5A,a,"Anexo XVIII do Decreto-Lei nº 236/98, de 1 de agosto"
L013173.2021.RH5A,b,"Decreto-Lei nº 152/97, de 19 de junho"
L013173.2021.RH5A,c,"Época de estiagem: 1 de junho a 30 de setembro. No entanto, sempre que as condições meteorológicas o exigirem, poderá a mesma ser alterada após comunicação da entidade licenciadora"
L013173.2021.RH5A,d,BREF STM
L017446.2015.RH5,a,"Anexo XVIII do Decreto-Lei nº 236/98, de 1 de agosto."
L015577.2021.RH5A,a,"Anexo XVIII do Decreto-Lei nº 236/98, de 1 de agosto"
L015577.2021.RH5A,b,"Decreto-Lei nº 152/97, de 19 de junho"
L015577.2021.RH5A,c,"Abordagem combinada conforme descrita no art.º 53º, da Lei nº 58/2005, de 29 de dezembro"
L019779.2019.RH5A,a,"Anexo XVIII do Decreto-Lei nº 236/98, de 1 de agosto"
L019779.2019.RH5A,b,"Decreto-Lei nº 152/97, de 19 de junho"
L019779.2019.RH5A,c,"Época de estiagem: 1 de junho a 30 de setembro. No entanto, sempre que as condições meteorológicas o exigirem, poderá a mesma ser alterada após comunicação da entidade licenciadora"
L019779.2019.RH5A,d,BREF STM
L070516.2025.RH7,a,"Anexo I do Decreto-Lei n.º 152/97, de 19 de junho, com as alterações introduzidas pelos Decretos-Leis n.os 348/98, de 9 de novembro, 149/2004, de 22 de junho, e 198/2008, de 8 de outubro (Quadro n.º 1);"
L070516.2025.RH7,b,"Anexo XVIII do Decreto-Lei n.º 236/98, de 1 de agosto."
L009802.2020.RH5A,a,"Anexo XVIII do Decreto-Lei nº 236/98, de 1 de agosto"
L009802.2020.RH5A,b,"Decreto-Lei nº 152/97, de 19 de junho"
L009802.2020.RH5A,c,"Época de estiagem: 1 de junho a 30 de setembro. No entanto, sempre que as condições meteorológicas o exigirem, poderá a mesma ser alterada após comunicação da entidade licenciadora"
L009802.2020.RH5A,d,BREF STM
L011852.2021.RH4A,a,"Anexo XVIII do Decreto-Lei nº 236/98, de 1 de agosto."
L012288.2022.RH4A,a,"Anexo XVIII do Decreto-Lei nº 236/98, de 1 de agosto."
L007547.2022.RH5A,a,"Anexo XVIII do Decreto-Lei nº 236/98, de 1 de agosto"
L007581.2022.RH5A,a,"Anexo XVIII do Decreto-Lei nº 236/98, de 1 de agosto"
L005857.2021.RH5A,a,"Anexo XVIII do Decreto-Lei nº 236/98, de 1 de agosto"
L018843.2022.RH4A,a,"Anexo XVIII do Decreto-Lei nº 236/98, de 1 de agosto."
L020482.2021.RH5A,a,"Anexo XVIII do Decreto-Lei nº 236/98, de 1 de agosto"
L020482.2021.RH5A,b,"Decreto-Lei nº 152/97, de 19 de junho."
L012133.2022.RH4A,a,"Anexo XVIII do Decreto-Lei nº 236/98, de 1 de agosto."
L015394.2021.RH5A,a,"Anexo XVIII do Decreto-Lei nº 236/98, de 1 de agosto"
L012296.2022.RH4A,a,"Anexo XVIII do Decreto-Lei nº 236/98, de 1 de agosto."
L018830.2022.RH4A,a,"Anexo XVIII do Decreto-Lei nº 236/98, de 1 de agosto."
L012280.2022.RH4A,a,"Anexo XVIII do Decreto-Lei nº 236/98, de 1 de agosto."
L003584.2021.RH7,a,"Anexo XVIII do Decreto-Lei n.º 236/98, de 1 de agosto."
L025551.2023.RH7,a,"Anexo XVIII do Decreto-Lei n.º 236/98, de 1 de agosto."
L018295.2018.RH7,a,"Anexo XVIII do Decreto-Lei nº 236/98, de 1 de agosto"
L018295.2018.RH7,b,"Decreto-Lei nº 152/97, de 19 de junho"
L018295.2018.RH7,c,"Época de estiagem: 1 de junho a 30 de setembro. No entanto, sempre que as condições meteorológicas o exigirem, poderá a mesma ser alterada após comunicação da entidade licenciadora"
L018295.2018.RH7,d,BREF STM
L020612.2018.RH6,a,"Anexo XVIII do Decreto-Lei n.º 236/98, de 1 de agosto."
L027844.2023.RH7,a,"Anexo XVIII do Decreto-Lei n.º 236/98, de 1 de agosto."
L020167.2020.RH5A,a,"Anexo XVIII do Decreto-Lei nº 236/98, de 1 de agosto"
L020167.2020.RH5A,b,"Decreto-Lei nº 152/97, de 19 de junho"
L007587.2022.RH5A,a,"Anexo XVIII do Decreto-Lei nº 236/98, de 1 de agosto"
L023256.2020.RH7,a,"Anexo XVIII do Decreto-Lei n.º 236/98, de 1 de agosto."
L011845.2021.RH4A,a,"Anexo XVIII do Decreto-Lei nº 236/98, de 1 de agosto."
L006353.2022.RH4A,a,"Anexo XVIII do Decreto-Lei nº 236/98, de 1 de agosto."
L004545.2019.RH5A,a,"Anexo XVIII do Decreto-Lei nº 236/98, de 1 de agosto"
L004545.2019.RH5A,b,"Decreto-Lei nº 152/97, de 19 de junho"
L004545.2019.RH5A,c,"Época de estiagem: 1 de junho a 30 de setembro. No entanto, sempre que as condições meteorológicas o exigirem, poderá a mesma ser alterada após comunicação da entidade licenciadora"
L004545.2019.RH5A,d,BREF STM
L000186.2019.RH7,a,"Anexo XVIII do Decreto-Lei n.º 236/98, de 1 de agosto."
L000186.2019.RH7,b,"Decreto-Lei n.º 152/97, de 19 de junho, com as alterações introduzidas pelos Decretos-Leis n.ºs 348/98, de 9 de novembro, 149/2004, de 22 de junho, 198/2008, de 8 de outubro e 133/2015, de 13 de julho (Quadro 1)."
L007592.2022.RH5A,a,"Anexo XVIII do Decreto-Lei nº 236/98, de 1 de agosto"
L006103.2022.RH5A,a,"Anexo XVIII do Decreto-Lei nº 236/98, de 1 de agosto"
L005341.2021.RH5A,a,"Anexo XVIII do Decreto-Lei nº 236/98, de 1 de agosto"
L005341.2021.RH5A,b,"Decreto-Lei nº 152/97, de 19 de junho"
L018903.2022.RH4A,a,"Anexo XVIII do Decreto-Lei nº 236/98, de 1 de agosto."
L006552.2021.RH5A,a,"Anexo XVIII do Decreto-Lei nº 236/98, de 1 de agosto"
L016718.2019.RH7,a,"Anexo XVIII do Decreto-Lei n.º 236/98, de 1 de agosto."
L014500.2016.RH7,a,"Anexo XVIII do Decreto-Lei n.º 236/98, de 1 de agosto."
L018889.2022.RH4A,a,"Anexo XVIII do Decreto-Lei nº 236/98, de 1 de agosto."
L019949.2022.RH4A,a,"Anexo XVIII do Decreto-Lei nº 236/98, de 1 de agosto."
L005974.2022.RH5A,a,"Anexo XVIII do Decreto-Lei nº 236/98, de 1 de agosto."
L021717.2021.RH4A,a,"Anexo XVIII do Decreto-Lei nº 236/98, de 1 de agosto."
L018835.2022.RH4A,a,"Anexo XVIII do Decreto-Lei nº 236/98, de 1 de agosto."
L012199.2022.RH4A,a,"Anexo XVIII do Decreto-Lei nº 236/98, de 1 de agosto."
L006777.2022.RH5A,a,"Anexo XVIII do Decreto-Lei nº 236/98, de 1 de agosto"
L014609.2016.RH6,a,"Anexo I do Decreto-Lei n.º 152/97, de 19 de junho, com as alterações introduzidas pelos Decretos-Leis n.os 348/98, de 9 de novembro, 149/2004, de 22 de junho, e 198/2008, de 8 de outubro (Quadros n.os 1 e 2);"
L014609.2016.RH6,b,"Anexo XVIII do Decreto-Lei n.º 236/98, de 1 de agosto;"
L014609.2016.RH6,c,"Anexo XVI do Decreto-Lei n.º 236/98, de 1 de agosto. (1) Para as águas residuais reutilizadas na rega, o VLE é 4,5 - 9,0 e a legislação aplicável ; (2) Este parâmetro é aplicável apenas para as águas residuais reutilizadas na rega."
