Nº TUA,Código,Código TURH,Volume médio mensal (m3),CBO5 (mg/L O2),CQO (mg/L O2),N (mg/L N),P (mg/L P),Código Utilização
TUA20220411000574,T000078,L006681.2022.RH5A,"821,25",,,,,
TUA20220420000646,T000081,L006976.2022.RH5A,"2 357,25",,,,,
TUA20220511000842,T000007,L008397.2022.RH5A,"10 493,75",,,,,
TUA20220511000844,T000006,L007123.2022.RH5A,3 650,,,,,
TUA20220511000845,T000007,L006972.2022.RH5A,"2 281,25",,,,,
TUA20220718001522,T000084,L012980.2022.RH5A,"2 311,667",,,,,
TUA20220720001537,T000007,L013050.2022.RH5A,"2 342,083","428,6",857,"85,7","21,4",
TUA20220720001538,T000007,L012836.2022.RH5A,"2 950,417",309,619,62,"20,6",
TUA20220919002148,T000007,L016764.2022.RH5A,"912,5",364,728,55,15,
TUA20220922002189,T000007,L002661.2018.RH3,"1 225,792",400,800,80,10,
TUA20220922002190,T000006,L002662.2018.RH3,"5 170,833",400,800,80,10,
TUA20220927002236,T000007,L003469.2017.RH3,"5 566,25",400,800,80,10,
TUA20220930002259,T000007,L002663.2018.RH3,"7 832,292",400,800,80,10,
TUA20221010002354,T000006,L017862.2017.RH5A,4 995,400,667,67,13,
TUA20221010002355,T000006,L017689.2017.RH5A,94 900,"384,6","769,2","76,9","25,6",
TUA20221010002356,T000006,L017985.2022.RH5A,5 694,385,769,77,26,
TUA20221010002358,T000007,L017897.2017.RH5A,"7 543,333",400,667,67,13,
TUA20221010002359,T000007,L016800.2022.RH5A,"2 287,5",420,840,70,24,
TUA20221017002426,T000007,L018800.2022.RH5A,"8 547,083",317,947,"94,7",14,
TUA20221017002427,T000006,L017875.2017.RH5A,"5 961,667",400,667,67,13,
TUA20230116000179,T000007,L025479.2023.RH5A.V1,"100,25",509,1 018,101,25,
TUA20230116000180,T000007,L025473.2023.RH5A.V1,"100,25",509,1 018,100,25,
TUA20230117000197,T000020,L001739.2013.RH5-T1.V1,"1 946,667",,,,,
TUA20230125000254,T000007,L009134.2018.RH3.V1,"11 160,889",400,800,80,10,
TUA20230125000271,T000020,L009128.2018.RH3.V1,"518,097",400,800,80,10,
TUA20230125000272,T000006,L009112.2018.RH3.V1,"1 520,833",400,800,80,10,
TUA20230130000331,T000006,L026674.2023.RH5A.V1,"71,917",508,1 016,101,25,
TUA20230130000332,T000006,L026655.2023.RH5A.V1,"287,583",501,1 002,100,25,
TUA20230130000333,T000006,L026342.2023.RH5A.V1,"196,333",502,1 004,100,25,
TUA20230130000335,T000007,L026309.2023.RH5A.V1,"196,333",502,1 004,100,25,
TUA20230130000336,T000007,L026283.2023.RH5A.V1,1 445,500,1 000,100,25,
TUA20230202000373,T000006,L009125.2018.RH3.V1,"17 668,028",400,800,80,10,
TUA20230202000374,T000006,L009126.2018.RH3.V1,"1 378,888",400,800,80,10,
TUA20230202000375,T000006,L009113.2018.RH3.V1,"1 097,028",400,800,80,10,
TUA20230202000376,T000012,L009132.2018.RH3.V1,"5 399,973",400,800,80,10,
TUA20230202000377,T000006,L009127.2018.RH3.V1,"1 631,347",400,800,80,10,
TUA20230202000378,T000007,L009139.2018.RH3.V1,"945,958",400,800,80,10,
TUA20230208000443,T000006,L026778.2023.RH3.V1,"660,042",400,800,80,10,
TUA20230213000471,T000006,L004520.2018.RH3.V1,"373,111",400,800,80,10,
TUA20230213000497,T000007,L001767.2013.RH5-T1.V1,"5 779,167",,,,,
TUA20230216000512,T000006,L010055.2018.RH3.V1,"891,208",400,800,80,10,
TUA20230216000513,T000006,L004518.2018.RH3.V1,"4 392,167",400,800,80,10,
TUA20230220000545,T000006,L004518.2018.RH3.V2,"1 520,833",400,800,80,10,
TUA20230228000613,T000007,L001772.2020.RH5A.V1,3 617,,,,,
TUA20230228000614,T000020,L007117.2022.RH5A.V1,"27 146,875",,,,,
TUA20230328000995,T000005,L009129.2018.RH3.V1,"625,569",400,800,80,10,
TUA20230328000996,T000005,L009136.2018.RH3.V1,"4 057,278",400,800,80,10,
TUA20230421001258,T000005,L010060.2018.RH3.V1,"1 989,25",400,800,80,10,
TUA20230421001259,T000005,L010061.2018.RH3.V1,"339,15",400,800,80,10,
TUA20230421001260,T000006,L011919.2018.RH3.V1,"1 348,983",400,800,80,10,
TUA20230421001263,T000005,L010047.2018.RH3.V1,"2 098,75",400,800,80,10,
TUA20230423001281,T000006,L004998.2016.RH7.V1,"15 664,583",318,781,52,14,
TUA20230510001393,T000077,L008277.2018.RH5A.V1,"12 744,583",,,,,
TUA20230510001399,T000005,L033073.2023.RH3.V1,"2 894,15",400,800,80,10,
TUA20230602001636,T000005,L034412.2023.RH3.V1,"8 985,083",400,800,80,10,
TUA20230602001637,T000005,L034331.2023.RH3.V1,"1 590,792",400,800,80,10,
TUA20230707002024,T000005,L034219.2023.RH5A.V1,"12 653,333","206,6","413,3","41,3","10,3",
TUA20230717002123,T000006,L010057.2018.RH3.V1,"562,708",400,800,80,10,
TUA20230717002153,T000007,L037792.2023.RH5A.V1,"11 375,833",445,740,74,15,
TUA20230801002309,T000006,L034885.2023.RH4A.V1,"3 987,625",196,278,,,
TUA20230808002363,T000007,L037599.2023.RH5A.V1,"10 067,917",350,697,70,23,
TUA20230816002415,T000006,L010038.2018.RH3.V1,"1 423,5",400,800,80,10,
TUA20230824002503,T000006,L000819.2019.RH3.V1,"4 106,25",400,800,80,10,
TUA20230831002551,T000006,L000813.2019.RH3.V1,"1 237,958",400,800,80,10,
TUA20230905002577,T000006,L000814.2019.RH3.V1,"2 545,875",400,800,80,10,
TUA20230905002578,T000006,L000818.2019.RH3.V1,"4 276,583",400,800,80,10,
TUA20230905002579,T000006,L000816.2019.RH3.V1,"9 595,85",400,800,80,10,
TUA20230912002642,T000007,L000805.2019.RH3.V1,"3 376,25",400,800,80,10,
TUA20230912002643,T000007,L000810.2019.RH3.V1,"1 738,313",400,800,80,10,
TUA20230915002702,T000006,L000820.2019.RH3.V1,"2 269,083",400,800,80,10,
TUA20230918002712,T000006,L000815.2019.RH3.V1,"2 059,208",400,800,80,10,
TUA20231010002912,T000006,L001021.2019.RH3.V1,1 314,400,800,80,10,
TUA20231010002913,T000006,L000817.2019.RH3.V1,"4 209,667",400,800,80,10,
TUA20231012002959,T000006,L001020.2019.RH3.V1,195,400,800,80,10,
TUA20231018003040,T000020,L009317.2013.RH5-T1.V1,"9 695,333",,,,,
TUA20231109003280,T000006,L005585.2019.RH3.V1,"3 897,896",400,800,80,10,
TUA20231128003520,T000006,L007490.2019.RH3,"2 098,75",400,800,80,10,
TUA20231128003521,T000006,L007487.2019.RH3,"1 041,771",400,800,80,10,
TUA20231205003587,T000006,L007491.2019.RH3.V1,"678,292",400,800,80,10,
TUA20231206003600,T000006,L007489.2019.RH3.V1,"4 495,583",400,800,80,10,
TUA20231206003602,T000006,L007488.2019.RH3.V1,2 847,400,800,80,10,
TUA20231211003636,T000006,L005712.2019.RH3.V1,"860,792",400,800,80,10,
TUA20231212003641,T000007,L047135.2023.RH5A.V1,"1 596,917",400,800,80,27,
TUA20231228003808,T000006,L007492.2019.RH3.V1,"4 699,375",400,800,80,10,
TUA20240131000275,T000006,L015762.2013.RH5-T1.V1,17 520,,,,,
TUA20240131000276,T000006,L010891.2013.RH5-T1.V1,"1 695,75",,,,,
TUA20240216000439,T000006,L047225.2023.RH5A.V1,"2 880,5",,,,,
TUA20240216000440,T000020,L008275.2018.RH5A.V1,13 140,,,,,
TUA20240216000462,T000007,L006005.2021.RH5A.V1,"2 509,417",283,566,"56,6","18,9",
TUA20240223000530,T000046,L031504.2023.RH5A.V1,5 475,,,,,
TUA20240229000598,T000006,L047273.2023.RH5A.V1,"38 074,083",,,,,
TUA20240901002617,T000007,L060851.2024.RH7.V1,"7 543,333",400,800,40,15,
TUA20241030003256,T000020,L064067.2024.RH7.V1,"1 216,667",300,600,40,10,
TUA20230530001578,T000037,,"6 691,667",,,,,L043200.2023.RH4A.V2
TUA20240105000038,T000005,,"2 932,167",400,800,80,10,L008065.2019.RH3.V1
TUA20240110000102,T000005,,"1 236,438",400,800,80,10,L008067.2019.RH3.V1
TUA20240123000210,T000005,,"428,875",400,800,80,10,L008070.2019.RH3.V1
TUA20240227000550,T000006,,"1 166,479",,,,,L012483.2019.RH3.V1
TUA20240227000550,T000016,,,400,800,80,10,L012483.2019.RH3.V1
TUA20240308000724,T000006,,"339,146",400,800,80,10,L012485.2019.RH3.V1
TUA20240416001180,T000006,,"13 398,542",400,800,80,10,L012482.2019.RH3.V1
TUA20240506001395,T000007,,"439,521",400,800,80,10,L017381.2019.RH3.V1
TUA20240506001401,T000009,,"3 907,708",400,800,80,10,L008066.2019.RH3.V1
TUA20240521001568,T000006,,"4 737,396",,,,,L015870.2019.RH4A.V1
TUA20240521001569,T000006,,"4 804,313",,,,,L015931.2019.RH4A.V1
TUA20240521001573,T000006,,"4 778,458",,,,,L054772.2024.RH4A.V1
TUA20240521001575,T000006,,"5 084,125",,,,,L054786.2024.RH4A.V1
TUA20240521001577,T000006,,"3 902,458",,,,,L054809.2024.RH4A.V1
TUA20240522001588,T000006,,"3 186,45",220,283,,,L015978.2022.RH4A.V1
TUA20240604001677,T000019,,"5 201,25",,,,,L015874.2019.RH4A.V1
TUA20240719002219,T000020,,"5 017,229",208,283,,,L058799.2024.RH4A.V1
TUA20240719002220,T000006,,"10 638,229",220,295,,,L058803.2024.RH4A.V1
TUA20240725002275,T000006,,"459,292",400,800,80,10,L020554.2019.RH3.V1
TUA20240731002345,T000006,,"463,854",400,800,80,10,L020553.2019.RH3.V1
TUA20240731002347,T000006,,"538,375",400,800,80,10,L020555.2019.RH3.V1
TUA20240808002408,T000006,,"4 292,704",,,,,L015944.2019.RH4A.V1
TUA20240904002654,T000006,,5 475,,,,,L060904.2024.RH4A.V1
TUA20240916002772,T000007,,"1 490,417",612,1 224,122,"40,8",L001080.2020.RH5A.V1
TUA20241003002946,T000007,,1 095,382,"763,3","76,3","25,4",L001135.2020.RH5A.V1
TUA20241014003042,T000006,,1 752,400,800,80,10,L063042.2024.RH3.V1
TUA20241022003142,T000006,,"13 684,154",282,367,"54,8","7,5",L063531.2024.RH4A.V1
TUA20241122003491,T000006,,"13 918,667",133,250,25,"2,1",L014539.2022.RH4A.V1
TUA20241122003495,T000006,,"53 159,208","336,7","700,83","71,33","8,94",L014785.2022.RH4A.V1
TUA20241210003651,T000006,,"11 862,5",218,318,"40,4","4,8",L065853.2024.RH4A.V1
TUA20250226000655,T000006,,"1 472,167",473,946,95,32,L070191.2025.RH7.V1
TUA20250317000834,T000006,,"13 051,792","291,92","403,25","60,64",7,L014699.2022.RH4A.V1
TUA20250416001449,T000006,,51 671,"433,125","914,625","85,5454","9,3127",L032810.2023.RH4A.V1
TUA20250602001876,T000006,,"2 959,542",1 200,2 800,110,15,L075151.2025.RH6.V1
TUA20250722002408,T000032,,"3 744,292",,,,,L017803.2020.RH4A.V1
TUA20260202000317,T000006,,"11 832,083","291,75","583,5","43,763","12,156",L014337.2019.RH5A.V1
