Nº TUA,Código,Código TURH,Avaliação da conformidade,Condição,Código Utilização
TUA20220411000574,T000082,L006681.2022.RH5A,"(1) Considera-se que as águas residuais tratadas estão conformes com os parâmetros estabelecidos se, para cada um dos parâmetros aplicáveis, individualmente considerados, as amostras revelarem que as águas obedecem à norma de qualidade descrita nesta licença, nos seguintes termos:a) Nenhuma amostra excede o valor paramétrico em mais de 100%; e b) O número máximo anual de amostras não conformes será obtido através de relação estatística similar à aplicável às águas residuais urbanas, descrita no quadro n.º 3 do Anexo I do Decreto-Lei n.º 152/97, de 19 de junho, na sua redação atual.",,
TUA20220411000574,T000083,L006681.2022.RH5A,"(2) Para os parâmetros microbiológicos, o valor máximo observado, em amostras não conformes, durante o ano em análise não ultrapassa uma ordem de grandeza do valor limite que lhe corresponde nos casos em que o VLE seja igual ou superior a 1000 ufc/100mL ou NMP/100mL. Nas situações em que o VLE é inferior a 1000 ufc/100mL ou NMP/100mL, o valor máximo observado não ultrapassa o dobro do VLE que lhe corresponde. O número máximo anual de amostras não conformes será obtido através de relação estatística similar à aplicável às águas residuais urbanas, descrita no quadro n.º 3, do Anexo I, do Decreto-Lei n.º 152/97, de 19 de junho, na sua redação atual.",,
TUA20220411000574,T000084,L006681.2022.RH5A,"(3) A verificação da conformidade dos parâmetros CBO5, CQO e SST com Valor Limite de Emissão (VLE) estabelecido de acordo com Decreto-Lei n.º 152/97, de 19 de junho, na sua redação atual, é realizada de acordo com o definido na alínea D) do Anexo I do mesmo diploma.",,
TUA20220411000574,T000085,L006681.2022.RH5A,"(4) A verificação da conformidade dos parâmetros N e P com Valor Limite de Emissão (VLE) estabelecido de acordo com Decreto-Lei n.º 152/97, de 19 de junho, na sua redação atual, é realizada de acordo com o definido na alínea D) do Anexo I do mesmo diploma.",,
TUA20220411000574,T000086,L006681.2022.RH5A,"(5) Considera-se que as águas residuais tratadas estão conformes com os parâmetros estabelecidos se, para cada um dos parâmetros aplicáveis, individualmente considerados, as amostras revelarem que as águas obedecem cumulativamente à norma de qualidade descrita nesta licença, nos seguintes termos:a) Nenhuma amostra excede o valor paramétrico em mais de 100%;b) O número máximo anual de amostras não conformes será obtido através de relação estatística similar à aplicável às águas residuais urbanas, descrita no quadro n.º 3 do Anexo I do Decreto-Lei n.º 152/97, de 19 de junho, na sua redação atual;",,
TUA20220411000574,,,"no quadro n.º 3 do Anexo I do Decreto-Lei n.º 152/97, de 19 de junho, na sua redação atual;c) Cumpre as condições específicas no BREF () aplicável.Best Available Techniques REFerence documents",,
TUA20220420000646,T000085,L006976.2022.RH5A,"(1) Considera-se que as águas residuais tratadas estão conformes com os parâmetros estabelecidos se, para cada um dos parâmetros aplicáveis, individualmente considerados, as amostras revelarem que as águas obedecem à norma de qualidade descrita nesta licença, nos seguintes termos:a) Nenhuma amostra excede o valor paramétrico em mais de 100%; e b) O número máximo anual de amostras não conformes será obtido através de relação estatística similar à aplicável às águas residuais urbanas, descrita no quadro n.º 3 do Anexo I do Decreto-Lei n.º 152/97, de 19 de junho, na sua redação atual.",,
TUA20220420000646,,,"(2) Para os parâmetros microbiológicos, o valor máximo observado, em amostras não conformes, durante o ano em análise não ultrapassa uma ordem de",,
TUA20220420000646,,,"(2) Para os parâmetros microbiológicos, o valor máximo observado, em amostras não conformes, durante o ano em análise não ultrapassa uma ordem de grandeza do valor limite que lhe corresponde nos casos em que o VLE seja igual ou superior a 1000 ufc/100mL ou NMP/100mL. Nas situações em que o VLE é inferior a 1000 ufc/100mL ou NMP/100mL, o valor máximo observado não ultrapassa o dobro do VLE que lhe corresponde. O número máximo anual",,
TUA20220420000646,Código,Código TURH,Avaliação da conformidade,,
TUA20220420000646,T000086,L006976.2022.RH5A,"de amostras não conformes será obtido através de relação estatística similar à aplicável às águas residuais urbanas, descrita no quadro n.º 3, do Anexo I, do Decreto-Lei n.º 152/97, de 19 de junho, na sua redação atual.",,
TUA20220420000646,T000087,L006976.2022.RH5A,"(3) A verificação da conformidade dos parâmetros CBO5, CQO e SST com Valor Limite de Emissão (VLE) estabelecido de acordo com Decreto-Lei n.º 152/97, de 19 de junho, na sua redação atual, é realizada de acordo com o definido na alínea D) do Anexo I do mesmo diploma.",,
TUA20220420000646,T000088,L006976.2022.RH5A,"(4) A verificação da conformidade dos parâmetros N e P com Valor Limite de Emissão (VLE) estabelecido de acordo com Decreto-Lei n.º 152/97, de 19 de junho, na sua redação atual, é realizada de acordo com o definido na alínea D) do Anexo I do mesmo diploma.",,
TUA20220420000646,T000089,L006976.2022.RH5A,"(5) Considera-se que as águas residuais tratadas estão conformes com os parâmetros estabelecidos se, para cada um dos parâmetros aplicáveis, individualmente considerados, as amostras revelarem que as águas obedecem cumulativamente à norma de qualidade descrita nesta licença, nos seguintes termos:a) Nenhuma amostra excede o valor paramétrico em mais de 100%;b) O número máximo anual de amostras não conformes será obtido através de relação estatística similar à aplicável às águas residuais urbanas, descrita no quadro n.º 3 do Anexo I do Decreto-Lei n.º 152/97, de 19 de junho, na sua redação atual;c) Cumpre as condições específicas no BREF () aplicável.Best Available Techniques REFerence documents",,
TUA20220511000842,T000024,L008397.2022.RH5A,"(1) Decreto-Lei n.º 152/97, de 19 de junho, com as alterações introduzidas pelos Decretos-Leis n.os 348/98, de 9 de novembro, 149/2004, de 22 de junho e 198/2008, de 8 de outubro: Verificação do n.º mínimo anual de amostras e verificação do n.º máximo de amostras não conformes e verificação do desvio aos valores paramétricos.",,
TUA20220511000842,T000025,L008397.2022.RH5A,"(2) De acordo com o nº6 do artigo 69o do Decreto-Lei nº 236/98, de 1 de Agosto.",,
TUA20220511000844,T000016,L007123.2022.RH5A,"(1) De acordo com o nº6 do artigo 69o do Decreto-Lei nº 236/98, de 1 de Agosto. Verificação do n.º mínimo anual de amostras e verificação do n.º máximo de amostras não conformes e verificação do desvio aos valores paramétricos.",,
TUA20220511000845,T000025,L006972.2022.RH5A,"(1) De acordo com o nº6 do artigo 69o do Decreto-Lei nº 236/98, de 1 de Agosto. Verificação do n.º mínimo anual de amostras e verificação do n.º máximo de amostras não conformes e verificação do desvio aos valores paramétricos.",,
TUA20220718001522,T000088,L012980.2022.RH5A,"(1) Considera-se que as águas residuais tratadas estão conformes com os parâmetros estabelecidos se, para cada um dos parâmetros aplicáveis, individualmente considerados, as amostras revelarem que as águas obedecem à norma de qualidade descrita nesta licença, nos seguintes termos:a) Nenhuma amostra excede o valor paramétrico em mais de 100%; e b) O número máximo anual de amostras não conformes será obtido através de relação estatística similar à aplicável às águas residuais urbanas, descrita no quadro n.º 3 do Anexo I do Decreto-Lei n.º 152/97, de 19 de junho, na sua redação atual.",,
TUA20220718001522,T000089,L012980.2022.RH5A,"(2) Para os parâmetros microbiológicos, o valor máximo observado, em amostras não conformes, durante o ano em análise não ultrapassa uma ordem de grandeza do valor limite que lhe corresponde nos casos em que o VLE seja igual ou superior a 1000 ufc/100mL ou NMP/100mL. Nas situações em que o VLE é inferior a 1000 ufc/100mL ou NMP/100mL, o valor máximo observado não ultrapassa o dobro do VLE que lhe corresponde. O número máximo anual de amostras não conformes será obtido através de relação estatística similar à aplicável às águas residuais urbanas, descrita no quadro n.º 3, do Anexo I, do Decreto-Lei n.º 152/97, de 19 de junho, na sua redação atual.",,
TUA20220718001522,T000090,L012980.2022.RH5A,"(3) A verificação da conformidade dos parâmetros CBO5, CQO e SST com Valor Limite de Emissão (VLE) estabelecido de acordo com Decreto-Lei n.º 152/97, de 19 de junho, na sua redação atual, é realizada de acordo com o definido na alínea D) do Anexo I do mesmo diploma.",,
TUA20220718001522,T000091,L012980.2022.RH5A,"(4) A verificação da conformidade dos parâmetros N e P com Valor Limite de Emissão (VLE) estabelecido de acordo com Decreto-Lei n.º 152/97, de 19 de junho, na sua redação atual, é realizada de acordo com o definido na alínea D) do Anexo I do mesmo diploma.",,
TUA20220718001522,Código,Código TURH,Avaliação da conformidade,,
TUA20220718001522,T000092,L012980.2022.RH5A,"(5) Considera-se que as águas residuais tratadas estão conformes com os parâmetros estabelecidos se, para cada um dos parâmetros aplicáveis, individualmente considerados, as amostras revelarem que as águas obedecem cumulativamente à norma de qualidade descrita nesta licença, nos seguintes termos:a) Nenhuma amostra excede o valor paramétrico em mais de 100%;b) O número máximo anual de amostras não conformes será obtido através de relação estatística similar à aplicável às águas residuais urbanas, descrita no quadro n.º 3 do Anexo I do Decreto-Lei n.º 152/97, de 19 de junho, na sua redação atual;c) Cumpre as condições específicas no BREF () aplicável.Best Available Techniques REFerence documents",,
TUA20220720001537,T000011,L013050.2022.RH5A,"(1) Considera-se que as águas residuais tratadas estão conformes com os parâmetros estabelecidos se, para cada um dos parâmetros aplicáveis, individualmente considerados, as amostras revelarem que as águas obedecem à norma de qualidade descrita nesta licença, nos seguintes termos:a) Nenhuma amostra excede o valor paramétrico em mais de 100%; e b) O número máximo anual de amostras não conformes será obtido através de relação estatística similar à aplicável às águas residuais urbanas, descrita no quadro n.º 3 do Anexo I do Decreto-Lei n.º 152/97, de 19 de junho, na sua redação atual.",,
TUA20220720001537,T000092,L013050.2022.RH5A,"(2) Para os parâmetros microbiológicos, o valor máximo observado, em amostras não conformes, durante o ano em análise não ultrapassa uma ordem de grandeza do valor limite que lhe corresponde nos casos em que o VLE seja igual ou superior a 1000 ufc/100mL ou NMP/100mL. Nas situações em que o VLE é inferior a 1000 ufc/100mL ou NMP/100mL, o valor máximo observado não ultrapassa o dobro do VLE que lhe corresponde. O número máximo anual de amostras não conformes será obtido através de relação estatística similar à aplicável às águas residuais urbanas, descrita no quadro n.º 3, do Anexo I, do Decreto-Lei n.º 152/97, de 19 de junho, na sua redação atual.",,
TUA20220720001537,T000093,L013050.2022.RH5A,"(3) A verificação da conformidade dos parâmetros CBO5, CQO e SST com Valor Limite de Emissão (VLE) estabelecido de acordo com Decreto-Lei n.º 152/97, de 19 de junho, na sua redação atual, é realizada de acordo com o definido na alínea D) do Anexo I do mesmo diploma.",,
TUA20220720001537,T000094,L013050.2022.RH5A,"(4) Considera-se que as águas residuais tratadas estão conformes para o parâmetro pH, se as amostras revelarem que as águas obedecem à norma de qualidade descrita nesta licença, nos seguintes termos: :a) Nenhuma amostra poderá se encontrar fora do intervalo 5,0 -10,0, eb) O número máximo anual de amostras não conformes será obtido através de relação estatística similar à aplicável às águas residuais urbanas, descrita",,
TUA20220720001537,,,"b) O número máximo anual de amostras não conformes será obtido através de relação estatística similar à aplicável às águas residuais urbanas, descrita no quadro n.º 3 do Anexo I do Decreto-Lei n.º 152/97, de 19 de junho, na sua redação atual.",,
TUA20220720001538,T000011,L012836.2022.RH5A,"(1) Considera-se que as águas residuais tratadas estão conformes com os parâmetros estabelecidos se, para cada um dos parâmetros aplicáveis, individualmente considerados, as amostras revelarem que as águas obedecem à norma de qualidade descrita nesta licença, nos seguintes termos:a) Nenhuma amostra excede o valor paramétrico em mais de 100%; e b) O número máximo anual de amostras não conformes será obtido através de relação estatística similar à aplicável às águas residuais urbanas, descrita no quadro n.º 3 do Anexo I do Decreto-Lei n.º 152/97, de 19 de junho, na sua redação atual.",,
TUA20220720001538,T000079,L012836.2022.RH5A,"(3) Para os parâmetros microbiológicos, o valor máximo observado, em amostras não conformes, durante o ano em análise não ultrapassa uma ordem de grandeza do valor limite que lhe corresponde nos casos em que o VLE seja igual ou superior a 1000 ufc/100mL ou NMP/100mL. Nas situações em que o VLE é inferior a 1000 ufc/100mL ou NMP/100mL, o valor máximo observado não ultrapassa o dobro do VLE que lhe corresponde. O número máximo anual de amostras não conformes será obtido através de relação estatística similar à aplicável às águas residuais urbanas, descrita no quadro n.º 3, do Anexo I, do Decreto-Lei n.º 152/97, de 19 de junho, na sua redação atual.",,
TUA20220720001538,T000081,L012836.2022.RH5A,"(2) Considera-se que as águas residuais tratadas estão conformes para o parâmetro pH, se as amostras revelarem que as águas obedecem à norma de qualidade descrita nesta licença, nos seguintes termos: :a) Nenhuma amostra poderá se encontrar fora do intervalo 5,0 -10,0, eb) O número máximo anual de amostras não conformes será obtido através de relação estatística similar à aplicável às águas residuais urbanas, descrita no quadro n.º 3 do Anexo I do Decreto-Lei n.º 152/97, de 19 de junho, na sua redação atual.",,
TUA20220919002148,T000011,L016764.2022.RH5A,"(1) Considera-se que as águas residuais tratadas estão conformes com os parâmetros estabelecidos se, para cada um dos parâmetros aplicáveis, individualmente considerados, as amostras revelarem que as águas obedecem à norma de qualidade descrita nesta licença, nos seguintes termos:a) Nenhuma amostra excede o valor paramétrico em mais de 100%; e b) O número máximo anual de amostras não conformes será obtido através de relação estatística similar à aplicável às águas residuais urbanas, descrita no quadro n.º 3 do Anexo I do Decreto-Lei n.º 152/97, de 19 de junho, na sua redação atual.",,
TUA20220922002189,T000011,L002661.2018.RH3,"De acordo com o nº6 do artigo 69o do Decreto-Lei nº 236/98, de 1 de Agosto.",,
TUA20220922002190,T000010,L002662.2018.RH3,"De acordo com o nº6 do artigo 69o do Decreto-Lei nº 236/98, de 1 de Agosto.",,
TUA20220927002236,T000011,L003469.2017.RH3,"De acordo com o nº6 do artigo 69o do Decreto-Lei nº 236/98, de 1 de Agosto.",,
TUA20220930002259,T000011,L002663.2018.RH3,"De acordo com o nº6 do artigo 69o do Decreto-Lei nº 236/98, de 1 de Agosto.",,
TUA20221010002354,T000010,L017862.2017.RH5A,"(1) Considera-se que as águas residuais tratadas estão conformes com os parâmetros estabelecidos se, para cada um dos parâmetros aplicáveis, individualmente considerados, as amostras revelarem que as águas obedecem à norma de qualidade descrita nesta licença, nos seguintes termos:a) Nenhuma amostra excede o valor paramétrico em mais de 100%; e b) O número máximo anual de amostras não conformes será obtido através de relação estatística similar à aplicável às águas residuais urbanas, descrita no quadro n.º 3 do Anexo I do Decreto-Lei n.º 152/97, de 19 de junho, na sua redação atual.",,
TUA20221010002355,T000010,L017689.2017.RH5A,"(1) Considera-se que as águas residuais tratadas estão conformes com os parâmetros estabelecidos se, para cada um dos parâmetros aplicáveis, individualmente considerados, as amostras revelarem que as águas obedecem à norma de qualidade descrita nesta licença, nos seguintes termos:a) Nenhuma amostra excede o valor paramétrico em mais de 100%; e b) O número máximo anual de amostras não conformes será obtido através de relação estatística similar à aplicável às águas residuais urbanas, descrita no quadro n.º 3 do Anexo I do Decreto-Lei n.º 152/97, de 19 de junho, na sua redação atual.",,
TUA20221010002355,T000012,L017689.2017.RH5A,"(2) A verificação da conformidade dos parâmetros CBO5, CQO e SST com Valor Limite de Emissão (VLE) estabelecido de acordo com Decreto-Lei n.º 152/97, de 19 de junho, na sua redação atual, é realizada de acordo com o definido na alínea D) do Anexo I do mesmo diploma.",,
TUA20221010002356,T000010,L017985.2022.RH5A,"(1) Considera-se que as águas residuais tratadas estão conformes com os parâmetros estabelecidos se, para cada um dos parâmetros aplicáveis, individualmente considerados, as amostras revelarem que as águas obedecem à norma de qualidade descrita nesta licença, nos seguintes termos:a) Nenhuma amostra excede o valor paramétrico em mais de 100%; e b) O número máximo anual de amostras não conformes será obtido através de relação estatística similar à aplicável às águas residuais urbanas, descrita no quadro n.º 3 do Anexo I do Decreto-Lei n.º 152/97, de 19 de junho, na sua redação atual.",,
TUA20221010002358,T000011,L017897.2017.RH5A,"(1) Considera-se que as águas residuais tratadas estão conformes com os parâmetros estabelecidos se, para cada um dos parâmetros aplicáveis, individualmente considerados, as amostras revelarem que as águas obedecem à norma de qualidade descrita nesta licença, nos seguintes termos:a) Nenhuma amostra excede o valor paramétrico em mais de 100%; e b) O número máximo anual de amostras não conformes será obtido através de relação estatística similar à aplicável às águas residuais urbanas, descrita no quadro n.º 3 do Anexo I do Decreto-Lei n.º 152/97, de 19 de junho, na sua redação atual.",,
TUA20221010002358,T000013,L017897.2017.RH5A,"(2) A verificação da conformidade dos parâmetros CBO5, CQO e SST com Valor Limite de Emissão (VLE) estabelecido de acordo com Decreto-Lei n.º 152/97, de 19 de junho, na sua redação atual, é realizada de acordo com o definido na alínea D) do Anexo I do mesmo diploma.",,
TUA20221010002359,T000011,L016800.2022.RH5A,"(1) Considera-se que as águas residuais tratadas estão conformes com os parâmetros estabelecidos se, para cada um dos parâmetros aplicáveis, individualmente considerados, as amostras revelarem que as águas obedecem à norma de qualidade descrita nesta licença, nos seguintes termos:a) Nenhuma amostra excede o valor paramétrico em mais de 100%; e b) O número máximo anual de amostras não conformes será obtido através de relação estatística similar à aplicável às águas residuais urbanas, descrita no quadro n.º 3 do Anexo I do Decreto-Lei n.º 152/97, de 19 de junho, na sua redação atual.",,
TUA20221017002426,T000011,L018800.2022.RH5A,"(1) Considera-se que as águas residuais tratadas estão conformes com os parâmetros estabelecidos se, para cada um dos parâmetros aplicáveis, individualmente considerados, as amostras revelarem que as águas obedecem à norma de qualidade descrita nesta licença, nos seguintes termos:a) Nenhuma amostra excede o valor paramétrico em mais de 100%; e b) O número máximo anual de amostras não conformes será obtido através de relação estatística similar à aplicável às águas residuais urbanas, descrita no quadro n.º 3 do Anexo I do Decreto-Lei n.º 152/97, de 19 de junho, na sua redação atual.",,
TUA20221017002427,T000010,L017875.2017.RH5A,"(1) Considera-se que as águas residuais tratadas estão conformes com os parâmetros estabelecidos se, para cada um dos parâmetros aplicáveis, individualmente considerados, as amostras revelarem que as águas obedecem à norma de qualidade descrita nesta licença, nos seguintes termos:a) Nenhuma amostra excede o valor paramétrico em mais de 100%; e b) O número máximo anual de amostras não conformes será obtido através de relação estatística similar à aplicável às águas residuais urbanas, descrita no quadro n.º 3 do Anexo I do Decreto-Lei n.º 152/97, de 19 de junho, na sua redação atual.",,
TUA20230116000180,T000011,L025473.2023.RH5A.V1,"(1) Considera-se que as águas residuais tratadas estão conformes com os parâmetros estabelecidos se, para cada um dos parâmetros aplicáveis, individualmente considerados, as amostras revelarem que as águas obedecem à norma de qualidade descrita nesta licença, nos seguintes termos:a) Nenhuma amostra excede o valor paramétrico em mais de 100%; e b) O número máximo anual de amostras não conformes será obtido através de relação estatística similar à aplicável às águas residuais urbanas, descrita no quadro n.º 3 do Anexo I do Decreto-Lei n.º 152/97, de 19 de junho, na sua redação atual.",,
TUA20230117000197,T000024,L001739.2013.RH5-T1.V1,"(1) Considera-se que as águas residuais tratadas estão conformes com os parâmetros estabelecidos se, para cada um dos parâmetros aplicáveis, individualmente considerados, as amostras revelarem que as águas obedecem à norma de qualidade descrita nesta licença, nos seguintes termos:a) Nenhuma amostra excede o valor paramétrico em mais de 100%; e b) O número máximo anual de amostras não conformes será obtido através de relação estatística similar à aplicável às águas residuais urbanas, descrita no quadro n.º 3 do Anexo I do Decreto-Lei n.º 152/97, de 19 de junho, na sua redação atual.",,
TUA20230117000197,T000070,L001739.2013.RH5-T1.V1,,comunicada à Entidade Licenciadora.,
TUA20230117000197,T000071,L001739.2013.RH5-T1.V1,,"A descarga das águas residuais na água não deve provocar alteração da sua qualidade, nem colocar em risco os seus usos, sendo efetuada de modo a não prejudicar o escoamento natural da corrente e a não contribuir para o aumento dos riscos de erosão no local, ficando o titular responsável pela tomada das medidas consideradas necessárias para a correção das situações que possam ocorrer.",
TUA20230117000197,T000072,L001739.2013.RH5-T1.V1,,"O titular obriga-se a efetuar as ações de manutenção, preventivas e corretivas, necessárias ao bom funcionamento da ETAR, incluindo a limpeza dos respetivos órgãos de tratamento devendo guardar os registos detalhados da sua realização, com indicação do destino final das lamas ou outros resíduos produzidos, para efeitos de inspeção ou fiscalização por parte das Entidades Competentes.",
TUA20230117000197,T000073,L001739.2013.RH5-T1.V1,,O titular assume a responsabilidade pela eficiência e eficácia dos processos de tratamento e dos procedimentos a adotar com vista a minimizar os efeitos decorrentes da rejeição de águas residuais e a cumprir os objetivos de qualidade definidos para a massa de água recetora.,
TUA20230117000197,T000074,L001739.2013.RH5-T1.V1,,"O titular obriga-se a enviar e a manter um dossier organizado contendo as Fichas de Dados de Segurança de todas as substâncias e/ou preparações perigosas utilizadas, devidamente redigidas em língua portuguesa, devendo, quando existem alterações ou a introdução de novas substâncias enviar, semestralmente, à Entidade Licenciadora a respetiva atualização.",
TUA20230125000254,T000011,L009134.2018.RH3.V1,"De acordo com o nº6 do artigo 69o do Decreto-Lei nº 236/98, de 1 de Agosto.",,
TUA20230125000271,T000024,L009128.2018.RH3.V1,"De acordo com o nº6 do artigo 69o do Decreto-Lei nº 236/98, de 1 de Agosto.",,
TUA20230125000272,T000010,L009112.2018.RH3.V1,"De acordo com o nº6 do artigo 69o do Decreto-Lei nº 236/98, de 1 de Agosto.",,
TUA20230130000331,T000010,L026674.2023.RH5A.V1,"(1) Considera-se que as águas residuais tratadas estão conformes com os parâmetros estabelecidos se, para cada um dos parâmetros aplicáveis, individualmente considerados, as amostras revelarem que as águas obedecem à norma de qualidade descrita nesta licença, nos seguintes termos:a) Nenhuma amostra excede o valor paramétrico em mais de 100%; e b) O número máximo anual de amostras não conformes será obtido através de relação estatística similar à aplicável às águas residuais urbanas, descrita no quadro n.º 3 do Anexo I do Decreto-Lei n.º 152/97, de 19 de junho, na sua redação atual.",,
TUA20230130000332,T000010,L026655.2023.RH5A.V1,"(1) Considera-se que as águas residuais tratadas estão conformes com os parâmetros estabelecidos se, para cada um dos parâmetros aplicáveis, individualmente considerados, as amostras revelarem que as águas obedecem à norma de qualidade descrita nesta licença, nos seguintes termos:a) Nenhuma amostra excede o valor paramétrico em mais de 100%; e b) O número máximo anual de amostras não conformes será obtido através de relação estatística similar à aplicável às águas residuais urbanas, descrita no quadro n.º 3 do Anexo I do Decreto-Lei n.º 152/97, de 19 de junho, na sua redação atual.",,
TUA20230130000333,T000010,L026342.2023.RH5A.V1,"(1) Considera-se que as águas residuais tratadas estão conformes com os parâmetros estabelecidos se, para cada um dos parâmetros aplicáveis, individualmente considerados, as amostras revelarem que as águas obedecem à norma de qualidade descrita nesta licença, nos seguintes termos:a) Nenhuma amostra excede o valor paramétrico em mais de 100%; e b) O número máximo anual de amostras não conformes será obtido através de relação estatística similar à aplicável às águas residuais urbanas, descrita no quadro n.º 3 do Anexo I do Decreto-Lei n.º 152/97, de 19 de junho, na sua redação atual.",,
TUA20230130000335,T000011,L026309.2023.RH5A.V1,"(1) Considera-se que as águas residuais tratadas estão conformes com os parâmetros estabelecidos se, para cada um dos parâmetros aplicáveis, individualmente considerados, as amostras revelarem que as águas obedecem à norma de qualidade descrita nesta licença, nos seguintes termos:a) Nenhuma amostra excede o valor paramétrico em mais de 100%; e b) O número máximo anual de amostras não conformes será obtido através de relação estatística similar à aplicável às águas residuais urbanas, descrita no quadro n.º 3 do Anexo I do Decreto-Lei n.º 152/97, de 19 de junho, na sua redação atual.",,
TUA20230130000336,T000011,L026283.2023.RH5A.V1,"(1) Considera-se que as águas residuais tratadas estão conformes com os parâmetros estabelecidos se, para cada um dos parâmetros aplicáveis, individualmente considerados, as amostras revelarem que as águas obedecem à norma de qualidade descrita nesta licença, nos seguintes termos:a) Nenhuma amostra excede o valor paramétrico em mais de 100%; e b) O número máximo anual de amostras não conformes será obtido através de relação estatística similar à aplicável às águas residuais urbanas, descrita no quadro n.º 3 do Anexo I do Decreto-Lei n.º 152/97, de 19 de junho, na sua redação atual.",,
TUA20230202000373,T000010,L009125.2018.RH3.V1,"De acordo com o Anexo I do Decreto-Lei n.º 152/97, de 19 de junho, com as alterações introduzidas pelos Decretos-Leis n.os 348/98, de 9 de novembro, 149/2004, de 22 de junho e 198/2008, de 8 de outubro: Verificação do n.º mínimo anual de amostras e verificação do n.º máximo de amostras não conformes e verificação do desvio aos valores paramétricos.",,
TUA20230202000374,T000010,L009126.2018.RH3.V1,"De acordo com o nº6 do artigo 69o do Decreto-Lei nº 236/98, de 1 de Agosto.",,
TUA20230202000375,T000010,L009113.2018.RH3.V1,"De acordo com o nº6 do artigo 69o do Decreto-Lei nº 236/98, de 1 de Agosto.",,
TUA20230202000376,T000016,L009132.2018.RH3.V1,"De acordo com o nº6 do artigo 69o do Decreto-Lei nº 236/98, de 1 de Agosto.",,
TUA20230202000377,T000009,L009127.2018.RH3.V1,"De acordo com o nº6 do artigo 69o do Decreto-Lei nº 236/98, de 1 de Agosto.",,
TUA20230202000378,T000011,L009139.2018.RH3.V1,"De acordo com o nº6 do artigo 69o do Decreto-Lei nº 236/98, de 1 de Agosto.",,
TUA20230208000443,T000010,L026778.2023.RH3.V1,"De acordo com o nº6 do artigo 69o do Decreto-Lei nº 236/98, de 1 de Agosto.",,
TUA20230213000471,T000010,L004520.2018.RH3.V1,"De acordo com o nº6 do artigo 69o do Decreto-Lei nº 236/98, de 1 de Agosto.",,
TUA20230213000497,T000011,L001767.2013.RH5-T1.V1,"(1) Considera-se que as águas residuais tratadas estão conformes com os parâmetros estabelecidos se, para cada um dos parâmetros aplicáveis, individualmente considerados, as amostras revelarem que as águas obedecem à norma de qualidade descrita nesta licença, nos seguintes termos:a) Nenhuma amostra excede o valor paramétrico em mais de 100%; e b) O número máximo anual de amostras não conformes será obtido através de relação estatística similar à aplicável às águas residuais urbanas, descrita no quadro n.º 3 do Anexo I do Decreto-Lei n.º 152/97, de 19 de junho, na sua redação atual.",,
TUA20230213000497,T000060,L001767.2013.RH5-T1.V1,,"Como medida preventiva e minimizadora das consequências inerentes a uma rejeição de emergência no domínio hídrico, o titular deverá diligenciar no sentido de dotar a(s) Estação(ões) Elevatória(s) de um gerador de emergência.",
TUA20230213000497,T000061,L001767.2013.RH5-T1.V1,,"A ligação, às redes de drenagem da ETAR geridas pelo titular desta licença, das águas residuais de atividades económicas ou serviços localizados dentro da malha urbana ou diretamente na ETAR que produzam ou utilizem substâncias classificadas como poluentes específicos e/ou substâncias prioritárias/perigosas prioritárias para os meios aquáticos ou que sejam suscetíveis de comprometer o cumprimento das condições impostas nesta licença, nos termos do regulamento previsto no artigo 9º, do Decreto-Lei n.º 152/97, de 19 de junho, com as alterações introduzidas pelos Decretos-Leis n.os 348/98, de 9 de novembro, e 149/2004, de 22 de junho e 198/2008, de 8 de outubro, deve ser encarada com precaução, não podendo, em quaisquer circunstâncias, comprometer o cumprimento das condições impostas nesta licença.",
TUA20230213000497,T000062,L001767.2013.RH5-T1.V1,,As condições de descarga poderão vir a ser alteradas em função dos resultados do autocontrolo e da evolução da qualidade do meio recetor ou de outras restrições de utilização local que o justifiquem.,
TUA20230213000497,T000063,L001767.2013.RH5-T1.V1,,"Qualquer alteração no funcionamento do sistema de produção e/ou de tratamento, mesmo que não prejudique as condições impostas nesta licença, deve ser comunicada à Entidade Licenciadora no prazo máximo de cinco dias.",
TUA20230213000497,T000064,L001767.2013.RH5-T1.V1,,"Qualquer descarga de águas residuais urbanas e/ou industriais, bem como de outras atividades económicas ou serviços, nas redes de drenagem ou diretamente na ETAR, só poderá ocorrer mediante autorização do titular da presente licença e ficará sujeita às disposições constantes dessa autorização não podendo, em qualquer caso, comprometer o cumprimento das condições impostas nesta licença. Qualquer nova situação desta natureza deverá ser comunicada à Entidade Licenciadora.",
TUA20230213000497,T000065,L001767.2013.RH5-T1.V1,,"A descarga das águas residuais na água não deve provocar alteração da sua qualidade, nem colocar em risco os seus usos, sendo efetuada de modo a não prejudicar o escoamento natural da corrente e a não contribuir para o aumento dos riscos de erosão no local, ficando o titular responsável pela tomada das medidas consideradas necessárias para a correção das situações que possam ocorrer.",
TUA20230213000497,T000066,L001767.2013.RH5-T1.V1,,"O titular obriga-se a efetuar as ações de manutenção, preventivas e corretivas, necessárias ao bom funcionamento da ETAR, incluindo a limpeza dos respetivos órgãos de tratamento devendo guardar os registos detalhados da sua realização, com indicação do destino final das lamas ou outros resíduos produzidos, para efeitos de inspeção ou fiscalização por parte das Entidades Competentes.",
TUA20230213000497,T000067,L001767.2013.RH5-T1.V1,,O titular assume a responsabilidade pela eficiência e eficácia dos processos de tratamento e dos procedimentos a adotar com vista a minimizar os efeitos decorrentes da rejeição de águas residuais e a cumprir os objetivos de qualidade definidos para a massa de água recetora.,
TUA20230216000512,T000010,L010055.2018.RH3.V1,"De acordo com o nº6 do artigo 69o do Decreto-Lei nº 236/98, de 1 de Agosto.",,
TUA20230216000513,T000010,L004518.2018.RH3.V1,"De acordo com o nº6 do artigo 69o do Decreto-Lei nº 236/98, de 1 de Agosto.",,
TUA20230220000545,T000010,L004518.2018.RH3.V2,"Anexo XVIII do Decreto-Lei nº 236/98, de 1 de agosto.",,
TUA20230228000613,T000011,L001772.2020.RH5A.V1,"(1) Considera-se que as águas residuais tratadas estão conformes com os parâmetros estabelecidos se, para cada um dos parâmetros aplicáveis, individualmente considerados, as amostras revelarem que as águas obedecem à norma de qualidade descrita nesta licença, nos seguintes termos:a) Nenhuma amostra excede o valor paramétrico em mais de 100%; e b) O número máximo anual de amostras não conformes será obtido através de relação estatística similar à aplicável às águas residuais urbanas, descrita no quadro n.º 3 do Anexo I do Decreto-Lei n.º 152/97, de 19 de junho, na sua redação atual.",,
TUA20230228000613,T000013,L001772.2020.RH5A.V1,"(2) A verificação da conformidade dos parâmetros CBO5, CQO e SST com Valor Limite de Emissão (VLE) estabelecido de acordo com Decreto-Lei n.º 152/97, de 19 de junho, na sua redação atual, é realizada de acordo com o definido na alínea D) do Anexo I do mesmo diploma.",,
TUA20230228000614,T000031,L007117.2022.RH5A.V1,"(1) De acordo com o Anexo I do Decreto-Lei n.º 152/97, de 19 de junho, com as alterações introduzidas pelos Decretos-Leis n.os 348/98, de 9 de novembro, 149/2004, de 22 de junho e 198/2008, de 8 de outubro: Verificação do n.º mínimo anual de amostras e verificação do n.º máximo de amostras não conformes e verificação do desvio aos valores paramétricos.",,
TUA20230228000614,T000044,L007117.2022.RH5A.V1,"(2) De acordo com o nº6 do artigo 69o do Decreto-Lei nº 236/98, de 1 de Agosto. Verificação do n.º mínimo anual de amostras e verificação do n.º máximo de amostras não conformes e verificação do desvio aos valores paramétricos.",,
TUA20230328000995,T000009,L009129.2018.RH3.V1,"De acordo com o nº6 do artigo 69o do Decreto-Lei nº 236/98, de 1 de Agosto.",,
TUA20230328000996,T000009,L009136.2018.RH3.V1,"De acordo com o nº6 do artigo 69o do Decreto-Lei nº 236/98, de 1 de Agosto.",,
TUA20230421001258,T000009,L010060.2018.RH3.V1,"De acordo com o nº6 do artigo 69o do Decreto-Lei nº 236/98, de 1 de Agosto.",,
TUA20230421001259,T000009,L010061.2018.RH3.V1,"De acordo com o nº6 do artigo 69o do Decreto-Lei nº 236/98, de 1 de Agosto.",,
TUA20230421001260,T000010,L011919.2018.RH3.V1,"De acordo com o nº6 do artigo 69o do Decreto-Lei nº 236/98, de 1 de Agosto.",,
TUA20230421001263,T000009,L010047.2018.RH3.V1,"De acordo com o nº6 do artigo 69o do Decreto-Lei nº 236/98, de 1 de Agosto.",,
TUA20230423001281,T000010,L004998.2016.RH7.V1,"(1) De acordo com a alínea D) do Anexo I do Decreto-Lei n.º 152/97, de 19 de junho, com as alterações introduzidas pelos Decretos-Leis n.os 348/98, de 9 de novembro, 149/2004, de 22 de junho, 198/2008, de 8 de outubro, 133/2015, de 13 de julho e 77/2021, de 27 de agosto, e o artigo 69.º do Decreto-Lei n.º 236/98, de 1 de agosto. Atendendo à origem das águas residuais e aos objetivos de qualidade definidos para a massa de água recetora, para os parâmetros cujo V.L.E. é definido com base no Decreto-Lei n.º 236/98, de 1 de agosto, o número máximo anual de amostras que podem não ser conformes não pode exceder 2 (duas).",,
TUA20230510001393,T000038,L008277.2018.RH5A.V1,"(1) Considera-se que as águas residuais tratadas estão conformes com os parâmetros estabelecidos se, para cada um dos parâmetros aplicáveis, individualmente considerados, as amostras revelarem que as águas obedecem à norma de qualidade descrita nesta licença, nos seguintes termos: a) Nenhuma amostra excede o valor paramétrico em mais de 100%; e b) O número máximo anual de amostras não conformes será obtido através de relação estatística similar à aplicável às águas residuais urbanas, descrita no quadro n.º 3 do Anexo I do Decreto-Lei n.º 152/97, de 19 de junho, na sua redação atual.",,
TUA20230510001393,T000039,L008277.2018.RH5A.V1,"(2) Considera-se que as águas residuais tratadas estão conformes para o parâmetro pH, se as amostras revelarem que as águas obedecem à norma de qualidade descrita nesta licença, nos seguintes termos: a) Nenhuma amostra poderá se encontrar fora do intervalo 5,0 -10,0, e b) O número máximo anual de amostras não conformes será obtido através de relação estatística similar à aplicável às águas residuais urbanas, descrita no quadro n.º 3 do Anexo I do Decreto-Lei n.º 152/97, de 19 de junho, na sua redação atual.",,
TUA20230510001399,T000009,L033073.2023.RH3.V1,"De acordo com o nº6 do artigo 69o do Decreto-Lei nº 236/98, de 1 de Agosto.",,
TUA20230602001636,T000009,L034412.2023.RH3.V1,"De acordo com o nº6 do artigo 69o do Decreto-Lei nº 236/98, de 1 de Agosto.",,
TUA20230602001637,T000009,L034331.2023.RH3.V1,"De acordo com o nº6 do artigo 69o do Decreto-Lei nº 236/98, de 1 de Agosto.",,
TUA20230707002024,T000009,L034219.2023.RH5A.V1,"(1) Considera-se que as águas residuais tratadas estão conformes com os parâmetros estabelecidos se, para cada um dos parâmetros aplicáveis, individualmente considerados, as amostras revelarem que as águas obedecem à norma de qualidade descrita nesta licença, nos seguintes termos:a) Nenhuma amostra excede o valor paramétrico em mais de 100%; e b) O número máximo anual de amostras não conformes será obtido através de relação estatística similar à aplicável às águas residuais urbanas, descrita no quadro n.º 3 do Anexo I do Decreto-Lei n.º 152/97, de 19 de junho, na sua redação atual.",,
TUA20230707002024,T000026,L034219.2023.RH5A.V1,"(2) Considera-se que as águas residuais tratadas estão conformes para o parâmetro pH, se as amostras revelarem que as águas obedecem à norma de qualidade descrita nesta licença, nos seguintes termos: :a) Nenhuma amostra poderá se encontrar fora do intervalo 5,0 -10,0, eb) O número máximo anual de amostras não conformes será obtido através de relação estatística similar à aplicável às águas residuais urbanas, descrita no quadro n.º 3 do Anexo I do Decreto-Lei n.º 152/97, de 19 de junho, na sua redação atual.",,
TUA20230717002123,T000010,L010057.2018.RH3.V1,"De acordo com o nº6 do artigo 69o do Decreto-Lei nº 236/98, de 1 de Agosto.",,
TUA20230717002153,T000011,L037792.2023.RH5A.V1,"(1) Considera-se que as águas residuais tratadas estão conformes com os parâmetros estabelecidos se, para cada um dos parâmetros aplicáveis, individualmente considerados, as amostras revelarem que as águas obedecem à norma de qualidade descrita nesta licença, nos seguintes termos:a) Nenhuma amostra excede o valor paramétrico em mais de 100%; e b) O número máximo anual de amostras não conformes será obtido através de relação estatística similar à aplicável às águas residuais urbanas, descrita no quadro n.º 3 do Anexo I do Decreto-Lei n.º 152/97, de 19 de junho, na sua redação atual.",,
TUA20230717002153,T000012,L037792.2023.RH5A.V1,"(2) Considera-se que as águas residuais tratadas estão conformes para o parâmetro pH, se as amostras revelarem que as águas obedecem à norma de qualidade descrita nesta licença, nos seguintes termos: :a) Nenhuma amostra poderá se encontrar fora do intervalo 5,0 -10,0, eb) O número máximo anual de amostras não conformes será obtido através de relação estatística similar à aplicável às águas residuais urbanas, descrita no quadro n.º 3 do Anexo I do Decreto-Lei n.º 152/97, de 19 de junho, na sua redação atual.",,
TUA20230801002309,T000010,L034885.2023.RH4A.V1,"(1) De acordo com o nº6 do artigo 69º do Decreto-Lei nº 236/98, de 1 de agosto e de acordo com o Anexo I do Decreto-Lei n.º 152/97, de 19 de junho, com as alterações introduzidas pelos Decretos-Lei n.º 348/98, de 9 de novembro, n.º 149/2004, de 22 de junho e n.º 198/2008, de 8 de outubro: verificação do n.º mínimo anual de amostras, verificação do n.º máximo de amostras não conformes e verificação do desvio aos valores paramétricos.",,
TUA20230808002363,T000011,L037599.2023.RH5A.V1,"(1) Considera-se que as águas residuais tratadas estão conformes com os parâmetros estabelecidos se, para cada um dos parâmetros aplicáveis, individualmente considerados, as amostras revelarem que as águas obedecem à norma de qualidade descrita nesta licença, nos seguintes termos:a) Nenhuma amostra excede o valor paramétrico em mais de 100%; e b) O número máximo anual de amostras não conformes será obtido através de relação estatística similar à aplicável às águas residuais urbanas, descrita no quadro n.º 3 do Anexo I do Decreto-Lei n.º 152/97, de 19 de junho, na sua redação atual.",,
TUA20230808002363,T000012,L037599.2023.RH5A.V1,"(2) Considera-se que as águas residuais tratadas estão conformes para o parâmetro pH, se as amostras revelarem que as águas obedecem à norma de qualidade descrita nesta licença, nos seguintes termos: :a) Nenhuma amostra poderá se encontrar fora do intervalo 5,0 -10,0, eb) O número máximo anual de amostras não conformes será obtido através de relação estatística similar à aplicável às águas residuais urbanas, descrita no quadro n.º 3 do Anexo I do Decreto-Lei n.º 152/97, de 19 de junho, na sua redação atual.",,
TUA20230816002415,T000010,L010038.2018.RH3.V1,"De acordo com o nº6 do artigo 69o do Decreto-Lei nº 236/98, de 1 de Agosto.",,
TUA20230824002503,T000010,L000819.2019.RH3.V1,"De acordo com o nº6 do artigo 69o do Decreto-Lei nº 236/98, de 1 de Agosto.",,
TUA20230831002551,T000010,L000813.2019.RH3.V1,"De acordo com o nº6 do artigo 69o do Decreto-Lei nº 236/98, de 1 de Agosto.",,
TUA20230905002577,T000010,L000814.2019.RH3.V1,"De acordo com o nº6 do artigo 69o do Decreto-Lei nº 236/98, de 1 de Agosto.",,
TUA20230905002578,T000010,L000818.2019.RH3.V1,"De acordo com o nº6 do artigo 69o do Decreto-Lei nº 236/98, de 1 de Agosto.",,
TUA20230905002579,T000009,L000816.2019.RH3.V1,"De acordo com o Anexo I do Decreto-Lei n.º 152/97, de 19 de junho, com as alterações introduzidas pelos Decretos-Leis n.os 348/98, de 9 de novembro, 149/2004, de 22 de junho e 198/2008, de 8 de outubro: Verificação do n.º mínimo anual de amostras e verificação do n.º máximo de amostras não conformes e verificação do desvio aos valores paramétricos.",,
TUA20230912002642,T000011,L000805.2019.RH3.V1,"De acordo com o nº6 do artigo 69o do Decreto-Lei nº 236/98, de 1 de Agosto.",,
TUA20230912002643,T000011,L000810.2019.RH3.V1,"De acordo com o nº6 do artigo 69o do Decreto-Lei nº 236/98, de 1 de Agosto.",,
TUA20230915002702,T000010,L000820.2019.RH3.V1,"De acordo com o nº6 do artigo 69o do Decreto-Lei nº 236/98, de 1 de Agosto.",,
TUA20230918002712,T000010,L000815.2019.RH3.V1,"De acordo com o nº6 do artigo 69o do Decreto-Lei nº 236/98, de 1 de Agosto.",,
TUA20231010002912,T000010,L001021.2019.RH3.V1,"De acordo com o nº6 do artigo 69o do Decreto-Lei nº 236/98, de 1 de Agosto.",,
TUA20231010002913,T000010,L000817.2019.RH3.V1,"De acordo com o nº6 do artigo 69o do Decreto-Lei nº 236/98, de 1 de Agosto.",,
TUA20231012002959,T000010,L001020.2019.RH3.V1,"De acordo com o nº6 do artigo 69o do Decreto-Lei nº 236/98, de 1 de Agosto.",,
TUA20231018003040,T000024,L009317.2013.RH5-T1.V1,"(1) Considera-se que as águas residuais tratadas estão conformes com os parâmetros estabelecidos se, para cada um dos parâmetros aplicáveis, individualmente considerados, as amostras revelarem que as águas obedecem à norma de qualidade descrita nesta licença, nos seguintes termos:a) Nenhuma amostra excede o valor paramétrico em mais de 100%; e b) O número máximo anual de amostras não conformes será obtido através de relação estatística similar à aplicável às águas residuais urbanas, descrita no quadro n.º 3 do Anexo I do Decreto-Lei n.º 152/97, de 19 de junho, na sua redação atual.",,
TUA20231018003040,T000050,L009317.2013.RH5-T1.V1,"(2) Considera-se que as águas residuais tratadas estão conformes para o parâmetro pH, se as amostras revelarem que as águas obedecem à norma de qualidade descrita nesta licença, nos seguintes termos: a) Nenhuma amostra poderá se encontrar fora do intervalo 5,0 -10,0, e b) O número máximo anual de amostras não conformes será obtido através de relação estatística similar à aplicável às águas residuais urbanas, descrita no quadro n.º 3 do Anexo I do Decreto-Lei n.º 152/97, de 19 de junho, na sua redação atual.",,
TUA20231109003280,T000010,L005585.2019.RH3.V1,"De acordo com o nº6 do artigo 69o do Decreto-Lei nº 236/98, de 1 de Agosto.",,
TUA20231128003520,T000010,L007490.2019.RH3,"De acordo com o nº6 do artigo 69o do Decreto-Lei nº 236/98, de 1 de Agosto.",,
TUA20231128003521,T000010,L007487.2019.RH3,"Anexo XVIII do Decreto-Lei nº 236/98, de 1 de agosto.",,
TUA20231205003587,T000010,L007491.2019.RH3.V1,"De acordo com o nº6 do artigo 69o do Decreto-Lei nº 236/98, de 1 de Agosto.",,
TUA20231206003600,T000010,L007489.2019.RH3.V1,"De acordo com o nº6 do artigo 69o do Decreto-Lei nº 236/98, de 1 de Agosto.",,
TUA20231206003602,T000010,L007488.2019.RH3.V1,"De acordo com o nº6 do artigo 69o do Decreto-Lei nº 236/98, de 1 de Agosto.",,
TUA20231211003636,T000010,L005712.2019.RH3.V1,"De acordo com o nº6 do artigo 69o do Decreto-Lei nº 236/98, de 1 de Agosto.",,
TUA20231212003641,T000011,L047135.2023.RH5A.V1,"(1) Considera-se que as águas residuais tratadas estão conformes com os parâmetros estabelecidos se, para cada um dos parâmetros aplicáveis, individualmente considerados, as amostras revelarem que as águas obedecem à norma de qualidade descrita nesta licença, nos seguintes termos:a) Nenhuma amostra excede o valor paramétrico em mais de 100%; e b) O número máximo anual de amostras não conformes será obtido através de relação estatística similar à aplicável às águas residuais urbanas, descrita no quadro n.º 3 do Anexo I do Decreto-Lei n.º 152/97, de 19 de junho, na sua redação atual.",,
TUA20231212003641,T000012,L047135.2023.RH5A.V1,"(2) Considera-se que as águas residuais tratadas estão conformes para o parâmetro pH, se as amostras revelarem que as águas obedecem à norma de qualidade descrita nesta licença, nos seguintes termos: :a) Nenhuma amostra poderá se encontrar fora do intervalo 5,0 -10,0, eb) O número máximo anual de amostras não conformes será obtido através de relação estatística similar à aplicável às águas residuais urbanas, descrita no quadro n.º 3 do Anexo I do Decreto-Lei n.º 152/97, de 19 de junho, na sua redação atual.",,
TUA20231228003808,T000010,L007492.2019.RH3.V1,"De acordo com o nº6 do artigo 69o do Decreto-Lei nº 236/98, de 1 de Agosto.",,
TUA20240131000275,T000010,L015762.2013.RH5-T1.V1,"(1) Considera-se que as águas residuais tratadas estão conformes com os parâmetros estabelecidos se, para cada um dos parâmetros aplicáveis, individualmente considerados, as amostras revelarem que as águas obedecem à norma de qualidade descrita nesta licença, nos seguintes termos:a) Nenhuma amostra excede o valor paramétrico em mais de 100%; e b) O número máximo anual de amostras não conformes será obtido através de relação estatística similar à aplicável às águas residuais urbanas, descrita no quadro n.º 3 do Anexo I do Decreto-Lei n.º 152/97, de 19 de junho, na sua redação atual.",,
TUA20240131000275,T000020,L015762.2013.RH5-T1.V1,"(2) Considera-se que as águas residuais tratadas estão conformes para o parâmetro pH, se as amostras revelarem que as águas obedecem à norma de qualidade descrita nesta licença, nos seguintes termos: a) Nenhuma amostra poderá se encontrar fora do intervalo 5,0 -10,0, e b) O número máximo anual de amostras não conformes será obtido através de relação estatística similar à aplicável às águas residuais urbanas, descrita no quadro n.º 3 do Anexo I do Decreto-Lei n.º 152/97, de 19 de junho, na sua redação atual.",,
TUA20240131000276,T000010,L010891.2013.RH5-T1.V1,"(1) Considera-se que as águas residuais tratadas estão conformes com os parâmetros estabelecidos se, para cada um dos parâmetros aplicáveis, individualmente considerados, as amostras revelarem que as águas obedecem à norma de qualidade descrita nesta licença, nos seguintes termos:a) Nenhuma amostra excede o valor paramétrico em mais de 100%; e b) O número máximo anual de amostras não conformes será obtido através de relação estatística similar à aplicável às águas residuais urbanas, descrita no quadro n.º 3 do Anexo I do Decreto-Lei n.º 152/97, de 19 de junho, na sua redação atual.",,
TUA20240131000276,T000025,L010891.2013.RH5-T1.V1,"(2) Considera-se que as águas residuais tratadas estão conformes para o parâmetro pH, se as amostras revelarem que as águas obedecem à norma de qualidade descrita nesta licença, nos seguintes termos: a) Nenhuma amostra poderá se encontrar fora do intervalo 5,0 -10,0, e b) O número máximo anual de amostras não conformes será obtido através de relação estatística similar à aplicável às águas residuais urbanas, descrita no quadro n.º 3 do Anexo I do Decreto-Lei n.º 152/97, de 19 de junho, na sua redação atual.",,
TUA20240216000439,T000010,L047225.2023.RH5A.V1,"(1) Considera-se que as águas residuais tratadas estão conformes com os parâmetros estabelecidos se, para cada um dos parâmetros aplicáveis, individualmente considerados, as amostras revelarem que as águas obedecem à norma de qualidade descrita nesta licença, nos seguintes termos:a) Nenhuma amostra excede o valor paramétrico em mais de 100%; e b) O número máximo anual de amostras não conformes será obtido através de relação estatística similar à aplicável às águas residuais urbanas, descrita no quadro n.º 3 do Anexo I do Decreto-Lei n.º 152/97, de 19 de junho, na sua redação atual.",,
TUA20240216000439,T000016,L047225.2023.RH5A.V1,"(2) Considera-se que as águas residuais tratadas estão conformes para o parâmetro pH, se as amostras revelarem que as águas obedecem à norma de qualidade descrita nesta licença, nos seguintes termos: a) Nenhuma amostra poderá se encontrar fora do intervalo 5,0 -10,0, e b) O número máximo anual de amostras não conformes será obtido através de relação estatística similar à aplicável às águas residuais urbanas, descrita no quadro n.º 3 do Anexo I do Decreto-Lei n.º 152/97, de 19 de junho, na sua redação atual.",,
TUA20240216000440,T000024,L008275.2018.RH5A.V1,"(1) Considera-se que as águas residuais tratadas estão conformes com os parâmetros estabelecidos se, para cada um dos parâmetros aplicáveis, individualmente considerados, as amostras revelarem que as águas obedecem à norma de qualidade descrita nesta licença, nos seguintes termos:a) Nenhuma amostra excede o valor paramétrico em mais de 100%; e b) O número máximo anual de amostras não conformes será obtido através de relação estatística similar à aplicável às águas residuais urbanas, descrita no quadro n.º 3 do Anexo I do Decreto-Lei n.º 152/97, de 19 de junho, na sua redação atual.",,
TUA20240216000440,T000050,L008275.2018.RH5A.V1,"(2) Considera-se que as águas residuais tratadas estão conformes para o parâmetro pH, se as amostras revelarem que as águas obedecem à norma de qualidade descrita nesta licença, nos seguintes termos: a) Nenhuma amostra poderá se encontrar fora do intervalo 5,0 -10,0, e b) O número máximo anual de amostras não conformes será obtido através de relação estatística similar à aplicável às águas residuais urbanas, descrita no quadro n.º 3 do Anexo I do Decreto-Lei n.º 152/97, de 19 de junho, na sua redação atual.",,
TUA20240216000462,T000011,L006005.2021.RH5A.V1,"(1) Considera-se que as águas residuais tratadas estão conformes com os parâmetros estabelecidos se, para cada um dos parâmetros aplicáveis, individualmente considerados, as amostras revelarem que as águas obedecem à norma de qualidade descrita nesta licença, nos seguintes termos:a) Nenhuma amostra excede o valor paramétrico em mais de 100%; e b) O número máximo anual de amostras não conformes será obtido através de relação estatística similar à aplicável às águas residuais urbanas, descrita no quadro n.º 3 do Anexo I do Decreto-Lei n.º 152/97, de 19 de junho, na sua redação atual.",,
TUA20240216000462,T000012,L006005.2021.RH5A.V1,"(2) Considera-se que as águas residuais tratadas estão conformes para o parâmetro pH, se as amostras revelarem que as águas obedecem à norma de qualidade descrita nesta licença, nos seguintes termos: :a) Nenhuma amostra poderá se encontrar fora do intervalo 5,0 -10,0, eb) O número máximo anual de amostras não conformes será obtido através de relação estatística similar à aplicável às águas residuais urbanas, descrita no quadro n.º 3 do Anexo I do Decreto-Lei n.º 152/97, de 19 de junho, na sua redação atual.",,
TUA20240223000530,T000050,L031504.2023.RH5A.V1,"(1) Considera-se que as águas residuais tratadas estão conformes com os parâmetros estabelecidos se, para cada um dos parâmetros aplicáveis, individualmente considerados, as amostras revelarem que as águas obedecem à norma de qualidade descrita nesta licença, nos seguintes termos:a) Nenhuma amostra excede o valor paramétrico em mais de 100%; e b) O número máximo anual de amostras não conformes será obtido através de relação estatística similar à aplicável às águas residuais urbanas, descrita no quadro n.º 3 do Anexo I do Decreto-Lei n.º 152/97, de 19 de junho, na sua redação atual.",,
TUA20240223000530,T000061,L031504.2023.RH5A.V1,"(2) Considera-se que as águas residuais tratadas estão conformes para o parâmetro pH, se as amostras revelarem que as águas obedecem à norma de qualidade descrita nesta licença, nos seguintes termos: a) Nenhuma amostra poderá se encontrar fora do intervalo 5,0 -10,0, e b) O número máximo anual de amostras não conformes será obtido através de relação estatística similar à aplicável às águas residuais urbanas, descrita no quadro n.º 3 do Anexo I do Decreto-Lei n.º 152/97, de 19 de junho, na sua redação atual.",,
TUA20240229000598,T000010,L047273.2023.RH5A.V1,"(1) Considera-se que as águas residuais tratadas estão conformes com os parâmetros estabelecidos se, para cada um dos parâmetros aplicáveis, individualmente considerados, as amostras revelarem que as águas obedecem à norma de qualidade descrita nesta licença, nos seguintes termos:a) Nenhuma amostra excede o valor paramétrico em mais de 100%; e b) O número máximo anual de amostras não conformes será obtido através de relação estatística similar à aplicável às águas residuais urbanas, descrita no quadro n.º 3 do Anexo I do Decreto-Lei n.º 152/97, de 19 de junho, na sua redação atual.",,
TUA20240229000598,T000021,L047273.2023.RH5A.V1,"(2) Considera-se que as águas residuais tratadas estão conformes para o parâmetro pH, se as amostras revelarem que as águas obedecem à norma de qualidade descrita nesta licença, nos seguintes termos: a) Nenhuma amostra poderá se encontrar fora do intervalo 5,0 -10,0, e b) O número máximo anual de amostras não conformes será obtido através de relação estatística similar à aplicável às águas residuais urbanas, descrita no quadro n.º 3 do Anexo I do Decreto-Lei n.º 152/97, de 19 de junho, na sua redação atual.",,
TUA20240901002617,T000023,L060851.2024.RH7.V1,"Decreto-Lei nº. 236/98, 1 de agosto",,
TUA20241030003256,T000036,L064067.2024.RH7.V1,"Decreto-Lei nº. 236/98, 1 de agosto",,
TUA20230530001578,T000041,,"(1) De acordo com o nº6 do artigo n.º 69 do Decreto-Lei nº 236/98, de 1 de agosto e de acordo com o Anexo I do Decreto-Lei n.º 152/97, de 19 de junho, com as alterações introduzidas pelos Decretos-Lei n.º 348/98, de 9 de novembro, n.º 149/2004, de 22 de junho e n.º 198/2008, de 8 de outubro: verificação do n.º mínimo anual de amostras, verificação do n.º máximo de amostras não conformes e verificação do desvio aos valores paramétricos.",,L043200.2023.RH4A.V2
TUA20240105000038,T000009,,"(1) Considera-se que as águas residuais tratadas estão conformes com os parâmetros estabelecidos se, para cada um dos parâmetros aplicáveis, individualmente considerados, as amostras revelarem que as águas obedecem à norma de qualidade descrita nesta licença, nos seguintes termos:a) Nenhuma amostra excede o valor paramétrico em mais de 100%; e b) O número máximo anual de amostras não conformes será obtido através de relação estatística similar à aplicável às águas residuais urbanas, descrita no quadro n.º 3 do Anexo I do Decreto-Lei n.º 152/97, de 19 de junho, na sua redação atual.",,L008065.2019.RH3.V1
TUA20240105000038,T000010,,"(2) Para os parâmetros microbiológicos, o valor máximo observado, em amostras não conformes, durante o ano em análise não ultrapassa uma ordem de grandeza do valor limite que lhe corresponde nos casos em que o VLE seja igual ou superior a 1000 ufc/100mL ou NMP/100mL. Nas situações em que o VLE é inferior a 1000 ufc/100mL ou NMP/100mL, o valor máximo observado não ultrapassa o dobro do VLE que lhe corresponde. O número máximo anual de amostras não conformes será obtido através de relação estatística similar à aplicável às águas residuais urbanas, descrita no quadro n.º 3, do Anexo I, do Decreto-Lei n.º 152/97, de 19 de junho, na sua redação atual.",,L008065.2019.RH3.V1
TUA20240105000038,T000011,,"(3) A verificação da conformidade dos parâmetros CBO5, CQO e SST com Valor Limite de Emissão (VLE) estabelecido de acordo com Decreto-Lei n.º 152/97, de 19 de junho, na sua redação atual, é realizada de acordo com o definido na alínea D) do Anexo I do mesmo diploma.",,L008065.2019.RH3.V1
TUA20240105000038,T000012,,"(4) A verificação da conformidade dos parâmetros N e P com Valor Limite de Emissão (VLE) estabelecido de acordo com Decreto-Lei n.º 152/97, de 19 de junho, na sua redação atual, é realizada de acordo com o definido na alínea D) do Anexo I do mesmo diploma.",,L008065.2019.RH3.V1
TUA20240105000038,T000013,,"(5) Considera-se que as águas residuais tratadas estão conformes com os parâmetros estabelecidos se, para cada um dos parâmetros aplicáveis, individualmente considerados, as amostras revelarem que as águas obedecem cumulativamente à norma de qualidade descrita nesta licença, nos seguintes termos:a) Nenhuma amostra excede o valor paramétrico em mais de 100%;b) O número máximo anual de amostras não conformes será obtido através de relação estatística similar à aplicável às águas residuais urbanas, descrita no quadro n.º 3 do Anexo I do Decreto-Lei n.º 152/97, de 19 de junho, na sua redação atual;c) Cumpre as condições específicas no BREF () aplicável.Best Available Techniques REFerence documents",,L008065.2019.RH3.V1
TUA20240105000038,T000017,,"De acordo com o nº6 do artigo 69o do Decreto-Lei nº 236/98, de 1 de Agosto.",,L008065.2019.RH3.V1
TUA20240110000102,T000009,,"(1) Considera-se que as águas residuais tratadas estão conformes com os parâmetros estabelecidos se, para cada um dos parâmetros aplicáveis, individualmente considerados, as amostras revelarem que as águas obedecem à norma de qualidade descrita nesta licença, nos seguintes termos:a) Nenhuma amostra excede o valor paramétrico em mais de 100%; e b) O número máximo anual de amostras não conformes será obtido através de relação estatística similar à aplicável às águas residuais urbanas, descrita no quadro n.º 3 do Anexo I do Decreto-Lei n.º 152/97, de 19 de junho, na sua redação atual.",,L008067.2019.RH3.V1
TUA20240110000102,T000010,,"(2) Para os parâmetros microbiológicos, o valor máximo observado, em amostras não conformes, durante o ano em análise não ultrapassa uma ordem de grandeza do valor limite que lhe corresponde nos casos em que o VLE seja igual ou superior a 1000 ufc/100mL ou NMP/100mL. Nas situações em que o VLE é inferior a 1000 ufc/100mL ou NMP/100mL, o valor máximo observado não ultrapassa o dobro do VLE que lhe corresponde. O número máximo anual de amostras não conformes será obtido através de relação estatística similar à aplicável às águas residuais urbanas, descrita no quadro n.º 3, do Anexo I, do Decreto-Lei n.º 152/97, de 19 de junho, na sua redação atual.",,L008067.2019.RH3.V1
TUA20240110000102,T000011,,"(3) A verificação da conformidade dos parâmetros CBO5, CQO e SST com Valor Limite de Emissão (VLE) estabelecido de acordo com Decreto-Lei n.º 152/97, de 19 de junho, na sua redação atual, é realizada de acordo com o definido na alínea D) do Anexo I do mesmo diploma.",,L008067.2019.RH3.V1
TUA20240110000102,T000012,,"(4) A verificação da conformidade dos parâmetros N e P com Valor Limite de Emissão (VLE) estabelecido de acordo com Decreto-Lei n.º 152/97, de 19 de junho, na sua redação atual, é realizada de acordo com o definido na alínea D) do Anexo I do mesmo diploma.",,L008067.2019.RH3.V1
TUA20240110000102,T000013,,"(5) Considera-se que as águas residuais tratadas estão conformes com os parâmetros estabelecidos se, para cada um dos parâmetros aplicáveis, individualmente considerados, as amostras revelarem que as águas obedecem cumulativamente à norma de qualidade descrita nesta licença, nos seguintes termos:a) Nenhuma amostra excede o valor paramétrico em mais de 100%;b) O número máximo anual de amostras não conformes será obtido através de relação estatística similar à aplicável às águas residuais urbanas, descrita no quadro n.º 3 do Anexo I do Decreto-Lei n.º 152/97, de 19 de junho, na sua redação atual;c) Cumpre as condições específicas no BREF () aplicável.Best Available Techniques REFerence documents",,L008067.2019.RH3.V1
TUA20240110000102,T000016,,"De acordo com o nº6 do artigo 69o do Decreto-Lei nº 236/98, de 1 de Agosto.",,L008067.2019.RH3.V1
TUA20240123000210,T000016,,"De acordo com o nº6 do artigo 69o do Decreto-Lei nº 236/98, de 1 de Agosto.",,L008070.2019.RH3.V1
TUA20240227000550,T000018,,"De acordo com o nº6 do artigo 69o do Decreto-Lei nº 236/98, de 1 de Agosto.",,L012483.2019.RH3.V1
TUA20240308000724,T000017,,"De acordo com o nº6 do artigo 69o do Decreto-Lei nº 236/98, de 1 de Agosto.",,L012485.2019.RH3.V1
TUA20240416001180,T000017,,"De acordo com o Anexo I do Decreto-Lei n.º 152/97, de 19 de junho, com as alterações introduzidas pelos Decretos-Leis n.os 348/98, de 9 de novembro, 149/2004, de 22 de junho e 198/2008, de 8 de outubro: Verificação do n.º mínimo anual de amostras e verificação do n.º máximo de amostras não conformes e verificação do desvio aos valores paramétricos.",,L012482.2019.RH3.V1
TUA20240506001395,T000017,,"De acordo com o nº6 do artigo 69o do Decreto-Lei nº 236/98, de 1 de Agosto.",,L017381.2019.RH3.V1
TUA20240506001401,T000019,,"De acordo com o nº6 do artigo 69o do Decreto-Lei nº 236/98, de 1 de Agosto.",,L008066.2019.RH3.V1
TUA20240521001568,T000010,,"(1) De acordo com o n.º6 do artigo n.º 69 do Decreto-Lei nº 236/98, de 1 de agosto e de acordo com o Anexo I do Decreto-Lei n.º 152/97, de 19 de junho, com as alterações introduzidas pelos Decretos-Lei n.º 348/98, de 9 de novembro, n.º 149/2004, de 22 de junho e n.º 198/2008, de 8 de outubro: verificação do n.º mínimo anual de amostras, verificação do n.º máximo de amostras não conformes e verificação do desvio aos valores paramétricos.",,L015870.2019.RH4A.V1
TUA20240521001569,T000010,,"(1) De acordo com o n.º6 do artigo n.º 69 do Decreto-Lei nº 236/98, de 1 de agosto e de acordo com o Anexo I do Decreto-Lei n.º 152/97, de 19 de junho, com as alterações introduzidas pelos Decretos-Lei n.º 348/98, de 9 de novembro, n.º 149/2004, de 22 de junho e n.º 198/2008, de 8 de outubro: verificação do n.º mínimo anual de amostras, verificação do n.º máximo de amostras não conformes e verificação do desvio aos valores paramétricos.",,L015931.2019.RH4A.V1
TUA20240521001573,T000010,,"(1) De acordo com o n.º6 do artigo n.º 69 do Decreto-Lei nº 236/98, de 1 de agosto e de acordo com o Anexo I do Decreto-Lei n.º 152/97, de 19 de junho, com as alterações introduzidas pelos Decretos-Lei n.º 348/98, de 9 de novembro, n.º 149/2004, de 22 de junho e n.º 198/2008, de 8 de outubro: verificação do n.º mínimo anual de amostras, verificação do n.º máximo de amostras não conformes e verificação do desvio aos valores paramétricos.",,L054772.2024.RH4A.V1
TUA20240521001575,T000010,,"(1) De acordo com o n.º6 do artigo n.º 69 do Decreto-Lei nº 236/98, de 1 de agosto e de acordo com o Anexo I do Decreto-Lei n.º 152/97, de 19 de junho, com as alterações introduzidas pelos Decretos-Lei n.º 348/98, de 9 de novembro, n.º 149/2004, de 22 de junho e n.º 198/2008, de 8 de outubro: verificação do n.º mínimo anual de amostras, verificação do n.º máximo de amostras não conformes e verificação do desvio aos valores paramétricos.",,L054786.2024.RH4A.V1
TUA20240521001577,T000010,,"(1) De acordo com o n.º6 do artigo n.º 69 do Decreto-Lei nº 236/98, de 1 de agosto e de acordo com o Anexo I do Decreto-Lei n.º 152/97, de 19 de junho, com as alterações introduzidas pelos Decretos-Lei n.º 348/98, de 9 de novembro, n.º 149/2004, de 22 de junho e n.º 198/2008, de 8 de outubro: verificação do n.º mínimo anual de amostras, verificação do n.º máximo de amostras não conformes e verificação do desvio aos valores paramétricos.",,L054809.2024.RH4A.V1
TUA20240522001588,T000010,,"(1) De acordo com o n.º6 do artigo n.º 69 do Decreto-Lei nº 236/98, de 1 de agosto e de acordo com o Anexo I do Decreto-Lei n.º 152/97, de 19 de junho, com as alterações introduzidas pelos Decretos-Lei n.º 348/98, de 9 de novembro, n.º 149/2004, de 22 de junho e n.º 198/2008, de 8 de outubro: verificação do n.º mínimo anual de amostras, verificação do n.º máximo de amostras não conformes e verificação do desvio aos valores paramétricos.",,L015978.2022.RH4A.V1
TUA20240604001677,T000023,,"(1) De acordo com o n.º6 do artigo n.º 69 do Decreto-Lei nº 236/98, de 1 de agosto e de acordo com o Anexo I do Decreto-Lei n.º 152/97, de 19 de junho, com as alterações introduzidas pelos Decretos-Lei n.º 348/98, de 9 de novembro, n.º 149/2004, de 22 de junho e n.º 198/2008, de 8 de outubro: verificação do n.º mínimo anual de amostras, verificação do n.º máximo de amostras não conformes e verificação do desvio aos valores paramétricos.",,L015874.2019.RH4A.V1
TUA20240719002219,T000024,,"(1) De acordo com o n.º6 do artigo n.º 69 do Decreto-Lei nº 236/98, de 1 de agosto e de acordo com o Anexo I do Decreto-Lei n.º 152/97, de 19 de junho, com as alterações introduzidas pelos Decretos-Lei n.º 348/98, de 9 de novembro, n.º 149/2004, de 22 de junho e n.º 198/2008, de 8 de outubro: verificação do n.º mínimo anual de amostras, verificação do n.º máximo de amostras não conformes e verificação do desvio aos valores paramétricos.",,L058799.2024.RH4A.V1
TUA20240719002220,T000010,,"(1) De acordo com o n.º6 do artigo n.º 69 do Decreto-Lei nº 236/98, de 1 de agosto e de acordo com o Anexo I do Decreto-Lei n.º 152/97, de 19 de junho, com as alterações introduzidas pelos Decretos-Lei n.º 348/98, de 9 de novembro, n.º 149/2004, de 22 de junho e n.º 198/2008, de 8 de outubro: verificação do n.º mínimo anual de amostras, verificação do n.º máximo de amostras não conformes e verificação do desvio aos valores paramétricos.",,L058803.2024.RH4A.V1
TUA20240725002275,T000010,,"(1) Considera-se que as águas residuais tratadas estão conformes com os parâmetros estabelecidos se, para cada um dos parâmetros aplicáveis, individualmente considerados, as amostras revelarem que as águas obedecem à norma de qualidade descrita nesta licença, nos seguintes termos:a) Nenhuma amostra excede o valor paramétrico em mais de 100%; e b) O número máximo anual de amostras não conformes será obtido através de relação estatística similar à aplicável às águas residuais urbanas, descrita no quadro n.º 3 do Anexo I do Decreto-Lei n.º 152/97, de 19 de junho, na sua redação atual.",,L020554.2019.RH3.V1
TUA20240731002345,T000010,,"(1) Considera-se que as águas residuais tratadas estão conformes com os parâmetros estabelecidos se, para cada um dos parâmetros aplicáveis, individualmente considerados, as amostras revelarem que as águas obedecem à norma de qualidade descrita nesta licença, nos seguintes termos:a) Nenhuma amostra excede o valor paramétrico em mais de 100%; e b) O número máximo anual de amostras não conformes será obtido através de relação estatística similar à aplicável às águas residuais urbanas, descrita no quadro n.º 3 do Anexo I do Decreto-Lei n.º 152/97, de 19 de junho, na sua redação atual.",,L020553.2019.RH3.V1
TUA20240731002347,T000010,,"(1) Considera-se que as águas residuais tratadas estão conformes com os parâmetros estabelecidos se, para cada um dos parâmetros aplicáveis, individualmente considerados, as amostras revelarem que as águas obedecem à norma de qualidade descrita nesta licença, nos seguintes termos:a) Nenhuma amostra excede o valor paramétrico em mais de 100%; e b) O número máximo anual de amostras não conformes será obtido através de relação estatística similar à aplicável às águas residuais urbanas, descrita no quadro n.º 3 do Anexo I do Decreto-Lei n.º 152/97, de 19 de junho, na sua redação atual.",,L020555.2019.RH3.V1
TUA20240808002408,T000010,,"(1) De acordo com o n.º6 do artigo 69º do Decreto-Lei nº 236/98, de 1 de agosto e de acordo com o Anexo I do Decreto-Lei n.º 152/97, de 19 de junho, com as alterações introduzidas pelos Decretos-Lei n.º 348/98, de 9 de novembro, n.º 149/2004, de 22 de junho e n.º 198/2008, de 8 de outubro: verificação do n.º mínimo anual de amostras, verificação do n.º máximo de amostras não conformes e verificação do desvio aos valores paramétricos.",,L015944.2019.RH4A.V1
TUA20240904002654,T000010,,"(1) De acordo com o n.º6 do artigo 69º do Decreto-Lei nº 236/98, de 1 de agosto e de acordo com o Anexo I do Decreto-Lei n.º 152/97, de 19 de junho, com as alterações introduzidas pelos Decretos-Lei n.º 348/98, de 9 de novembro, n.º 149/2004, de 22 de junho e n.º 198/2008, de 8 de outubro: verificação do n.º mínimo anual de amostras, verificação do n.º máximo de amostras não conformes e verificação do desvio aos valores paramétricos.",,L060904.2024.RH4A.V1
TUA20240916002772,T000011,,"(1) Considera-se que as águas residuais tratadas estão conformes com os parâmetros estabelecidos se, para cada um dos parâmetros aplicáveis, individualmente considerados, as amostras revelarem que as águas obedecem à norma de qualidade descrita nesta licença, nos seguintes termos:a) Nenhuma amostra excede o valor paramétrico em mais de 100%; e b) O número máximo anual de amostras não conformes será obtido através de relação estatística similar à aplicável às águas residuais urbanas, descrita no quadro n.º 3 do Anexo I do Decreto-Lei n.º 152/97, de 19 de junho, na sua redação atual.",,L001080.2020.RH5A.V1
TUA20240916002772,T000012,,"(2) Considera-se que as águas residuais tratadas estão conformes para o parâmetro pH, se as amostras revelarem que as águas obedecem à norma de qualidade descrita nesta licença, nos seguintes termos: :a) Nenhuma amostra poderá se encontrar fora do intervalo 5,0 -10,0, eb) O número máximo anual de amostras não conformes será obtido através de relação estatística similar à aplicável às águas residuais urbanas, descrita no quadro n.º 3 do Anexo I do Decreto-Lei n.º 152/97, de 19 de junho, na sua redação atual.",,L001080.2020.RH5A.V1
TUA20241003002946,T000011,,"(1) Considera-se que as águas residuais tratadas estão conformes com os parâmetros estabelecidos se, para cada um dos parâmetros aplicáveis, individualmente considerados, as amostras revelarem que as águas obedecem à norma de qualidade descrita nesta licença, nos seguintes termos:a) Nenhuma amostra excede o valor paramétrico em mais de 100%; e b) O número máximo anual de amostras não conformes será obtido através de relação estatística similar à aplicável às águas residuais urbanas, descrita no quadro n.º 3 do Anexo I do Decreto-Lei n.º 152/97, de 19 de junho, na sua redação atual.",,L001135.2020.RH5A.V1
TUA20241003002946,T000012,,"(2) Considera-se que as águas residuais tratadas estão conformes para o parâmetro pH, se as amostras revelarem que as águas obedecem à norma de qualidade descrita nesta licença, nos seguintes termos: :a) Nenhuma amostra poderá se encontrar fora do intervalo 5,0 -10,0, eb) O número máximo anual de amostras não conformes será obtido através de relação estatística similar à aplicável às águas residuais urbanas, descrita no quadro n.º 3 do Anexo I do Decreto-Lei n.º 152/97, de 19 de junho, na sua redação atual.",,L001135.2020.RH5A.V1
TUA20241014003042,T000010,,"(1) Considera-se que as águas residuais tratadas estão conformes com os parâmetros estabelecidos se, para cada um dos parâmetros aplicáveis, individualmente considerados, as amostras revelarem que as águas obedecem à norma de qualidade descrita nesta licença, nos seguintes termos:a) Nenhuma amostra excede o valor paramétrico em mais de 100%; e b) O número máximo anual de amostras não conformes será obtido através de relação estatística similar à aplicável às águas residuais urbanas, descrita no quadro n.º 3 do Anexo I do Decreto-Lei n.º 152/97, de 19 de junho, na sua redação atual.",,L063042.2024.RH3.V1
TUA20241022003142,T000010,,"(1) De acordo com o n.º6 do artigo 69º do Decreto-Lei nº 236/98, de 1 de agosto e de acordo com o Anexo I do Decreto-Lei n.º 152/97, de 19 de junho, com as alterações introduzidas pelos Decretos-Lei n.º 348/98, de 9 de novembro, n.º 149/2004, de 22 de junho e n.º 198/2008, de 8 de outubro: verificação do n.º mínimo anual de amostras, verificação do n.º máximo de amostras não conformes e verificação do desvio aos valores paramétricos.",,L063531.2024.RH4A.V1
TUA20241122003491,T000010,,"(1) De acordo com o n.º6 do artigo 69º do Decreto-Lei nº 236/98, de 1 de agosto e de acordo com o Anexo I do Decreto-Lei n.º 152/97, de 19 de junho, com as alterações introduzidas pelos Decretos-Lei n.º 348/98, de 9 de novembro, n.º 149/2004, de 22 de junho e n.º 198/2008, de 8 de outubro: verificação do n.º mínimo anual de amostras, verificação do n.º máximo de amostras não conformes e verificação do desvio aos valores paramétricos.",,L014539.2022.RH4A.V1
TUA20241122003495,T000010,,"(1) De acordo com o n.º6 do artigo 69º do Decreto-Lei nº 236/98, de 1 de agosto e de acordo com o Anexo I do Decreto-Lei n.º 152/97, de 19 de junho, com as alterações introduzidas pelos Decretos-Lei n.º 348/98, de 9 de novembro, n.º 149/2004, de 22 de junho e n.º 198/2008, de 8 de outubro: verificação do n.º mínimo anual de amostras, verificação do n.º máximo de amostras não conformes e verificação do desvio aos valores paramétricos.",,L014785.2022.RH4A.V1
TUA20241210003651,T000010,,"(1) De acordo com o n.º6 do artigo 69º do Decreto-Lei nº 236/98, de 1 de agosto e de acordo com o Anexo I do Decreto-Lei n.º 152/97, de 19 de junho, com as alterações introduzidas pelos Decretos-Lei n.º 348/98, de 9 de novembro, n.º 149/2004, de 22 de junho e n.º 198/2008, de 8 de outubro: verificação do n.º mínimo anual de amostras, verificação do n.º máximo de amostras não conformes e verificação do desvio aos valores paramétricos.",,L065853.2024.RH4A.V1
TUA20250226000655,T000010,,"(1) De acordo com o artigo 69.º do Decreto-Lei n.º 236/98, de 1 de agosto. Atendendo à origem das águas residuais e aos objetivos de qualidade definidos para a massa de água recetora, o número máximo anual de amostras que podem não ser conformes não pode exceder 1 (uma) para os parâmetros pH, CBO5, CQO e SST; para o parâmetro Óleos e gorduras todas as amostras têm de ser conformes.",,L070191.2025.RH7.V1
TUA20250317000834,T000010,,"(1) De acordo com o n.º6 do artigo 69º do Decreto-Lei nº 236/98, de 1 de agosto e de acordo com o Anexo I do Decreto-Lei n.º 152/97, de 19 de junho, com as alterações introduzidas pelos Decretos-Lei n.º 348/98, de 9 de novembro, n.º 149/2004, de 22 de junho e n.º 198/2008, de 8 de outubro: verificação do n.º mínimo anual de amostras, verificação do n.º máximo de amostras não conformes e verificação do desvio aos valores paramétricos.",,L014699.2022.RH4A.V1
TUA20250416001449,T000010,,"(1) De acordo com o n.º6 do artigo 69º do Decreto-Lei nº 236/98, de 1 de agosto e de acordo com o Anexo I do Decreto-Lei n.º 152/97, de 19 de junho, com as alterações introduzidas pelos Decretos-Lei n.º 348/98, de 9 de novembro, n.º 149/2004, de 22 de junho e n.º 198/2008, de 8 de outubro: verificação do n.º mínimo anual de amostras, verificação do n.º máximo de amostras não conformes e verificação do desvio aos valores paramétricos.",,L032810.2023.RH4A.V1
TUA20250602001876,T000010,,"(1) De acordo com o artigo 69.º do Decreto-Lei n.º 236/98, de 1 de agosto. Atendendo à origem das águas residuais e aos objetivos de qualidade definidos para a massa de água recetora, o número máximo anual de amostras que podem não ser conformes não pode exceder 1 (uma) para os parâmetros pH, CBO5 e CQO; para o parâmetro Óleos e Gorduras todas as amostras têm de ser conformes.",,L075151.2025.RH6.V1
TUA20250722002408,T000036,,"(1) De acordo com o n.º6 do artigo 69º do Decreto-Lei nº 236/98, de 1 de agosto e de acordo com o Anexo I do Decreto-Lei n.º 152/97, de 19 de junho, com as alterações introduzidas pelos Decretos-Lei n.º 348/98, de 9 de novembro, n.º 149/2004, de 22 de junho e n.º 198/2008, de 8 de outubro: verificação do n.º mínimo anual de amostras, verificação do n.º máximo de amostras não conformes e verificação do desvio aos valores paramétricos.",,L017803.2020.RH4A.V1
TUA20260202000317,T000010,,"(1) Considera-se que as águas residuais tratadas estão conformes com os parâmetros estabelecidos se, para cada um dos parâmetros aplicáveis, individualmente considerados, as amostras revelarem que as águas obedecem à norma de qualidade descrita nesta licença, nos seguintes termos:a) Nenhuma amostra excede o valor paramétrico em mais de 100%; e b) O número máximo anual de amostras não conformes será obtido através de relação estatística similar à aplicável às águas residuais urbanas, descrita no quadro n.º 3 do Anexo I do Decreto-Lei n.º 152/97, de 19 de junho, na sua redação atual.",,L014337.2019.RH5A.V1
TUA20260202000317,T000020,,"(2) Considera-se que as águas residuais tratadas estão conformes para o parâmetro pH, se as amostras revelarem que as águas obedecem à norma de qualidade descrita nesta licença, nos seguintes termos: a) Nenhuma amostra poderá se encontrar fora do intervalo 5,0 -10,0; e b) O número máximo anual de amostras não conformes será obtido através de relação estatística similar à aplicável às águas residuais urbanas, descrita no quadro n.º 3 do Anexo I do Decreto-Lei n.º 152/97, de 19 de junho, na sua redação atual.",,L014337.2019.RH5A.V1
TUA20260202000317,,,,efeitos decorrentes da rejeição de águas residuais e a cumprir os objetivos de qualidade definidos para a massa de água recetora.,
TUA20260202000317,T000055,,,"O titular obriga-se a manter um dossier organizado contendo as Fichas de Dados de Segurança de todas as substâncias e/ou preparações perigosas utilizadas, devidamente redigidas em língua portuguesa.",L014337.2019.RH5A.V1
