Nº TUA,Código,Código TURH,Parâmetro,VLE,Legislação aplicável,Avaliação da conformidade
TUA20220411000574,T000016,L006681.2022.RH5A,Carência Química de Oxigénio (mg/L O2),150,(a),(1)
TUA20220411000574,T000018,L006681.2022.RH5A,Carência Bioquímica de Oxigénio (mg/L O2),40,(a),(1)
TUA20220411000574,T000020,L006681.2022.RH5A,Sólidos Suspensos Totais (mg/L),60,(a),(1)
TUA20220411000574,T000022,L006681.2022.RH5A,pH (Escala de Sörensen),6 a 9,(a),(1)
TUA20220411000574,T000024,L006681.2022.RH5A,Óleos e Gorduras (mg/L),15,(a),(1)
TUA20220420000646,T000016,L006976.2022.RH5A,pH (Escala de Sörensen),6 a 9,(a),(1)
TUA20220420000646,T000018,L006976.2022.RH5A,Carência Química de Oxigénio (mg/L O2),150,(a),(1)
TUA20220420000646,T000020,L006976.2022.RH5A,Carência Bioquímica de Oxigénio (mg/L O2),40,(a),(1)
TUA20220420000646,T000022,L006976.2022.RH5A,Sólidos Suspensos Totais (mg/L),60,(a),(1)
TUA20220420000646,T000024,L006976.2022.RH5A,Óleos e Gorduras (mg/L),15,(a),(1)
TUA20220511000842,T000016,L008397.2022.RH5A,Carência Bioquímica de Oxigénio (mg/L O2),25,(a),(1)
TUA20220511000842,T000018,L008397.2022.RH5A,Carência Química de Oxigénio (mg/L O2),125,(a),(1)
TUA20220511000842,T000019,L008397.2022.RH5A,pH (Escala de Sörensen),6 - 9,(b),(2)
TUA20220511000842,T000021,L008397.2022.RH5A,Sólidos Suspensos Totais (mg/L),60,(a),(1)
TUA20220511000844,T000017,L007123.2022.RH5A,Carência Bioquímica de Oxigénio (mg/L O2),40,(a),(1)
TUA20220511000844,T000019,L007123.2022.RH5A,Carência Química de Oxigénio (mg/L O2),150,(a),(1)
TUA20220511000844,T000021,L007123.2022.RH5A,pH (Escala de Sörensen),6 - 9,(a),(1)
TUA20220511000845,T000016,L006972.2022.RH5A,pH (Escala de Sörensen),6-9,(a),(1)
TUA20220511000845,T000018,L006972.2022.RH5A,Carência Bioquímica de Oxigénio (mg/L O2),40,(a),(1)
TUA20220511000845,T000020,L006972.2022.RH5A,Carência Química de Oxigénio (mg/L O2),150,(a),(1)
TUA20220511000845,T000021,L006972.2022.RH5A,Sólidos Suspensos Totais (mg/L),60,(a),(1)
TUA20220718001522,T000016,L012980.2022.RH5A,pH (Escala de Sörensen),6 a 9,(a),(1)
TUA20220718001522,T000018,L012980.2022.RH5A,Carência Química de Oxigénio (mg/L O2),125,(b),(1)
TUA20220718001522,T000020,L012980.2022.RH5A,Carência Bioquímica de Oxigénio (mg/L O2),25,(b),(1)
TUA20220718001522,T000022,L012980.2022.RH5A,Sólidos Suspensos Totais (mg/L),35,(b),(1)
TUA20220718001522,T000024,L012980.2022.RH5A,Óleos e Gorduras (mg/L),15,(a),(1)
TUA20220718001522,T000026,L012980.2022.RH5A,Azoto total (mg/L N),15,(a),(1)
TUA20220718001522,T000028,L012980.2022.RH5A,Fósforo total (mg/L P),10,(a),(1)
TUA20220718001522,T000030,L012980.2022.RH5A,Escherichia coli (ufc/100 mL),2000,(a),(1)
TUA20220720001537,T000016,L013050.2022.RH5A,pH (Escala de Sörensen),6 a 9,(a),(4)
TUA20220720001537,T000018,L013050.2022.RH5A,Carência Química de Oxigénio (mg/L O2),125,(b),(3)
TUA20220720001537,T000020,L013050.2022.RH5A,Carência Bioquímica de Oxigénio (mg/L O2),25,(b),(3)
TUA20220720001537,T000022,L013050.2022.RH5A,Sólidos Suspensos Totais (mg/L),35,(b),(3)
TUA20220720001537,T000024,L013050.2022.RH5A,Óleos e Gorduras (mg/L),15,(a),(1)
TUA20220720001537,T000026,L013050.2022.RH5A,Azoto total (mg/L N),15,(a),(1)
TUA20220720001537,T000028,L013050.2022.RH5A,Fósforo total (mg/L P),10,(a),(1)
TUA20220720001537,T000030,L013050.2022.RH5A,Escherichia coli (ufc/100 mL),2000,(a),(2)
TUA20220720001538,T000016,L012836.2022.RH5A,pH (Escala de Sörensen),6 a 9,(a),(2)
TUA20220720001538,T000018,L012836.2022.RH5A,Carência Química de Oxigénio (mg/L O2),150,(a),(1)
TUA20220720001538,T000020,L012836.2022.RH5A,Carência Bioquímica de Oxigénio (mg/L O2),40,(a),(1)
TUA20220720001538,T000022,L012836.2022.RH5A,Sólidos Suspensos Totais (mg/L),60,(a),(1)
TUA20220720001538,T000024,L012836.2022.RH5A,Escherichia coli (ufc/100 mL),2000,(a),(3)
TUA20220720001538,T000026,L012836.2022.RH5A,Óleos e Gorduras (mg/L),15,(a),(1)
TUA20220720001538,T000028,L012836.2022.RH5A,Azoto total (mg/L N),15,(a),(1)
TUA20220720001538,T000030,L012836.2022.RH5A,Fósforo total (mg/L P),10,(a),(1)
TUA20220919002148,T000016,L016764.2022.RH5A,Carência Bioquímica de Oxigénio (mg/L O2),40,(a),(1)
TUA20220919002148,T000018,L016764.2022.RH5A,Carência Química de Oxigénio (mg/L O2),150,(a),(1)
TUA20220919002148,T000020,L016764.2022.RH5A,Sólidos Suspensos Totais (mg/L),60,(a),(1)
TUA20220919002148,T000022,L016764.2022.RH5A,pH (Escala de Sörensen),6-9,(a),(1)
TUA20220922002189,T000016,L002661.2018.RH3,Carência Bioquímica de Oxigénio (mg/L O2),40,T000008,T000011
TUA20220922002189,T000018,L002661.2018.RH3,Carência Química de Oxigénio (mg/L O2),150,T000008,T000011
TUA20220922002189,T000020,L002661.2018.RH3,Sólidos Suspensos Totais (mg/L),60,T000008,T000011
TUA20220922002190,T000016,L002662.2018.RH3,Carência Bioquímica de Oxigénio (mg/L O2),40,T000007,T000010
TUA20220922002190,T000018,L002662.2018.RH3,Carência Química de Oxigénio (mg/L O2),150,T000007,T000010
TUA20220922002190,T000020,L002662.2018.RH3,Sólidos Suspensos Totais (mg/L),60,T000007,T000010
TUA20220927002236,T000016,L003469.2017.RH3,Carência Bioquímica de Oxigénio (mg/L O2),40,T000008,T000010
TUA20220927002236,T000018,L003469.2017.RH3,Carência Química de Oxigénio (mg/L O2),150,T000008,T000010
TUA20220927002236,T000020,L003469.2017.RH3,Sólidos Suspensos Totais (mg/L),60,T000008,T000010
TUA20220930002259,T000016,L002663.2018.RH3,Carência Bioquímica de Oxigénio (mg/L O2),40,T000008,T000011
TUA20220930002259,T000018,L002663.2018.RH3,Carência Química de Oxigénio (mg/L O2),150,T000008,T000011
TUA20220930002259,T000020,L002663.2018.RH3,Sólidos Suspensos Totais (mg/L),60,T000008,T000011
TUA20221010002354,T000016,L017862.2017.RH5A,pH (Escala de Sörensen),6-9,(a),(1)
TUA20221010002354,T000018,L017862.2017.RH5A,Carência Bioquímica de Oxigénio (mg/L O2),40,(a),(1)
TUA20221010002354,T000020,L017862.2017.RH5A,Carência Química de Oxigénio (mg/L O2),150,(a),(1)
TUA20221010002354,T000022,L017862.2017.RH5A,Sólidos Suspensos Totais (mg/L),60,(a),(1)
TUA20221010002355,T000016,L017689.2017.RH5A,pH (Escala de Sörensen),6-9,(a),(1)
TUA20221010002355,T000018,L017689.2017.RH5A,Carência Bioquímica de Oxigénio (mg/L O2),25,(b),(2)
TUA20221010002355,T000020,L017689.2017.RH5A,Carência Química de Oxigénio (mg/L O2),125,(b),(2)
TUA20221010002355,T000022,L017689.2017.RH5A,Sólidos Suspensos Totais (mg/L),35,(b),(2)
TUA20221010002356,T000020,L017985.2022.RH5A,pH (Escala de Sörensen),6-9,(a),(1)
TUA20221010002356,T000021,L017985.2022.RH5A,Carência Bioquímica de Oxigénio (mg/L O2),40,(a),(1)
TUA20221010002356,T000022,L017985.2022.RH5A,Carência Química de Oxigénio (mg/L O2),150,(a),(1)
TUA20221010002356,T000023,L017985.2022.RH5A,Sólidos Suspensos Totais (mg/L),60,(a),(1)
TUA20221010002358,T000016,L017897.2017.RH5A,pH (Escala de Sörensen),6-9,(a),(1)
TUA20221010002358,T000018,L017897.2017.RH5A,Carência Bioquímica de Oxigénio (mg/L O2),25,(b),(2)
TUA20221010002358,T000020,L017897.2017.RH5A,Carência Química de Oxigénio (mg/L O2),125,(b),(2)
TUA20221010002358,T000022,L017897.2017.RH5A,Sólidos Suspensos Totais (mg/L),35,(b),(2)
TUA20221010002359,T000017,L016800.2022.RH5A,pH (Escala de Sörensen),6-9,(a),(1)
TUA20221010002359,T000019,L016800.2022.RH5A,Carência Bioquímica de Oxigénio (mg/L O2),40,(a),(1)
TUA20221010002359,T000021,L016800.2022.RH5A,Carência Química de Oxigénio (mg/L O2),150,(a),(1)
TUA20221010002359,T000023,L016800.2022.RH5A,Sólidos Suspensos Totais (mg/L),60,(a),(1)
TUA20221017002426,T000016,L018800.2022.RH5A,pH (Escala de Sörensen),6-9,(a),(1)
TUA20221017002426,T000018,L018800.2022.RH5A,Carência Bioquímica de Oxigénio (mg/L O2),40,(a),(1)
TUA20221017002426,T000020,L018800.2022.RH5A,Carência Química de Oxigénio (mg/L O2),150,(a),(1)
TUA20221017002426,T000022,L018800.2022.RH5A,Sólidos Suspensos Totais (mg/L),60,(a),(1)
TUA20221017002427,T000017,L017875.2017.RH5A,pH (Escala de Sörensen),6-9,(a),(1)
TUA20221017002427,T000018,L017875.2017.RH5A,Carência Bioquímica de Oxigénio (mg/L O2),40,(a),(1)
TUA20221017002427,T000019,L017875.2017.RH5A,Carência Química de Oxigénio (mg/L O2),150,(a),(1)
TUA20221017002427,T000020,L017875.2017.RH5A,Sólidos Suspensos Totais (mg/L),60,(a),(1)
TUA20230116000179,T000008,L025479.2023.RH5A.V1,pH (Escala de Sörensen),6 a 9,(a),(1)
TUA20230116000179,T000010,L025479.2023.RH5A.V1,Carência Química de Oxigénio (mg/L O2),150,(a),(1)
TUA20230116000179,T000012,L025479.2023.RH5A.V1,Carência Bioquímica de Oxigénio (mg/L O2),40,(a),(1)
TUA20230116000179,T000014,L025479.2023.RH5A.V1,Sólidos Suspensos Totais (mg/L),60,(a),(1)
TUA20230116000179,T000016,L025479.2023.RH5A.V1,Óleos e Gorduras (mg/L),15,(a),(1)
TUA20230116000180,T000016,L025473.2023.RH5A.V1,pH (Escala de Sörensen),6 a 9,(a),(1)
TUA20230116000180,T000018,L025473.2023.RH5A.V1,Carência Química de Oxigénio (mg/L O2),150,(a),(1)
TUA20230116000180,T000020,L025473.2023.RH5A.V1,Carência Bioquímica de Oxigénio (mg/L O2),40,(a),(1)
TUA20230116000180,T000022,L025473.2023.RH5A.V1,Sólidos Suspensos Totais (mg/L),60,(a),(1)
TUA20230116000180,T000024,L025473.2023.RH5A.V1,Óleos e Gorduras (mg/L),15,(a),(1)
TUA20230117000197,T000029,L001739.2013.RH5-T1.V1,Carência Bioquímica de Oxigénio (mg/L O2),40,(a),(1)
TUA20230117000197,T000031,L001739.2013.RH5-T1.V1,Carência Química de Oxigénio (mg/L O2),150,(a),(1)
TUA20230117000197,T000033,L001739.2013.RH5-T1.V1,Sólidos Suspensos Totais (mg/L),60,(a),(1)
TUA20230117000197,T000035,L001739.2013.RH5-T1.V1,pH (Escala de Sörensen),6-9,(a),(1)
TUA20230125000254,T000016,L009134.2018.RH3.V1,pH (Escala de Sörensen),6-9,T000008,T000011
TUA20230125000254,T000018,L009134.2018.RH3.V1,Carência Bioquímica de Oxigénio (mg/L O2),40,T000008,T000011
TUA20230125000254,T000020,L009134.2018.RH3.V1,Carência Química de Oxigénio (mg/L O2),150,T000008,T000011
TUA20230125000254,T000022,L009134.2018.RH3.V1,Sólidos Suspensos Totais (mg/L),60,T000008,T000011
TUA20230125000271,T000029,L009128.2018.RH3.V1,pH (Escala de Sörensen),6-9,T000021,T000024
TUA20230125000271,T000031,L009128.2018.RH3.V1,Carência Bioquímica de Oxigénio (mg/L O2),40,T000021,T000024
TUA20230125000271,T000033,L009128.2018.RH3.V1,Carência Química de Oxigénio (mg/L O2),150,T000021,T000024
TUA20230125000271,T000035,L009128.2018.RH3.V1,Sólidos Suspensos Totais (mg/L),60,T000021,T000024
TUA20230125000272,T000015,L009112.2018.RH3.V1,pH (Escala de Sörensen),6-9,T000007,T000010
TUA20230125000272,T000017,L009112.2018.RH3.V1,Carência Bioquímica de Oxigénio (mg/L O2),40,T000007,T000010
TUA20230125000272,T000019,L009112.2018.RH3.V1,Carência Química de Oxigénio (mg/L O2),150,T000007,T000010
TUA20230125000272,T000021,L009112.2018.RH3.V1,Sólidos Suspensos Totais (mg/L),60,T000007,T000010
TUA20230130000331,T000016,L026674.2023.RH5A.V1,pH (Escala de Sörensen),6 a 9,(a),(1)
TUA20230130000331,T000018,L026674.2023.RH5A.V1,Carência Química de Oxigénio (mg/L O2),150,(a),(1)
TUA20230130000331,T000020,L026674.2023.RH5A.V1,Carência Bioquímica de Oxigénio (mg/L O2),40,(a),(1)
TUA20230130000331,T000022,L026674.2023.RH5A.V1,Sólidos Suspensos Totais (mg/L),60,(a),(1)
TUA20230130000331,T000024,L026674.2023.RH5A.V1,Óleos e Gorduras (mg/L),15,(a),(1)
TUA20230130000332,T000016,L026655.2023.RH5A.V1,pH (Escala de Sörensen),6 a 9,(a),(1)
TUA20230130000332,T000018,L026655.2023.RH5A.V1,Carência Química de Oxigénio (mg/L O2),150,(a),(1)
TUA20230130000332,T000020,L026655.2023.RH5A.V1,Carência Bioquímica de Oxigénio (mg/L O2),40,(a),(1)
TUA20230130000332,T000022,L026655.2023.RH5A.V1,Sólidos Suspensos Totais (mg/L),60,(a),(1)
TUA20230130000332,T000024,L026655.2023.RH5A.V1,Óleos e Gorduras (mg/L),15,(a),(1)
TUA20230130000333,T000016,L026342.2023.RH5A.V1,pH (Escala de Sörensen),6 a 9,(a),(1)
TUA20230130000333,T000018,L026342.2023.RH5A.V1,Carência Química de Oxigénio (mg/L O2),150,(a),(1)
TUA20230130000333,T000020,L026342.2023.RH5A.V1,Carência Bioquímica de Oxigénio (mg/L O2),40,(a),(1)
TUA20230130000333,T000022,L026342.2023.RH5A.V1,Sólidos Suspensos Totais (mg/L),60,(a),(1)
TUA20230130000333,T000024,L026342.2023.RH5A.V1,Óleos e Gorduras (mg/L),15,(a),(1)
TUA20230130000335,T000016,L026309.2023.RH5A.V1,pH (Escala de Sörensen),6 a 9,(a),(1)
TUA20230130000335,T000018,L026309.2023.RH5A.V1,Carência Química de Oxigénio (mg/L O2),150,(a),(1)
TUA20230130000335,T000020,L026309.2023.RH5A.V1,Carência Bioquímica de Oxigénio (mg/L O2),40,(a),(1)
TUA20230130000335,T000022,L026309.2023.RH5A.V1,Sólidos Suspensos Totais (mg/L),60,(a),(1)
TUA20230130000335,T000024,L026309.2023.RH5A.V1,Óleos e Gorduras (mg/L),15,(a),(1)
TUA20230130000336,T000016,L026283.2023.RH5A.V1,pH (Escala de Sörensen),6 a 9,(a),(1)
TUA20230130000336,T000018,L026283.2023.RH5A.V1,Carência Química de Oxigénio (mg/L O2),150,(a),(1)
TUA20230130000336,T000020,L026283.2023.RH5A.V1,Carência Bioquímica de Oxigénio (mg/L O2),40,(a),(1)
TUA20230130000336,T000022,L026283.2023.RH5A.V1,Sólidos Suspensos Totais (mg/L),60,(a),(1)
TUA20230130000336,T000024,L026283.2023.RH5A.V1,Óleos e Gorduras (mg/L),15,(a),(1)
TUA20230202000373,T000016,L009125.2018.RH3.V1,Carência Bioquímica de Oxigénio (mg/L O2),25,T000007,T000010
TUA20230202000373,T000018,L009125.2018.RH3.V1,Carência Química de Oxigénio (mg/L O2),125,T000007,T000010
TUA20230202000373,T000020,L009125.2018.RH3.V1,Total de Partículas Sólidas em Suspensão (mg/L),35,T000007,T000010
TUA20230202000374,T000016,L009126.2018.RH3.V1,pH (Escala de Sörensen),6-9,T000007,T000010
TUA20230202000374,T000018,L009126.2018.RH3.V1,Carência Bioquímica de Oxigénio (mg/L O2),40,T000007,T000010
TUA20230202000374,T000020,L009126.2018.RH3.V1,Carência Química de Oxigénio (mg/L O2),150,T000007,T000010
TUA20230202000374,T000022,L009126.2018.RH3.V1,Sólidos Suspensos Totais (mg/L),60,T000007,T000010
TUA20230202000375,T000016,L009113.2018.RH3.V1,pH (Escala de Sörensen),6-9,T000007,T000010
TUA20230202000375,T000018,L009113.2018.RH3.V1,Carência Bioquímica de Oxigénio (mg/L O2),40,T000007,T000010
TUA20230202000375,T000020,L009113.2018.RH3.V1,Carência Química de Oxigénio (mg/L O2),150,T000007,T000010
TUA20230202000375,T000022,L009113.2018.RH3.V1,Sólidos Suspensos Totais (mg/L),60,T000007,T000010
TUA20230202000376,T000021,L009132.2018.RH3.V1,pH (Escala de Sörensen),6-9,T000013,T000016
TUA20230202000376,T000023,L009132.2018.RH3.V1,Carência Bioquímica de Oxigénio (mg/L O2),40,T000013,T000016
TUA20230202000376,T000025,L009132.2018.RH3.V1,Carência Química de Oxigénio (mg/L O2),150,T000013,T000016
TUA20230202000376,T000027,L009132.2018.RH3.V1,Sólidos Suspensos Totais (mg/L),60,T000013,T000016
TUA20230202000377,T000010,L009127.2018.RH3.V1,pH (Escala de Sörensen),6-9,T000008,T000009
TUA20230202000377,T000012,L009127.2018.RH3.V1,Carência Bioquímica de Oxigénio (mg/L O2),40,T000008,T000009
TUA20230202000377,T000014,L009127.2018.RH3.V1,Carência Química de Oxigénio (mg/L O2),150,T000008,T000009
TUA20230202000377,T000016,L009127.2018.RH3.V1,Sólidos Suspensos Totais (mg/L),60,T000008,T000009
TUA20230202000378,T000016,L009139.2018.RH3.V1,pH (Escala de Sörensen),6-9,T000008,T000011
TUA20230202000378,T000018,L009139.2018.RH3.V1,Carência Bioquímica de Oxigénio (mg/L O2),40,T000008,T000011
TUA20230202000378,T000020,L009139.2018.RH3.V1,Carência Química de Oxigénio (mg/L O2),150,T000008,T000011
TUA20230202000378,T000022,L009139.2018.RH3.V1,Sólidos Suspensos Totais (mg/L),60,T000008,T000011
TUA20230208000443,T000016,L026778.2023.RH3.V1,pH (Escala de Sörensen),6-9,T000007,T000010
TUA20230208000443,T000018,L026778.2023.RH3.V1,Carência Bioquímica de Oxigénio (mg/L O2),40,T000007,T000010
TUA20230208000443,T000020,L026778.2023.RH3.V1,Carência Química de Oxigénio (mg/L O2),150,T000007,T000010
TUA20230208000443,T000022,L026778.2023.RH3.V1,Sólidos Suspensos Totais (mg/L),60,T000007,T000010
TUA20230213000471,T000016,L004520.2018.RH3.V1,pH (Escala de Sörensen),6-9,T000007,T000010
TUA20230213000471,T000018,L004520.2018.RH3.V1,Carência Bioquímica de Oxigénio (mg/L O2),40,T000007,T000010
TUA20230213000471,T000020,L004520.2018.RH3.V1,Carência Química de Oxigénio (mg/L O2),150,T000007,T000010
TUA20230213000471,T000022,L004520.2018.RH3.V1,Sólidos Suspensos Totais (mg/L),60,T000007,T000010
TUA20230213000497,T000016,L001767.2013.RH5-T1.V1,Carência Bioquímica de Oxigénio (mg/L O2),40,(a),(1)
TUA20230213000497,T000018,L001767.2013.RH5-T1.V1,Carência Química de Oxigénio (mg/L O2),150,(a),(1)
TUA20230213000497,T000020,L001767.2013.RH5-T1.V1,Sólidos Suspensos Totais (mg/L),60,(a),(1)
TUA20230213000497,T000022,L001767.2013.RH5-T1.V1,pH (Escala de Sörensen),6-9,(a),(1)
TUA20230216000512,T000016,L010055.2018.RH3.V1,pH (Escala de Sörensen),6-9,T000007,T000010
TUA20230216000512,T000018,L010055.2018.RH3.V1,Carência Bioquímica de Oxigénio (mg/L O2),40,T000007,T000010
TUA20230216000512,T000020,L010055.2018.RH3.V1,Carência Química de Oxigénio (mg/L O2),150,T000007,T000010
TUA20230216000512,T000022,L010055.2018.RH3.V1,Sólidos Suspensos Totais (mg/L),60,T000007,T000010
TUA20230216000513,T000016,L004518.2018.RH3.V1,pH (Escala de Sörensen),6-9,T000007,T000010
TUA20230216000513,T000018,L004518.2018.RH3.V1,Carência Bioquímica de Oxigénio (mg/L O2),40,T000007,T000010
TUA20230216000513,T000020,L004518.2018.RH3.V1,Carência Química de Oxigénio (mg/L O2),150,T000007,T000010
TUA20230216000513,T000022,L004518.2018.RH3.V1,Sólidos Suspensos Totais (mg/L),60,T000007,T000010
TUA20230220000545,T000016,L004518.2018.RH3.V2,pH (Escala de Sörensen),6-9,T000007,T000010
TUA20230220000545,T000018,L004518.2018.RH3.V2,Carência Bioquímica de Oxigénio (mg/L O2),40,T000007,T000007
TUA20230220000545,T000020,L004518.2018.RH3.V2,Carência Química de Oxigénio (mg/L O2),150,T000007,T000010
TUA20230220000545,T000022,L004518.2018.RH3.V2,Sólidos Suspensos Totais (mg/L),60,T000007,T000010
TUA20230228000613,T000016,L001772.2020.RH5A.V1,Carência Bioquímica de Oxigénio (mg/L O2),25,(b),(2)
TUA20230228000613,T000018,L001772.2020.RH5A.V1,Carência Química de Oxigénio (mg/L O2),125,(b),(2)
TUA20230228000613,T000020,L001772.2020.RH5A.V1,Sólidos Suspensos Totais (mg/L),35,(b),(2)
TUA20230228000613,T000022,L001772.2020.RH5A.V1,pH (Escala de Sörensen),6-9,(a),(1)
TUA20230228000614,T000029,L007117.2022.RH5A.V1,Carência Bioquímica de Oxigénio (mg/L O2),20,(a),(1)
TUA20230228000614,T000034,L007117.2022.RH5A.V1,Carência Química de Oxigénio (mg/L O2),125,(b),(1)
TUA20230228000614,T000037,L007117.2022.RH5A.V1,Sólidos Suspensos Totais (mg/L),35,(b),(1)
TUA20230228000614,T000041,L007117.2022.RH5A.V1,pH (Escala de Sörensen),6 a 9,(c),(2)
TUA20230328000995,T000016,L009129.2018.RH3.V1,pH (Escala de Sörensen),6-9,T000006,T000009
TUA20230328000995,T000018,L009129.2018.RH3.V1,Carência Bioquímica de Oxigénio (mg/L O2),40,T000006,T000009
TUA20230328000995,T000020,L009129.2018.RH3.V1,Carência Química de Oxigénio (mg/L O2),150,T000006,T000009
TUA20230328000995,T000022,L009129.2018.RH3.V1,Sólidos Suspensos Totais (mg/L),60,T000006,T000009
TUA20230328000996,T000016,L009136.2018.RH3.V1,pH (Escala de Sörensen),6-9,T000006,T000009
TUA20230328000996,T000018,L009136.2018.RH3.V1,Carência Bioquímica de Oxigénio (mg/L O2),40,T000006,T000009
TUA20230328000996,T000020,L009136.2018.RH3.V1,Carência Química de Oxigénio (mg/L O2),150,T000006,T000009
TUA20230328000996,T000022,L009136.2018.RH3.V1,Sólidos Suspensos Totais (mg/L),60,T000006,T000009
TUA20230421001258,T000016,L010060.2018.RH3.V1,pH (Escala de Sörensen),6-9,T000006,T000009
TUA20230421001258,T000018,L010060.2018.RH3.V1,Carência Bioquímica de Oxigénio (mg/L O2),40,T000006,T000009
TUA20230421001258,T000020,L010060.2018.RH3.V1,Carência Química de Oxigénio (mg/L O2),150,T000006,T000009
TUA20230421001258,T000022,L010060.2018.RH3.V1,Sólidos Suspensos Totais (mg/L),60,T000006,T000009
TUA20230421001259,T000015,L010061.2018.RH3.V1,pH (Escala de Sörensen),6-9,T000006,T000009
TUA20230421001259,T000017,L010061.2018.RH3.V1,Carência Bioquímica de Oxigénio (mg/L O2),40,T000006,T000009
TUA20230421001259,T000019,L010061.2018.RH3.V1,Carência Química de Oxigénio (mg/L O2),150,T000006,T000006
TUA20230421001259,T000021,L010061.2018.RH3.V1,Sólidos Suspensos Totais (mg/L),60,T000006,T000009
TUA20230421001260,T000016,L011919.2018.RH3.V1,pH (Escala de Sörensen),6-9,T000007,T000010
TUA20230421001260,T000018,L011919.2018.RH3.V1,Carência Bioquímica de Oxigénio (mg/L O2),40,T000007,T000010
TUA20230421001260,T000020,L011919.2018.RH3.V1,Carência Química de Oxigénio (mg/L O2),150,T000007,T000010
TUA20230421001260,T000022,L011919.2018.RH3.V1,Sólidos Suspensos Totais (mg/L),60,T000007,T000010
TUA20230421001263,T000016,L010047.2018.RH3.V1,pH (Escala de Sörensen),6-9,T000006,T000009
TUA20230421001263,T000018,L010047.2018.RH3.V1,Carência Bioquímica de Oxigénio (mg/L O2),40,T000006,T000009
TUA20230421001263,T000020,L010047.2018.RH3.V1,Carência Química de Oxigénio (mg/L O2),150,T000006,T000009
TUA20230421001263,T000022,L010047.2018.RH3.V1,Sólidos Suspensos Totais (mg/L),60,T000006,T000009
TUA20230423001281,T000016,L004998.2016.RH7.V1,pH (Escala de Sörensen),"6,0 - 9,0",(a),(1)
TUA20230423001281,T000017,L004998.2016.RH7.V1,Carência Bioquímica de Oxigénio (mg/L O2),25,(b),(1)
TUA20230423001281,T000018,L004998.2016.RH7.V1,Carência Química de Oxigénio (mg/L O2),125,(b),(1)
TUA20230423001281,T000019,L004998.2016.RH7.V1,Sólidos Suspensos Totais (mg/L),35,(b),(1)
TUA20230423001281,T000020,L004998.2016.RH7.V1,Óleos e Gorduras (mg/L),15,(a),(1)
TUA20230510001393,T000007,L008277.2018.RH5A.V1,pH (Escala de Sörensen),6-9,(a),(2)
TUA20230510001393,T000040,L008277.2018.RH5A.V1,Carência Bioquímica de Oxigénio (mg/L O2),25,(a),(1)
TUA20230510001393,T000042,L008277.2018.RH5A.V1,Carência Química de Oxigénio (mg/L O2),125,(a),(1)
TUA20230510001393,T000044,L008277.2018.RH5A.V1,Sólidos Suspensos Totais (mg/L),35,(a),(1)
TUA20230510001393,T000046,L008277.2018.RH5A.V1,Fósforo total (mg/L P),3,(a),(1)
TUA20230510001393,T000048,L008277.2018.RH5A.V1,Óleos e Gorduras (mg/L),15,(a),(1)
TUA20230510001393,T000050,L008277.2018.RH5A.V1,Fenóis (mg/L C6H5OH),"0,5",(a),(1)
TUA20230510001399,T000016,L033073.2023.RH3.V1,pH (Escala de Sörensen),6-9,T000006,T000009
TUA20230510001399,T000018,L033073.2023.RH3.V1,Carência Bioquímica de Oxigénio (mg/L O2),40,T000006,T000009
TUA20230510001399,T000020,L033073.2023.RH3.V1,Carência Química de Oxigénio (mg/L O2),150,T000006,T000009
TUA20230510001399,T000022,L033073.2023.RH3.V1,Sólidos Suspensos Totais (mg/L),60,T000006,T000009
TUA20230602001636,T000016,L034412.2023.RH3.V1,pH (Escala de Sörensen),6-9,T000006,T000009
TUA20230602001636,T000018,L034412.2023.RH3.V1,Carência Bioquímica de Oxigénio (mg/L O2),40,T000006,T000009
TUA20230602001636,T000020,L034412.2023.RH3.V1,Carência Química de Oxigénio (mg/L O2),150,T000006,T000009
TUA20230602001636,T000022,L034412.2023.RH3.V1,Sólidos Suspensos Totais (mg/L),60,T000006,T000009
TUA20230602001637,T000016,L034331.2023.RH3.V1,pH (Escala de Sörensen),6-9,T000006,T000009
TUA20230602001637,T000018,L034331.2023.RH3.V1,Carência Bioquímica de Oxigénio (mg/L O2),40,T000006,T000009
TUA20230602001637,T000020,L034331.2023.RH3.V1,Carência Química de Oxigénio (mg/L O2),150,T000006,T000009
TUA20230602001637,T000022,L034331.2023.RH3.V1,Sólidos Suspensos Totais (mg/L),60,T000006,T000009
TUA20230707002024,T000016,L034219.2023.RH5A.V1,pH (Escala de Sörensen),6 a 9,(a),(2)
TUA20230707002024,T000018,L034219.2023.RH5A.V1,Carência Química de Oxigénio (mg/L O2),150,(a),(1)
TUA20230707002024,T000020,L034219.2023.RH5A.V1,Carência Bioquímica de Oxigénio (mg/L O2),40,(a),(1)
TUA20230707002024,T000022,L034219.2023.RH5A.V1,Sólidos Suspensos Totais (mg/L),60,(a),(1)
TUA20230717002123,T000016,L010057.2018.RH3.V1,pH (Escala de Sörensen),6-9,T000007,T000010
TUA20230717002123,T000018,L010057.2018.RH3.V1,Carência Bioquímica de Oxigénio (mg/L O2),40,T000007,T000010
TUA20230717002123,T000020,L010057.2018.RH3.V1,Carência Química de Oxigénio (mg/L O2),150,T000007,T000010
TUA20230717002123,T000022,L010057.2018.RH3.V1,Sólidos Suspensos Totais (mg/L),60,T000007,T000010
TUA20230717002153,T000016,L037792.2023.RH5A.V1,pH (Escala de Sörensen),6 a 9,(a),(2)
TUA20230717002153,T000018,L037792.2023.RH5A.V1,Carência Química de Oxigénio (mg/L O2),150,(a),(1)
TUA20230717002153,T000020,L037792.2023.RH5A.V1,Carência Bioquímica de Oxigénio (mg/L O2),40,(a),(1)
TUA20230717002153,T000022,L037792.2023.RH5A.V1,Sólidos Suspensos Totais (mg/L),60,(a),(1)
TUA20230801002309,T000016,L034885.2023.RH4A.V1,pH (Escala de Sörensen),6.0 a 9.0,(a),(1)
TUA20230801002309,T000018,L034885.2023.RH4A.V1,Carência Bioquímica de Oxigénio (mg/L O2),40,(a),(1)
TUA20230801002309,T000020,L034885.2023.RH4A.V1,Carência Química de Oxigénio (mg/L O2),150,(a),(1)
TUA20230801002309,T000022,L034885.2023.RH4A.V1,Sólidos Suspensos Totais (mg/L),60,(a),(1)
TUA20230808002363,T000016,L037599.2023.RH5A.V1,pH (Escala de Sörensen),6 a 9,(a),(2)
TUA20230808002363,T000018,L037599.2023.RH5A.V1,Carência Química de Oxigénio (mg/L O2),150,(a),(1)
TUA20230808002363,T000020,L037599.2023.RH5A.V1,Carência Bioquímica de Oxigénio (mg/L O2),40,(a),(1)
TUA20230808002363,T000022,L037599.2023.RH5A.V1,Sólidos Suspensos Totais (mg/L),60,(a),(1)
TUA20230816002415,T000016,L010038.2018.RH3.V1,pH (Escala de Sörensen),6-9,T000007,T000010
TUA20230816002415,T000018,L010038.2018.RH3.V1,Carência Bioquímica de Oxigénio (mg/L O2),40,T000007,T000010
TUA20230816002415,T000020,L010038.2018.RH3.V1,Carência Química de Oxigénio (mg/L O2),150,T000007,T000010
TUA20230816002415,T000022,L010038.2018.RH3.V1,Sólidos Suspensos Totais (mg/L),60,T000007,T000010
TUA20230824002503,T000016,L000819.2019.RH3.V1,pH (Escala de Sörensen),6-9,T000007,T000010
TUA20230824002503,T000018,L000819.2019.RH3.V1,Carência Bioquímica de Oxigénio (mg/L O2),40,T000007,T000010
TUA20230824002503,T000020,L000819.2019.RH3.V1,Carência Química de Oxigénio (mg/L O2),150,T000007,T000010
TUA20230824002503,T000022,L000819.2019.RH3.V1,Sólidos Suspensos Totais (mg/L),60,T000007,T000010
TUA20230831002551,T000016,L000813.2019.RH3.V1,pH (Escala de Sörensen),6-9,T000007,T000010
TUA20230831002551,T000018,L000813.2019.RH3.V1,Carência Bioquímica de Oxigénio (mg/L O2),40,T000007,T000010
TUA20230831002551,T000020,L000813.2019.RH3.V1,Carência Química de Oxigénio (mg/L O2),150,T000007,T000010
TUA20230831002551,T000022,L000813.2019.RH3.V1,Sólidos Suspensos Totais (mg/L),60,T000007,T000010
TUA20230905002577,T000016,L000814.2019.RH3.V1,pH (Escala de Sörensen),6-9,T000007,T000010
TUA20230905002577,T000018,L000814.2019.RH3.V1,Carência Bioquímica de Oxigénio (mg/L O2),40,T000007,T000010
TUA20230905002577,T000020,L000814.2019.RH3.V1,Carência Química de Oxigénio (mg/L O2),150,T000007,T000010
TUA20230905002577,T000022,L000814.2019.RH3.V1,Sólidos Suspensos Totais (mg/L),60,T000007,T000010
TUA20230905002578,T000016,L000818.2019.RH3.V1,pH (Escala de Sörensen),6-9,T000007,T000010
TUA20230905002578,T000018,L000818.2019.RH3.V1,Carência Bioquímica de Oxigénio (mg/L O2),40,T000007,T000010
TUA20230905002578,T000020,L000818.2019.RH3.V1,Carência Química de Oxigénio (mg/L O2),150,T000007,T000010
TUA20230905002578,T000022,L000818.2019.RH3.V1,Sólidos Suspensos Totais (mg/L),60,T000007,T000010
TUA20230905002579,T000010,L000816.2019.RH3.V1,pH (Escala de Sörensen),6-9,T000008,T000009
TUA20230905002579,T000012,L000816.2019.RH3.V1,Carência Bioquímica de Oxigénio (mg/L O2),25,T000008,T000009
TUA20230905002579,T000014,L000816.2019.RH3.V1,Carência Química de Oxigénio (mg/L O2),125,T000008,T000009
TUA20230905002579,T000016,L000816.2019.RH3.V1,Total de Partículas Sólidas em Suspensão (mg/L),35,T000008,T000009
TUA20230912002642,T000016,L000805.2019.RH3.V1,pH (Escala de Sörensen),6-9,T000008,T000011
TUA20230912002642,T000018,L000805.2019.RH3.V1,Carência Bioquímica de Oxigénio (mg/L O2),40,T000008,T000011
TUA20230912002642,T000020,L000805.2019.RH3.V1,Carência Química de Oxigénio (mg/L O2),150,T000008,T000011
TUA20230912002642,T000022,L000805.2019.RH3.V1,Sólidos Suspensos Totais (mg/L),60,T000008,T000011
TUA20230912002643,T000016,L000810.2019.RH3.V1,pH (Escala de Sörensen),6-9,T000008,T000011
TUA20230912002643,T000018,L000810.2019.RH3.V1,Carência Bioquímica de Oxigénio (mg/L O2),40,T000008,T000011
TUA20230912002643,T000020,L000810.2019.RH3.V1,Carência Química de Oxigénio (mg/L O2),150,T000008,T000011
TUA20230912002643,T000022,L000810.2019.RH3.V1,Sólidos Suspensos Totais (mg/L),60,T000008,T000011
TUA20230915002702,T000016,L000820.2019.RH3.V1,pH (Escala de Sörensen),6-9,T000007,T000010
TUA20230915002702,T000018,L000820.2019.RH3.V1,Carência Bioquímica de Oxigénio (mg/L O2),40,T000007,T000010
TUA20230915002702,T000020,L000820.2019.RH3.V1,Carência Química de Oxigénio (mg/L O2),150,T000007,T000010
TUA20230915002702,T000022,L000820.2019.RH3.V1,Sólidos Suspensos Totais (mg/L),60,T000007,T000010
TUA20230918002712,T000016,L000815.2019.RH3.V1,pH (Escala de Sörensen),6-9,T000007,T000010
TUA20230918002712,T000018,L000815.2019.RH3.V1,Carência Bioquímica de Oxigénio (mg/L O2),40,T000007,T000010
TUA20230918002712,T000020,L000815.2019.RH3.V1,Carência Química de Oxigénio (mg/L O2),150,T000007,T000010
TUA20230918002712,T000022,L000815.2019.RH3.V1,Sólidos Suspensos Totais (mg/L),60,T000007,T000010
TUA20231010002912,T000016,L001021.2019.RH3.V1,pH (Escala de Sörensen),6-9,T000007,T000010
TUA20231010002912,T000018,L001021.2019.RH3.V1,Carência Bioquímica de Oxigénio (mg/L O2),40,T000007,T000010
TUA20231010002912,T000020,L001021.2019.RH3.V1,Carência Química de Oxigénio (mg/L O2),150,T000007,T000010
TUA20231010002912,T000022,L001021.2019.RH3.V1,Sólidos Suspensos Totais (mg/L),60,T000007,T000010
TUA20231010002913,T000016,L000817.2019.RH3.V1,pH (Escala de Sörensen),6-9,T000007,T000010
TUA20231010002913,T000018,L000817.2019.RH3.V1,Carência Bioquímica de Oxigénio (mg/L O2),40,T000007,T000010
TUA20231010002913,T000020,L000817.2019.RH3.V1,Carência Química de Oxigénio (mg/L O2),150,T000007,T000010
TUA20231010002913,T000022,L000817.2019.RH3.V1,Sólidos Suspensos Totais (mg/L),60,T000007,T000010
TUA20231012002959,T000016,L001020.2019.RH3.V1,pH (Escala de Sörensen),6-9,T000007,T000010
TUA20231012002959,T000018,L001020.2019.RH3.V1,Carência Bioquímica de Oxigénio (mg/L O2),40,T000007,T000010
TUA20231012002959,T000020,L001020.2019.RH3.V1,Carência Química de Oxigénio (mg/L O2),150,T000007,T000010
TUA20231012002959,T000022,L001020.2019.RH3.V1,Sólidos Suspensos Totais (mg/L),60,T000007,T000010
TUA20231018003040,T000029,L009317.2013.RH5-T1.V1,pH (Escala de Sörensen),6-9,(a),(2)
TUA20231018003040,T000052,L009317.2013.RH5-T1.V1,Carência Bioquímica de Oxigénio (mg/L O2),40,(a),(1)
TUA20231018003040,T000053,L009317.2013.RH5-T1.V1,Carência Química de Oxigénio (mg/L O2),150,(a),(1)
TUA20231018003040,T000054,L009317.2013.RH5-T1.V1,Sólidos Suspensos Totais (mg/L),60,(a),(1)
TUA20231109003280,T000016,L005585.2019.RH3.V1,pH (Escala de Sörensen),6-9,T000007,T000010
TUA20231109003280,T000018,L005585.2019.RH3.V1,Carência Bioquímica de Oxigénio (mg/L O2),40,T000007,T000010
TUA20231109003280,T000020,L005585.2019.RH3.V1,Carência Química de Oxigénio (mg/L O2),150,T000007,T000010
TUA20231109003280,T000022,L005585.2019.RH3.V1,Sólidos Suspensos Totais (mg/L),60,T000007,T000010
TUA20231128003520,T000016,L007490.2019.RH3,pH (Escala de Sörensen),6-9,T000007,T000010
TUA20231128003520,T000018,L007490.2019.RH3,Carência Bioquímica de Oxigénio (mg/L O2),40,T000007,T000010
TUA20231128003520,T000020,L007490.2019.RH3,Carência Química de Oxigénio (mg/L O2),150,T000007,T000010
TUA20231128003520,T000022,L007490.2019.RH3,Sólidos Suspensos Totais (mg/L),60,T000007,T000010
TUA20231128003521,T000016,L007487.2019.RH3,pH (Escala de Sörensen),6-9,T000007,T000010
TUA20231128003521,T000018,L007487.2019.RH3,Carência Bioquímica de Oxigénio (mg/L O2),40,T000007,T000010
TUA20231128003521,T000020,L007487.2019.RH3,Carência Química de Oxigénio (mg/L O2),150,T000007,T000010
TUA20231128003521,T000022,L007487.2019.RH3,Sólidos Suspensos Totais (mg/L),60,T000007,T000010
TUA20231205003587,T000016,L007491.2019.RH3.V1,pH (Escala de Sörensen),6-9,T000007,T000010
TUA20231205003587,T000018,L007491.2019.RH3.V1,Carência Bioquímica de Oxigénio (mg/L O2),40,T000007,T000010
TUA20231205003587,T000020,L007491.2019.RH3.V1,Carência Química de Oxigénio (mg/L O2),150,T000007,T000010
TUA20231205003587,T000022,L007491.2019.RH3.V1,Sólidos Suspensos Totais (mg/L),60,T000007,T000010
TUA20231206003600,T000016,L007489.2019.RH3.V1,pH (Escala de Sörensen),6-9,T000007,T000010
TUA20231206003600,T000018,L007489.2019.RH3.V1,Carência Bioquímica de Oxigénio (mg/L O2),40,T000007,T000010
TUA20231206003600,T000020,L007489.2019.RH3.V1,Carência Química de Oxigénio (mg/L O2),150,T000007,T000010
TUA20231206003600,T000024,L007489.2019.RH3.V1,Sólidos Suspensos Totais (mg/L),60,T000007,T000010
TUA20231206003602,T000016,L007488.2019.RH3.V1,pH (Escala de Sörensen),6-9,T000007,T000010
TUA20231206003602,T000018,L007488.2019.RH3.V1,Carência Bioquímica de Oxigénio (mg/L O2),40,T000007,T000010
TUA20231206003602,T000020,L007488.2019.RH3.V1,Carência Química de Oxigénio (mg/L O2),150,T000007,T000010
TUA20231206003602,T000022,L007488.2019.RH3.V1,Sólidos Suspensos Totais (mg/L),60,T000007,T000010
TUA20231211003636,T000016,L005712.2019.RH3.V1,pH (Escala de Sörensen),6-9,T000007,T000010
TUA20231211003636,T000018,L005712.2019.RH3.V1,Carência Bioquímica de Oxigénio (mg/L O2),40,T000007,T000010
TUA20231211003636,T000020,L005712.2019.RH3.V1,Carência Química de Oxigénio (mg/L O2),150,T000007,T000010
TUA20231211003636,T000022,L005712.2019.RH3.V1,Sólidos Suspensos Totais (mg/L),60,T000007,T000010
TUA20231212003641,T000016,RH5A.V1,pH (Escala de Sörensen),6 a 9,(a),(2)
TUA20231212003641,T000018,L047135.2023.RH5A.V1,Carência Química de Oxigénio (mg/L O2),150,(a),(1)
TUA20231212003641,T000020,L047135.2023.RH5A.V1,Carência Bioquímica de Oxigénio (mg/L O2),40,(a),(1)
TUA20231212003641,T000022,L047135.2023.RH5A.V1,Sólidos Suspensos Totais (mg/L),60,(a),(1)
TUA20231228003808,T000016,L007492.2019.RH3.V1,pH (Escala de Sörensen),6-9,T000007,T000010
TUA20231228003808,T000018,L007492.2019.RH3.V1,Carência Bioquímica de Oxigénio (mg/L O2),40,T000007,T000010
TUA20231228003808,T000020,L007492.2019.RH3.V1,Carência Química de Oxigénio (mg/L O2),150,T000007,T000010
TUA20231228003808,T000022,L007492.2019.RH3.V1,Sólidos Suspensos Totais (mg/L),60,T000007,T000010
TUA20240131000275,T000016,L015762.2013.RH5-T1.V1,pH (Escala de Sörensen),6-9,(a),(2)
TUA20240131000275,T000017,L015762.2013.RH5-T1.V1,Carência Bioquímica de Oxigénio (mg/L O2),25,(a),(1)
TUA20240131000275,T000018,L015762.2013.RH5-T1.V1,Carência Química de Oxigénio (mg/L O2),125,(a),(1)
TUA20240131000275,T000019,L015762.2013.RH5-T1.V1,Sólidos Suspensos Totais (mg/L),35,(a),(1)
TUA20240131000276,T000017,L010891.2013.RH5-,pH (Escala de,6-9,(a),(2)
TUA20240131000276,T000018,L010891.2013.RH5-T1.V1,Sörensen) Carência Bioquímica de Oxigénio (mg/L O2),40,(a),(1)
TUA20240131000276,T000021,L010891.2013.RH5-T1.V1,Carência Química de Oxigénio (mg/L O2),150,(a),(1)
TUA20240131000276,T000023,L010891.2013.RH5-T1.V1,Sólidos Suspensos Totais (mg/L),60,(a),(1)
TUA20240216000439,T000017,L047225.2023.RH5A.V1,pH (Escala de Sörensen),6-9,(a),(2)
TUA20240216000439,T000019,L047225.2023.RH5A.V1,Carência Bioquímica de Oxigénio (mg/L O2),40,(a),(1)
TUA20240216000439,T000021,L047225.2023.RH5A.V1,Carência Química de Oxigénio (mg/L O2),150,(a),(1)
TUA20240216000440,T000049,L008275.2018.RH5A.V1,pH (Escala de Sörensen),6-9,(a),(2)
TUA20240216000440,T000051,L008275.2018.RH5A.V1,Carência Bioquímica de Oxigénio (mg/L O2),25,(a),(1)
TUA20240216000440,T000052,L008275.2018.RH5A.V1,Carência Química de Oxigénio (mg/L O2),125,(a),(1)
TUA20240216000440,T000053,L008275.2018.RH5A.V1,Óleos e Gorduras (mg/L),15,(a),(1)
TUA20240216000440,T000054,L008275.2018.RH5A.V1,Fósforo total (mg/L P),3,(a),(1)
TUA20240216000462,T000016,L006005.2021.RH5A.V1,pH (Escala de Sörensen),6 a 9,(a),(2)
TUA20240216000462,T000018,L006005.2021.RH5A.V1,Carência Química de Oxigénio (mg/L O2),150,(a),(1)
TUA20240216000462,T000020,L006005.2021.RH5A.V1,Carência Bioquímica de Oxigénio (mg/L O2),40,(a),(1)
TUA20240216000462,T000022,L006005.2021.RH5A.V1,Sólidos Suspensos Totais (mg/L),60,(a),(1)
TUA20240216000462,T000043,L006005.2021.RH5A.V1,Óleos e Gorduras (mg/L),15,(a),(1)
TUA20240223000530,T000055,L031504.2023.RH5A.V1,pH (Escala de Sörensen),6-9,(a),(2)
TUA20240223000530,T000056,L031504.2023.RH5A.V1,Carência Bioquímica de Oxigénio (mg/L O2),40,(a),(1)
TUA20240223000530,T000057,L031504.2023.RH5A.V1,Carência Química de Oxigénio (mg/L O2),150,(a),(1)
TUA20240223000530,T000059,L031504.2023.RH5A.V1,Óleos e Gorduras (mg/L),15,(a),(1)
TUA20240229000598,T000017,L047273.2023.RH5A.V1,pH (Escala de Sörensen),6 a 9,(a),(2)
TUA20240229000598,T000018,L047273.2023.RH5A.V1,Carência Bioquímica de Oxigénio (mg/L O2),25,(a),(1)
TUA20240229000598,T000019,L047273.2023.RH5A.V1,Carência Química de Oxigénio (mg/L O2),125,(a),(1)
TUA20240229000598,T000020,L047273.2023.RH5A.V1,Sólidos Suspensos Totais (mg/L),35,(a),(1)
TUA20240901002617,T000016,L060851.2024.RH7.V1,Carência Bioquímica de Oxigénio (mg/L O2),40,"Decreto-Lei nº. 236/98, 1 de agosto","Decreto-Lei nº. 236/98, 1 de agosto"
TUA20240901002617,T000018,L060851.2024.RH7.V1,Carência Química de Oxigénio (mg/L O2),150,"Decreto-Lei nº. 236/98, 1 de agosto","Decreto-Lei nº. 236/98, 1 de agosto"
TUA20240901002617,T000020,L060851.2024.RH7.V1,Sólidos Suspensos Totais (mg/L),60,"Decreto-Lei nº. 236/98, 1 de agosto","Decreto-Lei nº. 236/98, 1 de agosto"
TUA20241030003256,T000029,L064067.2024.RH7.V1,Carência Bioquímica de Oxigénio (mg/L O2),40,"Decreto-Lei nº. 236/98, 1 de agosto","Decreto-Lei nº. 236/98, 1 de agosto"
TUA20241030003256,T000031,L064067.2024.RH7.V1,Carência Química de Oxigénio (mg/L O2),150,"Decreto-Lei nº. 236/98, 1 de agosto","Decreto-Lei nº. 236/98, 1 de agosto"
TUA20241030003256,T000033,L064067.2024.RH7.V1,Sólidos Suspensos Totais (mg/L),60,"Decreto-Lei nº. 236/98, 1 de agosto","Decreto-Lei nº. 236/98, 1 de agosto"
TUA20230530001578,T000047,,pH (Escala de Sörensen),6.0 - 9.0,(a),(1)
TUA20230530001578,T000049,,Carência Bioquímica de Oxigénio (mg/L O2),40,(a),(1)
TUA20230530001578,T000051,,Carência Química de Oxigénio (mg/L O2),150,(a),(1)
TUA20230530001578,T000053,,Sólidos Suspensos Totais (mg/L),60,(a),(1)
TUA20240105000038,T000018,,pH (Escala de Sörensen),6-9,T000016,T000017
TUA20240105000038,T000020,,Carência Bioquímica de Oxigénio (mg/L O2),40,T000016,T000017
TUA20240105000038,T000022,,Carência Química de Oxigénio (mg/L O2),150,T000016,T000017
TUA20240105000038,T000024,,Sólidos Suspensos Totais (mg/L),60,T000016,T000017
TUA20240110000102,T000017,,pH (Escala de Sörensen),6-9,T000015,T000016
TUA20240110000102,T000019,,Carência Bioquímica de Oxigénio (mg/L O2),40,T000015,T000016
TUA20240110000102,T000021,,Carência Química de Oxigénio (mg/L O2),150,T000015,T000016
TUA20240110000102,T000023,,Sólidos Suspensos Totais (mg/L),60,T000015,T000016
TUA20240123000210,T000017,,pH (Escala de Sörensen),6-9,T000015,T000016
TUA20240123000210,T000019,,Carência Bioquímica de Oxigénio (mg/L O2),40,T000015,T000016
TUA20240123000210,T000021,,Carência Química de Oxigénio (mg/L O2),150,T000015,T000016
TUA20240123000210,T000023,,Sólidos Suspensos Totais (mg/L),60,T000015,T000016
TUA20240227000550,T000019,,pH (Escala de Sörensen),6-9,T000017,T000018
TUA20240227000550,T000021,L012483.2019.RH3.V1,Carência Bioquímica de Oxigénio (mg/L O2),40,T000017,T000018
TUA20240227000550,T000023,L012483.2019.RH3.V1,Carência Química de Oxigénio (mg/L O2),150,T000017,T000018
TUA20240227000550,T000025,L012483.2019.RH3.V1,Sólidos Suspensos Totais (mg/L),60,T000017,T000018
TUA20240308000724,T000018,,pH (Escala de Sörensen),6-9,T000016,T000017
TUA20240308000724,T000020,,Carência Bioquímica de Oxigénio (mg/L O2),40,T000016,T000017
TUA20240308000724,T000022,,Carência Química de Oxigénio (mg/L O2),150,T000016,T000017
TUA20240308000724,T000024,,Sólidos Suspensos Totais (mg/L),60,T000016,T000017
TUA20240416001180,T000018,,Carência Bioquímica de Oxigénio (mg/L O2),25,T000016,T000017
TUA20240416001180,T000020,,Carência Química de Oxigénio (mg/L O2),125,T000016,T000017
TUA20240416001180,T000022,,Total de Partículas Sólidas em Suspensão (mg/L),35,T000016,T000017
TUA20240506001395,T000018,,pH (Escala de Sörensen),6-9,T000016,T000017
TUA20240506001395,T000020,,Carência Bioquímica de Oxigénio (mg/L O2),40,T000016,T000017
TUA20240506001395,T000022,,Carência Química de Oxigénio (mg/L O2),150,T000016,T000017
TUA20240506001395,T000024,,Sólidos Suspensos Totais (mg/L),60,T000016,T000017
TUA20240506001401,T000020,,pH (Escala de Sörensen),6-9,T000018,T000019
TUA20240506001401,T000022,L008066.2019.RH3.V1,Carência Bioquímica de Oxigénio (mg/L O2),40,T000018,T000019
TUA20240506001401,T000024,L008066.2019.RH3.V1,Carência Química de Oxigénio (mg/L O2),150,T000018,T000019
TUA20240506001401,T000026,L008066.2019.RH3.V1,Sólidos Suspensos Totais (mg/L),60,T000018,T000019
TUA20240521001568,T000015,,pH (Escala de Sörensen),6.0 - 9.0,(a),(1)
TUA20240521001568,T000017,,Carência Bioquímica de Oxigénio (mg/L O2),40,(a),(1)
TUA20240521001568,T000019,,Carência Química de Oxigénio (mg/L O2),150,(a),(1)
TUA20240521001568,T000021,,Sólidos Suspensos Totais (mg/L),60,(a),(1)
TUA20240521001569,T000015,,pH (Escala de Sörensen),6.0 - 9.0,(a),(1)
TUA20240521001569,T000017,,Carência Bioquímica de Oxigénio (mg/L O2),40,(a),(1)
TUA20240521001569,T000019,,Carência Química de Oxigénio (mg/L O2),150,(a),(1)
TUA20240521001569,T000021,,Sólidos Suspensos Totais (mg/L),60,(a),(1)
TUA20240521001573,T000016,,pH (Escala de Sörensen),6.0 - 9.0,(a),(1)
TUA20240521001573,T000018,L054772.2024.RH4A.V1,Carência Bioquímica de Oxigénio (mg/L O2),40,(a),(1)
TUA20240521001573,T000019,L054772.2024.RH4A.V1,Carência Química de Oxigénio (mg/L O2),150,(a),(1)
TUA20240521001573,T000021,L054772.2024.RH4A.V1,Sólidos Suspensos Totais (mg/L),60,(a),(1)
TUA20240521001575,T000016,,pH (Escala de Sörensen),6.0 - 9.0,(a),(1)
TUA20240521001575,T000018,L054786.2024.RH4A.V1,Carência Bioquímica de Oxigénio (mg/L O2),40,(a),(1)
TUA20240521001575,T000020,L054786.2024.RH4A.V1,Carência Química de Oxigénio (mg/L O2),150,(a),(1)
TUA20240521001575,T000022,L054786.2024.RH4A.V1,Sólidos Suspensos Totais (mg/L),60,(a),(1)
TUA20240521001577,T000016,,pH (Escala de Sörensen),6.0 - 9.0,(a),(1)
TUA20240521001577,T000018,L054809.2024.RH4A.V1,Carência Bioquímica de Oxigénio (mg/L O2),40,(a),(1)
TUA20240521001577,T000020,L054809.2024.RH4A.V1,Carência Química de Oxigénio (mg/L O2),150,(a),(1)
TUA20240521001577,T000022,L054809.2024.RH4A.V1,Sólidos Suspensos Totais (mg/L),60,(a),(1)
TUA20240522001588,T000016,,pH (Escala de Sörensen),6.0 - 9.0,(a),(1)
TUA20240522001588,T000018,,Carência Bioquímica de Oxigénio (mg/L O2),40,(a),(1)
TUA20240522001588,T000020,,Carência Química de Oxigénio (mg/L O2),150,(a),(1)
TUA20240522001588,T000022,,Sólidos Suspensos Totais (mg/L),60,(a),(1)
TUA20240522001588,T000024,,Escherichia coli (ufc/100 mL),2000,(b),(1)
TUA20240604001677,T000029,,pH (Escala de Sörensen),6.0 - 9.0,(a),(1)
TUA20240604001677,T000031,,Carência Bioquímica de Oxigénio (mg/L O2),40,(a),(1)
TUA20240604001677,T000033,,Carência Química de Oxigénio (mg/L O2),150,(a),(1)
TUA20240604001677,T000035,,Sólidos Suspensos Totais (mg/L),60,(a),(1)
TUA20240719002219,T000029,,pH (Escala de Sörensen),6.0 - 9.0,(a),(1)
TUA20240719002219,T000031,,Carência Bioquímica de Oxigénio (mg/L O2),40,(a),(1)
TUA20240719002219,T000033,,Carência Química de Oxigénio (mg/L O2),150,(a),(1)
TUA20240719002219,T000035,,Sólidos Suspensos Totais (mg/L),60,(a),(1)
TUA20240719002220,T000020,,pH (Escala de Sörensen),6.0 - 9.0,(a),(1)
TUA20240719002220,T000022,,Carência Bioquímica de Oxigénio (mg/L O2),40,(a),(1)
TUA20240719002220,T000024,,Carência Química de Oxigénio (mg/L O2),150,(a),(1)
TUA20240719002220,T000026,,Sólidos Suspensos Totais (mg/L),60,(a),(1)
TUA20240725002275,T000017,,Carência Bioquímica de Oxigénio (mg/L O2),40,T000016,T000010
TUA20240725002275,T000019,,Carência Química de Oxigénio (mg/L O2),150,T000016,T000010
TUA20240725002275,T000021,,Sólidos Suspensos Totais (mg/L),60,T000016,T000010
TUA20240731002345,T000017,,Carência Bioquímica de Oxigénio (mg/L O2),40,T000016,T000010
TUA20240731002345,T000019,,Carência Química de Oxigénio (mg/L O2),150,T000016,T000010
TUA20240731002345,T000021,,Sólidos Suspensos Totais (mg/L),60,T000016,T000010
TUA20240731002347,T000017,,Carência Bioquímica de Oxigénio (mg/L O2),40,T000016,T000010
TUA20240731002347,T000019,,Carência Química de Oxigénio (mg/L O2),150,T000016,T000010
TUA20240731002347,T000021,,Sólidos Suspensos Totais (mg/L),60,T000016,T000010
TUA20240808002408,T000016,,pH (Escala de Sörensen),6.0 - 9.0,(a),(1)
TUA20240808002408,T000018,,Carência Bioquímica de Oxigénio (mg/L O2),40,(a),(1)
TUA20240808002408,T000020,,Carência Química de Oxigénio (mg/L O2),150,(a),(1)
TUA20240808002408,T000022,,Sólidos Suspensos Totais (mg/L),60,(a),(1)
TUA20240904002654,T000016,,pH (Escala de Sörensen),6.0 - 9.0,(a),(1)
TUA20240904002654,T000018,,Carência Bioquímica de Oxigénio (mg/L O2),40,(a),(1)
TUA20240904002654,T000020,,Carência Química de Oxigénio (mg/L O2),150,(a),(1)
TUA20240904002654,T000022,,Sólidos Suspensos Totais (mg/L),60,(a),(1)
TUA20240916002772,T000016,,pH (Escala de Sörensen),6 a 9,(a),(2)
TUA20240916002772,T000018,,Carência Química de Oxigénio (mg/L O2),150,(a),(1)
TUA20240916002772,T000020,,Carência Bioquímica de Oxigénio (mg/L O2),40,(a),(1)
TUA20240916002772,T000022,,Sólidos Suspensos Totais (mg/L),60,(a),(1)
TUA20241003002946,T000016,,pH (Escala de,6 a 9,(a),(2)
TUA20241003002946,T000018,,Sörensen) Carência Química de Oxigénio (mg/L O2),150,(a),(1)
TUA20241003002946,T000022,,Carência Bioquímica de Oxigénio (mg/L O2),40,(a),(1)
TUA20241003002946,T000024,,Sólidos Suspensos Totais (mg/L),60,(a),(1)
TUA20241014003042,T000016,,Carência Bioquímica de Oxigénio (mg/L O2),40,T000007,T000010
TUA20241014003042,T000018,,Carência Química de Oxigénio (mg/L O2),150,T000007,T000010
TUA20241014003042,T000020,,Sólidos Suspensos Totais (mg/L),60,T000007,T000010
TUA20241022003142,T000016,,pH (Escala de Sörensen),6.0 - 9.0,(a),(1)
TUA20241022003142,T000018,,Carência Bioquímica de Oxigénio (mg/L O2),25,(b),(1)
TUA20241022003142,T000020,,Carência Química de Oxigénio (mg/L O2),125,(b),(1)
TUA20241022003142,T000022,,Sólidos Suspensos Totais (mg/L),35,(b),(1)
TUA20241122003491,T000016,,pH (Escala de Sörensen),6.0 - 9.0,(a),(1)
TUA20241122003491,T000018,,Carência Bioquímica de Oxigénio (mg/L O2),25,(b),(1)
TUA20241122003491,T000020,,Carência Química de Oxigénio (mg/L O2),125,(b),(1)
TUA20241122003491,T000022,,Sólidos Suspensos Totais (mg/L),35,(b),(1)
TUA20241122003491,T000024,,Óleos e Gorduras (mg/L),15,(a),(1)
TUA20241122003495,T000017,,pH (Escala de Sörensen),6.0 - 9.0,(a),(1)
TUA20241122003495,T000019,,Carência Bioquímica de Oxigénio (mg/L O2),20,(b),(1)
TUA20241122003495,T000021,,Carência Química de Oxigénio (mg/L O2),100,(b),(1)
TUA20241122003495,T000023,,Sólidos Suspensos Totais (mg/L),28,(b),(1)
TUA20241122003495,T000025,,Óleos e Gorduras (mg/L),12,(c),(1)
TUA20241210003651,T000016,,pH (Escala de Sörensen),6.0 - 9.0,(a),(1)
TUA20241210003651,T000018,,Carência Bioquímica de Oxigénio (mg/L O2),25,(b),(1)
TUA20241210003651,T000020,,Carência Química de Oxigénio (mg/L O2),125,(b),(1)
TUA20241210003651,T000022,,Sólidos Suspensos Totais (mg/L),40,(b),(1)
TUA20250226000655,T000016,,pH (Escala de Sörensen),"6,0 - 9,0",(a),(1)
TUA20250226000655,T000017,,Carência Bioquímica de Oxigénio (mg/L O2),40,(a),(1)
TUA20250226000655,T000018,,Carência Química de Oxigénio (mg/L O2),150,(a),(1)
TUA20250226000655,T000019,,Sólidos Suspensos Totais (mg/L),60,(a),(1)
TUA20250226000655,T000020,,Óleos e Gorduras (mg/L),15,(a),(1)
TUA20250317000834,T000016,,pH (Escala de Sörensen),6.0 - 9.0,(a),(1)
TUA20250317000834,T000018,,Carência Bioquímica de Oxigénio (mg/L O2),25,(b),(1)
TUA20250317000834,T000020,,Carência Química de Oxigénio (mg/L O2),125,(b),(1)
TUA20250317000834,T000022,,Sólidos Suspensos Totais (mg/L),35,(b),(1)
TUA20250416001449,T000016,,pH (Escala de Sörensen),6.0 - 9.0,(a),(1)
TUA20250416001449,T000018,,Carência Bioquímica de Oxigénio (mg/L O2),25,(b),(1)
TUA20250416001449,T000020,,Carência Química de Oxigénio (mg/L O2),125,(b),(1)
TUA20250416001449,T000022,,Sólidos Suspensos Totais (mg/L),35,(b),(1)
TUA20250416001449,T000024,,Azoto total (mg/L N),15,(b),(1)
TUA20250416001449,T000026,,Fósforo total (mg/L P),2,(b),(1)
TUA20250416001449,T000028,,Azoto amoniacal (mg/L NH4),10,(a),(1)
TUA20250416001449,T000030,,Óleos e Gorduras (mg/L),15,(a),(1)
TUA20250416001449,T000032,,Carência Bioquímica de Oxigénio (período de estiagem) (mg/L O2),20,(c) (d),(1)
TUA20250416001449,T000033,,Carência Química de Oxigénio (período de estiagem) (mg/L O2),100,(c) (d),(1)
TUA20250416001449,T000034,,Sólidos Suspensos Totais (período de estiagem) (mg/L),28,(c) (d),(1)
TUA20250416001449,T000035,,Azoto total (período de estiagem) (mg/L N),12,(c) (d),(1)
TUA20250416001449,T000036,,Fósforo total (período de estiagem) (mg/L P),1.6,(c) (d),(1)
TUA20250416001449,T000037,,Azoto amoniacal (período de estiagem) (mg/L NH4),8,(d) (e),(1)
TUA20250416001449,T000038,,Óleos e Gorduras (período de estiagem) (mg/L),12,(d) (e),(1)
TUA20250602001876,T000016,,pH (Escala de Sörensen),"6,0 - 9,0",(a),(1)
TUA20250602001876,T000017,,Carência Bioquímica de Oxigénio (mg/L O2),40,(a),(1)
TUA20250602001876,T000018,,Carência Química de Oxigénio (mg/L O2),150,(a),(1)
TUA20250602001876,T000019,,Óleos e Gorduras (mg/L),15,(a),(1)
TUA20250722002408,T000016,,pH (Escala de Sörensen),6.0 - 9.0,(a),(1)
TUA20250722002408,T000018,L017803.2020.RH4A.V1,Carência Bioquímica de Oxigénio (mg/L O2),40,(a),(1)
TUA20250722002408,T000020,L017803.2020.RH4A.V1,Carência Química de Oxigénio (mg/L O2),150,(a),(1)
TUA20250722002408,T000022,L017803.2020.RH4A.V1,Sólidos Suspensos Totais (mg/L),60,(a),(1)
TUA20260202000317,T000016,,pH (Escala de Sörensen),6-9,(a),(2)
TUA20260202000317,T000017,,Carência Bioquímica de Oxigénio (mg/L O2),40,(a),(1)
TUA20260202000317,T000018,,Carência Química de Oxigénio (mg/L O2),150,(a),(1)
TUA20260202000317,T000019,,Sólidos Suspensos Totais (mg/L),60,(a),(1)
