Nº TUA,Código,Código TURH,Legislação aplicável,Código Utilização
TUA20220411000574,T000079,L006681.2022.RH5A,"(a) Abordagem combinada de acordo com o estabelecido no artigo 53.º da Lei nº 58/2005, de 29 de dezembro, na sua redação atual.",
TUA20220411000574,T000080,L006681.2022.RH5A,"(b) Abordagem combinada de acordo com o estabelecido no artigo 53.º da Lei nº 58/2005, de 29 de dezembro, na sua redação atual, conjugada com o Decreto-Lei nº 152/97, de 19 de junho com as alterações introduzidas pelos Decreto-Lei nº 172/2001, de 26 de maio; Decreto-Lei nº 149/2004, de 22 de junho; Decreto-Lei n.º 198/2008, de 8 de outubro; Decreto-Lei n.º 133/2015, de 13 de julho e Decreto-Lei n.º 77/2021, de 27 de agosto.",
TUA20220411000574,T000081,L006681.2022.RH5A,"(c) Abordagem combinada de acordo com o estabelecido no artigo 53.º da Lei nº 58/2005, de 29 de dezembro conjugada com o Decreto-Lei nº 127/2013, de 30 de agosto, ambos na sua redação atual.",
TUA20220420000646,T000082,L006976.2022.RH5A,"(a) Abordagem combinada de acordo com o estabelecido no artigo 53.º da Lei nº 58/2005, de 29 de dezembro, na sua redação atual.",
TUA20220420000646,T000083,L006976.2022.RH5A,"(b) Abordagem combinada de acordo com o estabelecido no artigo 53.º da Lei nº 58/2005, de 29 de dezembro, na sua redação atual, conjugada com o Decreto-Lei nº 152/97, de 19 de junho com as alterações introduzidas pelos Decreto-Lei nº 172/2001, de 26 de maio; Decreto-Lei nº 149/2004, de 22 de junho; Decreto-Lei n.º 198/2008, de 8 de outubro; Decreto-Lei n.º 133/2015, de 13 de julho e Decreto-Lei n.º 77/2021, de 27 de agosto.",
TUA20220420000646,T000084,L006976.2022.RH5A,"(c) Abordagem combinada de acordo com o estabelecido no artigo 53.º da Lei nº 58/2005, de 29 de dezembro conjugada com o Decreto-Lei nº 127/2013, de 30 de agosto, ambos na sua redação atual.",
TUA20220511000842,T000022,L008397.2022.RH5A,"(a) Decreto-Lei nº 152/97, de 19 de junho",
TUA20220511000842,T000023,L008397.2022.RH5A,"(b) Anexo XVIII do Decreto-Lei nº 236/98, de 1 de agosto",
TUA20220511000844,T000015,L007123.2022.RH5A,"(a) Anexo XVIII do Decreto-Lei nº 236/98, de 1 de agosto",
TUA20220511000845,T000024,L006972.2022.RH5A,"(a) Anexo XVIII do Decreto-Lei nº 236/98, de 1 de agosto",
TUA20220718001522,T000085,L012980.2022.RH5A,"(a) Abordagem combinada de acordo com o estabelecido no artigo 53.º da Lei nº 58/2005, de 29 de dezembro, na sua redação atual.",
TUA20220718001522,T000086,L012980.2022.RH5A,"(b) Abordagem combinada de acordo com o estabelecido no artigo 53.º da Lei nº 58/2005, de 29 de dezembro, na sua redação atual, conjugada com o Decreto-Lei nº 152/97, de 19 de junho com as alterações introduzidas pelos Decreto-Lei nº 172/2001, de 26 de maio; Decreto-Lei nº 149/2004, de 22 de junho; Decreto-Lei n.º 198/2008, de 8 de outubro; Decreto-Lei n.º 133/2015, de 13 de julho e Decreto-Lei n.º 77/2021, de 27 de agosto.",
TUA20220718001522,T000087,L012980.2022.RH5A,"(c) Abordagem combinada de acordo com o estabelecido no artigo 53.º da Lei nº 58/2005, de 29 de dezembro conjugada com o Decreto-Lei nº 127/2013, de 30 de agosto, ambos na sua redação atual.",
TUA20220720001537,T000008,L013050.2022.RH5A,"(a) Abordagem combinada de acordo com o estabelecido no artigo 53.º da Lei nº 58/2005, de 29 de dezembro, na sua redação atual.",
TUA20220720001537,T000009,L013050.2022.RH5A,"(b) Abordagem combinada de acordo com o estabelecido no artigo 53.º da Lei nº 58/2005, de 29 de dezembro, na sua redação atual, conjugada com o Decreto-Lei nº 152/97, de 19 de junho com as alterações introduzidas pelos Decreto-Lei nº 172/2001, de 26 de maio; Decreto-Lei nº 149/2004, de 22 de junho; Decreto-Lei n.º 198/2008, de 8 de outubro; Decreto-Lei n.º 133/2015, de 13 de julho e Decreto-Lei n.º 77/2021, de 27 de agosto.",
TUA20220720001538,T000008,L012836.2022.RH5A,"(a) Abordagem combinada de acordo com o estabelecido no artigo 53.º da Lei nº 58/2005, de 29 de dezembro, na sua redação atual.",
TUA20220919002148,T000008,L016764.2022.RH5A,"(a) Abordagem combinada de acordo com o estabelecido no artigo 53.º da Lei nº 58/2005, de 29 de dezembro, na sua redação atual.",
TUA20220922002189,T000008,L002661.2018.RH3,"Anexo XVIII do Decreto-Lei nº 236/98, de 1 de agosto.",
TUA20220922002190,T000007,L002662.2018.RH3,"Anexo XVIII do Decreto-Lei nº 236/98, de 1 de agosto.",
TUA20220927002236,T000008,L003469.2017.RH3,"Anexo XVIII do Decreto-Lei nº 236/98, de 1 de agosto.",
TUA20220930002259,T000008,L002663.2018.RH3,"Anexo XVIII do Decreto-Lei nº 236/98, de 1 de agosto.",
TUA20221010002354,T000007,L017862.2017.RH5A,"(a) Abordagem combinada de acordo com o estabelecido no artigo 53.º da Lei nº 58/2005, de 29 de dezembro, na sua redação atual, conjugada com o Anexo XVIII do Decreto-Lei nº 236/98, de 1 de agosto.",
TUA20221010002355,T000007,L017689.2017.RH5A,"(a) Abordagem combinada de acordo com o estabelecido no artigo 53.º da Lei nº 58/2005, de 29 de dezembro, na sua redação atual, conjugada com o Anexo XVIII do Decreto-Lei nº 236/98, de 1 de agosto.",
TUA20221010002355,T000008,L017689.2017.RH5A,"(b) Abordagem combinada de acordo com o estabelecido no artigo 53.º da Lei nº 58/2005, de 29 de dezembro, na sua redação atual, conjugada com o Decreto-Lei nº 152/97, de 19 de junho com as alterações introduzidas pelos Decreto-Lei nº 172/2001, de 26 de maio; Decreto-Lei nº 149/2004, de 22 de",
TUA20221010002355,T000008,L017689.2017.RH5A,"Decreto-Lei nº 152/97, de 19 de junho com as alterações introduzidas pelos Decreto-Lei nº 172/2001, de 26 de maio; Decreto-Lei nº 149/2004, de 22 de junho; Decreto-Lei n.º 198/2008, de 8 de outubro; Decreto-Lei n.º 133/2015, de 13 de julho e Decreto-Lei n.º 77/2021, de 27 de agosto.",
TUA20221010002356,T000007,L017985.2022.RH5A,"(a) Abordagem combinada de acordo com o estabelecido no artigo 53.º da Lei nº 58/2005, de 29 de dezembro, na sua redação atual, conjugada com o Anexo XVIII do Decreto-Lei nº 236/98, de 1 de agosto.",
TUA20221010002358,T000008,L017897.2017.RH5A,"(a) Abordagem combinada de acordo com o estabelecido no artigo 53.º da Lei nº 58/2005, de 29 de dezembro, na sua redação atual, conjugada com o Anexo XVIII do Decreto-Lei nº 236/98, de 1 de agosto.",
TUA20221010002358,T000009,L017897.2017.RH5A,"(b) Abordagem combinada de acordo com o estabelecido no artigo 53.º da Lei nº 58/2005, de 29 de dezembro, na sua redação atual, conjugada com o Decreto-Lei nº 152/97, de 19 de junho com as alterações introduzidas pelos Decreto-Lei nº 172/2001, de 26 de maio; Decreto-Lei nº 149/2004, de 22 de junho; Decreto-Lei n.º 198/2008, de 8 de outubro; Decreto-Lei n.º 133/2015, de 13 de julho e Decreto-Lei n.º 77/2021, de 27 de agosto.",
TUA20221010002359,T000008,L016800.2022.RH5A,"(a) Abordagem combinada de acordo com o estabelecido no artigo 53.º da Lei nº 58/2005, de 29 de dezembro, na sua redação atual, conjugada com o Anexo XVIII do Decreto-Lei nº 236/98, de 1 de agosto",
TUA20221017002426,T000008,L018800.2022.RH5A,"(a) Abordagem combinada de acordo com o estabelecido no artigo 53.º da Lei nº 58/2005, de 29 de dezembro, na sua redação atual, conjugada com o Anexo XVIII do Decreto-Lei nº 236/98, de 1 de agosto.",
TUA20221017002427,T000007,L017875.2017.RH5A,"(a) Abordagem combinada de acordo com o estabelecido no artigo 53.º da Lei nº 58/2005, de 29 de dezembro, na sua redação atual, conjugada com o Anexo XVIII do Decreto-Lei nº 236/98, de 1 de agosto.",
TUA20230116000180,T000008,L025473.2023.RH5A.V1,"(a) Abordagem combinada de acordo com o estabelecido no artigo 53.º da Lei nº 58/2005, de 29 de dezembro, na sua redação atual.",
TUA20230117000197,T000021,L001739.2013.RH5-T1.V1,"(a) Abordagem combinada conforme descrita no art.º 53.º, da Lei n.º 58/2005, de 29 de dezembro, conjugada com o Decreto-Lei n.º 236/98, de 1 de agosto, ambos na sua redação atual.",
TUA20230125000254,T000008,L009134.2018.RH3.V1,"Anexo XVIII do Decreto-Lei nº 236/98, de 1 de agosto.",
TUA20230125000271,T000021,L009128.2018.RH3.V1,"Anexo XVIII do Decreto-Lei nº 236/98, de 1 de agosto.",
TUA20230125000272,T000007,L009112.2018.RH3.V1,"Anexo XVIII do Decreto-Lei nº 236/98, de 1 de agosto.",
TUA20230130000331,T000007,L026674.2023.RH5A.V1,"(a) Abordagem combinada de acordo com o estabelecido no artigo 53.º da Lei nº 58/2005, de 29 de dezembro, na sua redação atual.",
TUA20230130000332,T000007,L026655.2023.RH5A.V1,"(a) Abordagem combinada de acordo com o estabelecido no artigo 53.º da Lei nº 58/2005, de 29 de dezembro, na sua redação atual.",
TUA20230130000333,T000007,L026342.2023.RH5A.V1,"(a) Abordagem combinada de acordo com o estabelecido no artigo 53.º da Lei nº 58/2005, de 29 de dezembro, na sua redação atual.",
TUA20230130000335,T000008,L026309.2023.RH5A.V1,"(a) Abordagem combinada de acordo com o estabelecido no artigo 53.º da Lei nº 58/2005, de 29 de dezembro, na sua redação atual.",
TUA20230130000336,T000008,L026283.2023.RH5A.V1,"(a) Abordagem combinada de acordo com o estabelecido no artigo 53.º da Lei nº 58/2005, de 29 de dezembro, na sua redação atual.",
TUA20230202000373,T000007,L009125.2018.RH3.V1,"Decreto-Lei nº 152/97, de 19 de junho, na redação atual.",
TUA20230202000374,T000007,L009126.2018.RH3.V1,"Anexo XVIII do Decreto-Lei nº 236/98, de 1 de agosto.",
TUA20230202000375,T000007,L009113.2018.RH3.V1,"Anexo XVIII do Decreto-Lei nº 236/98, de 1 de agosto.",
TUA20230202000376,T000013,L009132.2018.RH3.V1,"Anexo XVIII do Decreto-Lei nº 236/98, de 1 de agosto.",
TUA20230202000377,T000008,L009127.2018.RH3.V1,"Anexo XVIII do Decreto-Lei nº 236/98, de 1 de agosto.",
TUA20230202000378,T000008,L009139.2018.RH3.V1,"Anexo XVIII do Decreto-Lei nº 236/98, de 1 de agosto.",
TUA20230208000443,T000007,L026778.2023.RH3.V1,"Anexo XVIII do Decreto-Lei nº 236/98, de 1 de agosto.",
TUA20230213000471,T000007,L004520.2018.RH3.V1,"Anexo XVIII do Decreto-Lei nº 236/98, de 1 de agosto.",
TUA20230213000497,T000008,L001767.2013.RH5-T1.V1,"(a) Abordagem combinada conforme descrita no art.º 53.º, da Lei n.º 58/2005, de 29 de dezembro, na sua redação atual, conjugada com o Decreto-Lei n.º 236/98, de 1 de agosto.",
TUA20230216000512,T000007,L010055.2018.RH3.V1,"Anexo XVIII do Decreto-Lei nº 236/98, de 1 de agosto.",
TUA20230216000513,T000007,L004518.2018.RH3.V1,"Anexo XVIII do Decreto-Lei nº 236/98, de 1 de agosto.",
TUA20230220000545,T000007,L004518.2018.RH3.V2,"Anexo XVIII do Decreto-Lei nº 236/98, de 1 de agosto.",
TUA20230228000613,T000008,L001772.2020.RH5A.V1,"(a) Abordagem combinada conforme descrita no art.º 53.º, da Lei n.º 58/2005, de 29 de dezembro, na sua redação atual, conjugada com o Decreto-Lei n.º 236/98, de 1 de agosto.",
TUA20230228000613,T000009,L001772.2020.RH5A.V1,"(b) Abordagem combinada de acordo com o estabelecido no artigo 53.º da Lei nº 58/2005, de 29 de dezembro, na sua redação atual, conjugada com o Decreto-Lei nº 152/97, de 19 de junho com as alterações introduzidas pelos Decreto-Lei nº 172/2001, de 26 de maio; Decreto-Lei nº 149/2004, de 22 de junho; Decreto-Lei n.º 198/2008, de 8 de outubro; Decreto-Lei n.º 133/2015, de 13 de julho e Decreto-Lei n.º 77/2021, de 27 de agosto.",
TUA20230228000614,T000021,L007117.2022.RH5A.V1,"(a) Abordagem combinada de acordo com o estabelecido no artigo 53.º da Lei nº 58/2005, de 29 de dezembro, na sua redação atual.",
TUA20230228000614,T000036,L007117.2022.RH5A.V1,"(b) Decreto-Lei nº 152/97, de 19 de junho",
TUA20230228000614,T000043,L007117.2022.RH5A.V1,"(c) Anexo XVIII do Decreto-Lei nº 236/98, de 1 de agosto",
TUA20230328000995,T000006,L009129.2018.RH3.V1,"Anexo XVIII do Decreto-Lei nº 236/98, de 1 de agosto.",
TUA20230328000996,T000006,L009136.2018.RH3.V1,"Anexo XVIII do Decreto-Lei nº 236/98, de 1 de agosto.",
TUA20230421001258,T000006,L010060.2018.RH3.V1,"Anexo XVIII do Decreto-Lei nº 236/98, de 1 de agosto.",
TUA20230421001259,T000006,L010061.2018.RH3.V1,"Anexo XVIII do Decreto-Lei nº 236/98, de 1 de agosto.",
TUA20230421001260,T000007,L011919.2018.RH3.V1,"Anexo XVIII do Decreto-Lei nº 236/98, de 1 de agosto.",
TUA20230421001263,T000006,L010047.2018.RH3.V1,"Anexo XVIII do Decreto-Lei nº 236/98, de 1 de agosto.",
TUA20230423001281,T000007,L004998.2016.RH7.V1,"(a) Anexo XVIII do Decreto-Lei n.º 236/98, de 1 de agosto.",
TUA20230423001281,T000008,L004998.2016.RH7.V1,"(b) Anexo I do Decreto-Lei n.º 152/97, de 19 de junho, com as alterações introduzidas pelos Decretos-Leis n.ºs 348/98, de 9 de novembro, 149/2004, de 22 de junho, 198/2008, de 8 de outubro, 133/2015, de 13 de julho e 77/2021, de 27 de agosto (Quadro 1).",
TUA20230510001393,T000037,L008277.2018.RH5A.V1,"(a) Abordagem combinada de acordo com o estabelecido no artigo 53.º da Lei nº 58/2005, de 29 de dezembro, na sua redação atual.",
TUA20230510001399,T000006,L033073.2023.RH3.V1,"Anexo XVIII do Decreto-Lei nº 236/98, de 1 de agosto.",
TUA20230602001636,T000006,L034412.2023.RH3.V1,"Anexo XVIII do Decreto-Lei nº 236/98, de 1 de agosto.",
TUA20230602001637,T000006,L034331.2023.RH3.V1,"Anexo XVIII do Decreto-Lei nº 236/98, de 1 de agosto.",
TUA20230707002024,T000006,L034219.2023.RH5A.V1,"(a) Abordagem combinada de acordo com o estabelecido no artigo 53.º da Lei nº 58/2005, de 29 de dezembro, na sua redação atual.",
TUA20230717002123,T000007,L010057.2018.RH3.V1,"Anexo XVIII do Decreto-Lei nº 236/98, de 1 de agosto.",
TUA20230717002153,T000008,L037792.2023.RH5A.V1,"(a) Abordagem combinada de acordo com o estabelecido no artigo 53.º da Lei nº 58/2005, de 29 de dezembro, na sua redação atual.",
TUA20230801002309,T000007,L034885.2023.RH4A.V1,"(a) Anexo XVIII do Decreto-Lei nº 236/98, de 1 de agosto.",
TUA20230801002309,T000009,L034885.2023.RH4A.V1,"(b) Decreto-Lei nº 152/97, de 19 de junho.",
TUA20230808002363,T000008,L037599.2023.RH5A.V1,"(a) Abordagem combinada de acordo com o estabelecido no artigo 53.º da Lei nº 58/2005, de 29 de dezembro, na sua redação atual.",
TUA20230816002415,T000007,L010038.2018.RH3.V1,"Anexo XVIII do Decreto-Lei nº 236/98, de 1 de agosto.",
TUA20230824002503,T000007,L000819.2019.RH3.V1,"Anexo XVIII do Decreto-Lei nº 236/98, de 1 de agosto.",
TUA20230831002551,T000007,L000813.2019.RH3.V1,"Anexo XVIII do Decreto-Lei nº 236/98, de 1 de agosto.",
TUA20230905002577,T000007,L000814.2019.RH3.V1,"Anexo XVIII do Decreto-Lei nº 236/98, de 1 de agosto.",
TUA20230905002578,T000007,L000818.2019.RH3.V1,"Anexo XVIII do Decreto-Lei nº 236/98, de 1 de agosto.",
TUA20230905002579,T000008,L000816.2019.RH3.V1,"Decreto-Lei nº 152/97, de 19 de junho, na redação atual.",
TUA20230912002642,T000008,L000805.2019.RH3.V1,"Anexo XVIII do Decreto-Lei nº 236/98, de 1 de agosto.",
TUA20230912002643,T000008,L000810.2019.RH3.V1,"Anexo XVIII do Decreto-Lei nº 236/98, de 1 de agosto.",
TUA20230915002702,T000007,L000820.2019.RH3.V1,"Anexo XVIII do Decreto-Lei nº 236/98, de 1 de agosto.",
TUA20230918002712,T000007,L000815.2019.RH3.V1,"Anexo XVIII do Decreto-Lei nº 236/98, de 1 de agosto.",
TUA20231010002912,T000007,L001021.2019.RH3.V1,"Anexo XVIII do Decreto-Lei nº 236/98, de 1 de agosto.",
TUA20231010002913,T000007,L000817.2019.RH3.V1,"Anexo XVIII do Decreto-Lei nº 236/98, de 1 de agosto.",
TUA20231012002959,T000007,L001020.2019.RH3.V1,"Anexo XVIII do Decreto-Lei nº 236/98, de 1 de agosto.",
TUA20231018003040,T000021,L009317.2013.RH5-T1.V1,"(a) Abordagem combinada de acordo com o estabelecido no artigo 53.º da Lei nº 58/2005, de 29 de dezembro, na sua redação atual.",
TUA20231109003280,T000007,L005585.2019.RH3.V1,"Anexo XVIII do Decreto-Lei nº 236/98, de 1 de agosto.",
TUA20231128003520,T000007,L007490.2019.RH3,"Anexo XVIII do Decreto-Lei nº 236/98, de 1 de agosto.",
TUA20231128003521,T000007,L007487.2019.RH3,"Anexo XVIII do Decreto-Lei nº 236/98, de 1 de agosto.",
TUA20231205003587,T000007,L007491.2019.RH3.V1,"Anexo XVIII do Decreto-Lei nº 236/98, de 1 de agosto.",
TUA20231206003600,T000007,L007489.2019.RH3.V1,"Anexo XVIII do Decreto-Lei nº 236/98, de 1 de agosto.",
TUA20231206003602,T000007,L007488.2019.RH3.V1,"Anexo XVIII do Decreto-Lei nº 236/98, de 1 de agosto.",
TUA20231211003636,T000007,L005712.2019.RH3.V1,"Anexo XVIII do Decreto-Lei nº 236/98, de 1 de agosto.",
TUA20231212003641,T000008,L047135.2023.RH5A.V1,"(a) Abordagem combinada de acordo com o estabelecido no artigo 53.º da Lei nº 58/2005, de 29 de dezembro, na sua redação atual.",
TUA20231228003808,T000007,L007492.2019.RH3.V1,"Anexo XVIII do Decreto-Lei nº 236/98, de 1 de agosto.",
TUA20240131000275,T000007,L015762.2013.RH5-T1.V1,"(a) Abordagem combinada de acordo com o estabelecido no artigo 53.º da Lei nº 58/2005, de 29 de dezembro, na sua redação atual.",
TUA20240131000276,T000007,L010891.2013.RH5-T1.V1,"(a) Abordagem combinada de acordo com o estabelecido no artigo 53.º da Lei nº 58/2005, de 29 de dezembro, na sua redação atual.",
TUA20240216000439,T000007,L047225.2023.RH5A.V1,"(a) Abordagem combinada de acordo com o estabelecido no artigo 53.º da Lei nº 58/2005, de 29 de dezembro, na sua redação atual.",
TUA20240216000440,T000021,L008275.2018.RH5A.V1,"(a) Abordagem combinada de acordo com o estabelecido no artigo 53.º da Lei nº 58/2005, de 29 de dezembro, na sua redação atual.",
TUA20240216000462,T000008,L006005.2021.RH5A.V1,"(a) Abordagem combinada de acordo com o estabelecido no artigo 53.º da Lei nº 58/2005, de 29 de dezembro, na sua redação atual.",
TUA20240223000530,T000047,L031504.2023.RH5A.V1,"(a) Abordagem combinada de acordo com o estabelecido no artigo 53.º da Lei nº 58/2005, de 29 de dezembro, na sua redação atual.",
TUA20240229000598,T000007,L047273.2023.RH5A.V1,"(a) Abordagem combinada de acordo com o estabelecido no artigo 53.º da Lei nº 58/2005, de 29 de dezembro, na sua redação atual.",
TUA20240901002617,T000022,L060851.2024.RH7.V1,"Decreto-Lei nº. 236/98, 1 de agosto",
TUA20241030003256,T000035,L064067.2024.RH7.V1,"Decreto-Lei nº. 236/98, 1 de agosto",
TUA20230530001578,T000038,,"(a) Anexo XVIII do Decreto-Lei nº 236/98, de 1 de agosto.",L043200.2023.RH4A.V2
TUA20230530001578,T000039,,"(b) Decreto-Lei nº 152/97, de 19 de junho.",L043200.2023.RH4A.V2
TUA20240105000038,T000006,,"(a) Abordagem combinada de acordo com o estabelecido no artigo 53.º da Lei nº 58/2005, de 29 de dezembro, na sua redação atual.",L008065.2019.RH3.V1
TUA20240105000038,T000007,,"(b) Abordagem combinada de acordo com o estabelecido no artigo 53.º da Lei nº 58/2005, de 29 de dezembro, na sua redação atual, conjugada com o Decreto-Lei nº 152/97, de 19 de junho com as alterações introduzidas pelos Decreto-Lei nº 172/2001, de 26 de maio; Decreto-Lei nº 149/2004, de 22 de junho; Decreto-Lei n.º 198/2008, de 8 de outubro; Decreto-Lei n.º 133/2015, de 13 de julho e Decreto-Lei n.º 77/2021, de 27 de agosto.",L008065.2019.RH3.V1
TUA20240105000038,T000008,,"(c) Abordagem combinada de acordo com o estabelecido no artigo 53.º da Lei nº 58/2005, de 29 de dezembro conjugada com o Decreto-Lei nº 127/2013, de 30 de agosto, ambos na sua redação atual.",L008065.2019.RH3.V1
TUA20240105000038,T000016,,"Anexo XVIII do Decreto-Lei nº 236/98, de 1 de agosto.",L008065.2019.RH3.V1
TUA20240110000102,T000006,,"(a) Abordagem combinada de acordo com o estabelecido no artigo 53.º da Lei nº 58/2005, de 29 de dezembro, na sua redação atual.",L008067.2019.RH3.V1
TUA20240110000102,T000007,,"(b) Abordagem combinada de acordo com o estabelecido no artigo 53.º da Lei nº 58/2005, de 29 de dezembro, na sua redação atual, conjugada com o Decreto-Lei nº 152/97, de 19 de junho com as alterações introduzidas pelos Decreto-Lei nº 172/2001, de 26 de maio; Decreto-Lei nº 149/2004, de 22 de junho; Decreto-Lei n.º 198/2008, de 8 de outubro; Decreto-Lei n.º 133/2015, de 13 de julho e Decreto-Lei n.º 77/2021, de 27 de agosto.",L008067.2019.RH3.V1
TUA20240110000102,T000008,,"(c) Abordagem combinada de acordo com o estabelecido no artigo 53.º da Lei nº 58/2005, de 29 de dezembro conjugada com o Decreto-Lei nº 127/2013, de 30 de agosto, ambos na sua redação atual.",L008067.2019.RH3.V1
TUA20240110000102,T000015,,"Anexo XVIII do Decreto-Lei nº 236/98, de 1 de agosto.",L008067.2019.RH3.V1
TUA20240123000210,T000015,,"Anexo XVIII do Decreto-Lei nº 236/98, de 1 de agosto.",L008070.2019.RH3.V1
TUA20240227000550,T000017,,"Anexo XVIII do Decreto-Lei nº 236/98, de 1 de agosto.",L012483.2019.RH3.V1
TUA20240308000724,T000016,,"Anexo XVIII do Decreto-Lei nº 236/98, de 1 de agosto.",L012485.2019.RH3.V1
TUA20240416001180,T000016,,"Decreto-Lei nº 152/97, de 19 de junho, na redação atual.",L012482.2019.RH3.V1
TUA20240506001395,T000016,,"Anexo XVIII do Decreto-Lei nº 236/98, de 1 de agosto.",L017381.2019.RH3.V1
TUA20240506001401,T000018,,"Anexo XVIII do Decreto-Lei nº 236/98, de 1 de agosto.",L008066.2019.RH3.V1
TUA20240521001568,T000007,,"(a) Anexo XVIII do Decreto-Lei nº 236/98, de 1 de agosto.",L015870.2019.RH4A.V1
TUA20240521001569,T000007,,"(a) Anexo XVIII do Decreto-Lei nº 236/98, de 1 de agosto.",L015931.2019.RH4A.V1
TUA20240521001573,T000007,,"(a) Anexo XVIII do Decreto-Lei nº 236/98, de 1 de agosto.",L054772.2024.RH4A.V1
TUA20240521001575,T000007,,"(a) Anexo XVIII do Decreto-Lei nº 236/98, de 1 de agosto.",L054786.2024.RH4A.V1
TUA20240521001577,T000007,,"(a) Anexo XVIII do Decreto-Lei nº 236/98, de 1 de agosto.",L054809.2024.RH4A.V1
TUA20240522001588,T000007,,"(a) Anexo XVIII do Decreto-Lei nº 236/98, de 1 de agosto.",L015978.2022.RH4A.V1
TUA20240522001588,T000008,,"(b) Decreto-Lei nº 135/2009, de 3 de junho.",L015978.2022.RH4A.V1
TUA20240604001677,T000020,,"(a) Anexo XVIII do Decreto-Lei nº 236/98, de 1 de agosto.",L015874.2019.RH4A.V1
TUA20240719002219,T000021,,"(a) Anexo XVIII do Decreto-Lei nº 236/98, de 1 de agosto.",L058799.2024.RH4A.V1
TUA20240719002220,T000007,,"(a) Anexo XVIII do Decreto-Lei nº 236/98, de 1 de agosto.",L058803.2024.RH4A.V1
TUA20240725002275,T000016,,"Abordagem combinada de acordo com o estabelecido no artigo 53.º da Lei nº 58/2005, de 29 de dezembro, conjugada com o Decreto-lei n.º 236/98, de 1 de agosto, na sua redação atual.",L020554.2019.RH3.V1
TUA20240731002345,T000016,,"Abordagem combinada de acordo com o estabelecido no artigo 53.º da Lei nº 58/2005, de 29 de dezembro, conjugada com o Decreto-lei n.º 236/98, de 1 de agosto, na sua redação atual.",L020553.2019.RH3.V1
TUA20240731002347,T000016,,"Abordagem combinada de acordo com o estabelecido no artigo 53.º da Lei nº 58/2005, de 29 de dezembro, conjugada com o Decreto-lei n.º 236/98, de 1 de agosto, na sua redação atual.",L020555.2019.RH3.V1
TUA20240808002408,T000007,,"(a) Anexo XVIII do Decreto-Lei nº 236/98, de 1 de agosto.",L015944.2019.RH4A.V1
TUA20240904002654,T000007,,"(a) Anexo XVIII do Decreto-Lei nº 236/98, de 1 de agosto.",L060904.2024.RH4A.V1
TUA20240916002772,T000008,,"(a) Abordagem combinada de acordo com o estabelecido no artigo 53.º da Lei nº 58/2005, de 29 de dezembro, na sua redação atual.",L001080.2020.RH5A.V1
TUA20241003002946,T000008,,"(a) Abordagem combinada de acordo com o estabelecido no artigo 53.º da Lei nº 58/2005, de 29 de dezembro, na sua redação atual.",L001135.2020.RH5A.V1
TUA20241014003042,T000007,,"(a) Abordagem combinada de acordo com o estabelecido no artigo 53.º da Lei nº 58/2005, de 29 de dezembro, na sua redação atual.",L063042.2024.RH3.V1
TUA20241022003142,T000007,,"(a) Anexo XVIII do Decreto-Lei nº 236/98, de 1 de agosto.",L063531.2024.RH4A.V1
TUA20241022003142,T000008,,"(b) Decreto-Lei nº 152/97, de 19 de junho.",L063531.2024.RH4A.V1
TUA20241122003491,T000007,,"(a) Anexo XVIII do Decreto-Lei nº 236/98, de 1 de agosto.",L014539.2022.RH4A.V1
TUA20241122003491,T000008,,"(b) Decreto-Lei nº 152/97, de 19 de junho",L014539.2022.RH4A.V1
TUA20241122003495,T000007,,"(a) Anexo XVIII do Decreto-Lei nº 236/98, de 1 de agosto.",L014785.2022.RH4A.V1
TUA20241122003495,T000008,,"(b) Critério de aplicação do artigo 53.º da Lei nº 58/2005, de 29 de dezembro, na sua redação atual, conjugado com o Decreto-Lei nº 152/97, de 19 de junho.",L014785.2022.RH4A.V1
TUA20241122003495,T000009,,"(c) Critério de aplicação do artigo 53.º da Lei nº 58/2005, de 29 de dezembro, na sua redação atual, conjugado com Anexo XVIII do Decreto-Lei nº 236/98, de 1 de agosto.",L014785.2022.RH4A.V1
TUA20241210003651,T000007,,"(a) Anexo XVIII do Decreto-Lei nº 236/98, de 1 de agosto",L065853.2024.RH4A.V1
TUA20241210003651,T000008,,"(b) Decreto-Lei nº 152/97, de 19 de junho",L065853.2024.RH4A.V1
TUA20250226000655,T000007,,"(a) Anexo XVIII do Decreto-Lei n.º 236/98, de 1 de agosto.",L070191.2025.RH7.V1
TUA20250317000834,T000007,,"(a) Anexo XVIII do Decreto-Lei nº 236/98, de 1 de agosto.",L014699.2022.RH4A.V1
TUA20250317000834,T000008,,"(b) Decreto-Lei nº 152/97, de 19 de junho.",L014699.2022.RH4A.V1
TUA20250416001449,T000007,,"(a) Anexo XVIII do Decreto-Lei nº 236/98, de 1 de agosto.",L032810.2023.RH4A.V1
TUA20250416001449,T000008,,"(b) Decreto-Lei nº 152/97, de 19 de junho.",L032810.2023.RH4A.V1
TUA20250416001449,T000039,,"(c) Critério de aplicação do artigo 53.º da Lei nº 58/2005, de 29 de dezembro, na sua redação atual, conjugado com Decreto-Lei nº 152/97, de 19 de junho.",L032810.2023.RH4A.V1
TUA20250416001449,T000040,,(d) Considera-se o período de estiagem de 1 de junho a 30 de setembro.,L032810.2023.RH4A.V1
TUA20250416001449,T000041,,"(e) Critério de aplicação do artigo 53.º da Lei nº 58/2005, de 29 de dezembro, na sua redação atual, conjugado com Anexo XVIII do Decreto-Lei nº 236/98, de 1 de agosto.",L032810.2023.RH4A.V1
TUA20250602001876,T000007,,"(a) Anexo XVIII do Decreto-Lei n.º 236/98, de 1 de agosto.",L075151.2025.RH6.V1
TUA20250722002408,T000033,,"(a) Anexo XVIII do Decreto-Lei nº 236/98, de 1 de agosto.",L017803.2020.RH4A.V1
TUA20260202000317,T000007,,"(a) Abordagem combinada de acordo com o estabelecido no artigo 53.º da Lei nº 58/2005, de 29 de dezembro, na sua redação atual.",L014337.2019.RH5A.V1
