Nº TUA,Código,Legislação aplicável
TUA20220411000574,a,"Abordagem combinada de acordo com o estabelecido no artigo 53.º da Lei nº 58/2005, de 29 de dezembro, na sua redação atual."
TUA20220411000574,b,"Abordagem combinada de acordo com o estabelecido no artigo 53.º da Lei nº 58/2005, de 29 de dezembro, na sua redação atual, conjugada com o Decreto-Lei nº 152/97, de 19 de junho com as alterações introduzidas pelos Decreto-Lei nº 172/2001, de 26 de maio; Decreto-Lei nº 149/2004, de 22 de junho; Decreto-Lei n.º 198/2008, de 8 de outubro; Decreto-Lei n.º 133/2015, de 13 de julho e Decreto-Lei n.º 77/2021, de 27 de agosto."
TUA20220411000574,c,"Abordagem combinada de acordo com o estabelecido no artigo 53.º da Lei nº 58/2005, de 29 de dezembro conjugada com o Decreto-Lei nº 127/2013, de 30 de agosto, ambos na sua redação atual."
TUA20220411000574,T000079,"(a) Abordagem combinada de acordo com o estabelecido no artigo 53.º da Lei nº 58/2005, de 29 de dezembro, na sua redação atual."
TUA20220411000574,T000080,"(b) Abordagem combinada de acordo com o estabelecido no artigo 53.º da Lei nº 58/2005, de 29 de dezembro, na sua redação atual, conjugada com o Decreto-Lei nº 152/97, de 19 de junho com as alterações introduzidas pelos Decreto-Lei nº 172/2001, de 26 de maio; Decreto-Lei nº 149/2004, de 22 de junho; Decreto-Lei n.º 198/2008, de 8 de outubro; Decreto-Lei n.º 133/2015, de 13 de julho e Decreto-Lei n.º 77/2021, de 27 de agosto."
TUA20220411000574,T000081,"(c) Abordagem combinada de acordo com o estabelecido no artigo 53.º da Lei nº 58/2005, de 29 de dezembro conjugada com o Decreto-Lei nº 127/2013, de 30 de agosto, ambos na sua redação atual."
TUA20220420000646,a,"Abordagem combinada de acordo com o estabelecido no artigo 53.º da Lei nº 58/2005, de 29 de dezembro, na sua redação atual."
TUA20220420000646,b,"Abordagem combinada de acordo com o estabelecido no artigo 53.º da Lei nº 58/2005, de 29 de dezembro, na sua redação atual, conjugada com o Decreto-Lei nº 152/97, de 19 de junho com as alterações introduzidas pelos Decreto-Lei nº 172/2001, de 26 de maio; Decreto-Lei nº 149/2004, de 22 de junho; Decreto-Lei n.º 198/2008, de 8 de outubro; Decreto-Lei n.º 133/2015, de 13 de julho e Decreto-Lei n.º 77/2021, de 27 de agosto."
TUA20220420000646,c,"Abordagem combinada de acordo com o estabelecido no artigo 53.º da Lei nº 58/2005, de 29 de dezembro conjugada com o Decreto-Lei nº 127/2013, de 30 de agosto, ambos na sua redação atual."
TUA20220420000646,T000082,"(a) Abordagem combinada de acordo com o estabelecido no artigo 53.º da Lei nº 58/2005, de 29 de dezembro, na sua redação atual."
TUA20220420000646,T000083,"(b) Abordagem combinada de acordo com o estabelecido no artigo 53.º da Lei nº 58/2005, de 29 de dezembro, na sua redação atual, conjugada com o Decreto-Lei nº 152/97, de 19 de junho com as alterações introduzidas pelos Decreto-Lei nº 172/2001, de 26 de maio; Decreto-Lei nº 149/2004, de 22 de junho; Decreto-Lei n.º 198/2008, de 8 de outubro; Decreto-Lei n.º 133/2015, de 13 de julho e Decreto-Lei n.º 77/2021, de 27 de agosto."
TUA20220420000646,T000084,"(c) Abordagem combinada de acordo com o estabelecido no artigo 53.º da Lei nº 58/2005, de 29 de dezembro conjugada com o Decreto-Lei nº 127/2013, de 30 de agosto, ambos na sua redação atual."
TUA20220511000842,a,"Decreto-Lei nº 152/97, de 19 de junho"
TUA20220511000842,b,"Anexo XVIII do Decreto-Lei nº 236/98, de 1 de agosto"
TUA20220511000842,T000022,"(a) Decreto-Lei nº 152/97, de 19 de junho"
TUA20220511000842,T000023,"(b) Anexo XVIII do Decreto-Lei nº 236/98, de 1 de agosto"
TUA20220511000844,a,"Anexo XVIII do Decreto-Lei nº 236/98, de 1 de agosto"
TUA20220511000844,T000015,"(a) Anexo XVIII do Decreto-Lei nº 236/98, de 1 de agosto"
TUA20220511000845,a,"Anexo XVIII do Decreto-Lei nº 236/98, de 1 de agosto"
TUA20220511000845,T000024,"(a) Anexo XVIII do Decreto-Lei nº 236/98, de 1 de agosto"
TUA20220718001522,a,"Abordagem combinada de acordo com o estabelecido no artigo 53.º da Lei nº 58/2005, de 29 de dezembro, na sua redação atual."
TUA20220718001522,b,"Abordagem combinada de acordo com o estabelecido no artigo 53.º da Lei nº 58/2005, de 29 de dezembro, na sua redação atual, conjugada com o Decreto-Lei nº 152/97, de 19 de junho com as alterações introduzidas pelos Decreto-Lei nº 172/2001, de 26 de maio; Decreto-Lei nº 149/2004, de 22 de junho; Decreto-Lei n.º 198/2008, de 8 de outubro; Decreto-Lei n.º 133/2015, de 13 de julho e Decreto-Lei n.º 77/2021, de 27 de agosto."
TUA20220718001522,c,"Abordagem combinada de acordo com o estabelecido no artigo 53.º da Lei nº 58/2005, de 29 de dezembro conjugada com o Decreto-Lei nº 127/2013, de 30 de agosto, ambos na sua redação atual."
TUA20220718001522,T000085,"(a) Abordagem combinada de acordo com o estabelecido no artigo 53.º da Lei nº 58/2005, de 29 de dezembro, na sua redação atual."
TUA20220718001522,T000086,"(b) Abordagem combinada de acordo com o estabelecido no artigo 53.º da Lei nº 58/2005, de 29 de dezembro, na sua redação atual, conjugada com o Decreto-Lei nº 152/97, de 19 de junho com as alterações introduzidas pelos Decreto-Lei nº 172/2001, de 26 de maio; Decreto-Lei nº 149/2004, de 22 de junho; Decreto-Lei n.º 198/2008, de 8 de outubro; Decreto-Lei n.º 133/2015, de 13 de julho e Decreto-Lei n.º 77/2021, de 27 de agosto."
TUA20220718001522,T000087,"(c) Abordagem combinada de acordo com o estabelecido no artigo 53.º da Lei nº 58/2005, de 29 de dezembro conjugada com o Decreto-Lei nº 127/2013, de 30 de agosto, ambos na sua redação atual."
TUA20220720001537,a,"Abordagem combinada de acordo com o estabelecido no artigo 53.º da Lei nº 58/2005, de 29 de dezembro, na sua redação atual."
TUA20220720001537,b,"Abordagem combinada de acordo com o estabelecido no artigo 53.º da Lei nº 58/2005, de 29 de dezembro, na sua redação atual, conjugada com o Decreto-Lei nº 152/97, de 19 de junho com as alterações introduzidas pelos Decreto-Lei nº 172/2001, de 26 de maio; Decreto-Lei nº 149/2004, de 22 de junho; Decreto-Lei n.º 198/2008, de 8 de outubro; Decreto-Lei n.º 133/2015, de 13 de julho e Decreto-Lei n.º 77/2021, de 27 de agosto."
TUA20220720001537,T000008,"(a) Abordagem combinada de acordo com o estabelecido no artigo 53.º da Lei nº 58/2005, de 29 de dezembro, na sua redação atual."
TUA20220720001537,T000009,"(b) Abordagem combinada de acordo com o estabelecido no artigo 53.º da Lei nº 58/2005, de 29 de dezembro, na sua redação atual, conjugada com o Decreto-Lei nº 152/97, de 19 de junho com as alterações introduzidas pelos Decreto-Lei nº 172/2001, de 26 de maio; Decreto-Lei nº 149/2004, de 22 de junho; Decreto-Lei n.º 198/2008, de 8 de outubro; Decreto-Lei n.º 133/2015, de 13 de julho e Decreto-Lei n.º 77/2021, de 27 de agosto."
TUA20220720001538,a,"Abordagem combinada de acordo com o estabelecido no artigo 53.º da Lei nº 58/2005, de 29 de dezembro, na sua redação atual."
TUA20220720001538,T000008,"(a) Abordagem combinada de acordo com o estabelecido no artigo 53.º da Lei nº 58/2005, de 29 de dezembro, na sua redação atual."
TUA20220919002148,a,"Abordagem combinada de acordo com o estabelecido no artigo 53.º da Lei nº 58/2005, de 29 de dezembro, na sua redação atual."
TUA20220919002148,T000008,"(a) Abordagem combinada de acordo com o estabelecido no artigo 53.º da Lei nº 58/2005, de 29 de dezembro, na sua redação atual."
TUA20220922002189,T000008,"Anexo XVIII do Decreto-Lei nº 236/98, de 1 de agosto."
TUA20220922002190,T000007,"Anexo XVIII do Decreto-Lei nº 236/98, de 1 de agosto."
TUA20220927002236,T000008,"Anexo XVIII do Decreto-Lei nº 236/98, de 1 de agosto."
TUA20220930002259,T000008,"Anexo XVIII do Decreto-Lei nº 236/98, de 1 de agosto."
TUA20221010002354,a,"Abordagem combinada de acordo com o estabelecido no artigo 53.º da Lei nº 58/2005, de 29 de dezembro, na sua redação atual, conjugada com o Anexo XVIII do Decreto-Lei nº 236/98, de 1 de agosto."
TUA20221010002354,T000007,"(a) Abordagem combinada de acordo com o estabelecido no artigo 53.º da Lei nº 58/2005, de 29 de dezembro, na sua redação atual, conjugada com o Anexo XVIII do Decreto-Lei nº 236/98, de 1 de agosto."
TUA20221010002355,a,"Abordagem combinada de acordo com o estabelecido no artigo 53.º da Lei nº 58/2005, de 29 de dezembro, na sua redação atual, conjugada com o Anexo XVIII do Decreto-Lei nº 236/98, de 1 de agosto."
TUA20221010002355,b,"Abordagem combinada de acordo com o estabelecido no artigo 53.º da Lei nº 58/2005, de 29 de dezembro, na sua redação atual, conjugada com o Decreto-Lei nº 152/97, de 19 de junho com as alterações introduzidas pelos Decreto-Lei nº 172/2001, de 26 de maio; Decreto-Lei nº 149/2004, de 22 de Decreto-Lei nº 152/97, de 19 de junho com as alterações introduzidas pelos Decreto-Lei nº 172/2001, de 26 de maio; Decreto-Lei nº 149/2004, de 22 de junho; Decreto-Lei n.º 198/2008, de 8 de outubro; Decreto-Lei n.º 133/2015, de 13 de julho e Decreto-Lei n.º 77/2021, de 27 de agosto."
TUA20221010002355,T000007,"(a) Abordagem combinada de acordo com o estabelecido no artigo 53.º da Lei nº 58/2005, de 29 de dezembro, na sua redação atual, conjugada com o Anexo XVIII do Decreto-Lei nº 236/98, de 1 de agosto."
TUA20221010002355,T000008,"(b) Abordagem combinada de acordo com o estabelecido no artigo 53.º da Lei nº 58/2005, de 29 de dezembro, na sua redação atual, conjugada com o Decreto-Lei nº 152/97, de 19 de junho com as alterações introduzidas pelos Decreto-Lei nº 172/2001, de 26 de maio; Decreto-Lei nº 149/2004, de 22 de Decreto-Lei nº 152/97, de 19 de junho com as alterações introduzidas pelos Decreto-Lei nº 172/2001, de 26 de maio; Decreto-Lei nº 149/2004, de 22 de junho; Decreto-Lei n.º 198/2008, de 8 de outubro; Decreto-Lei n.º 133/2015, de 13 de julho e Decreto-Lei n.º 77/2021, de 27 de agosto."
TUA20221010002356,a,"Abordagem combinada de acordo com o estabelecido no artigo 53.º da Lei nº 58/2005, de 29 de dezembro, na sua redação atual, conjugada com o Anexo XVIII do Decreto-Lei nº 236/98, de 1 de agosto."
TUA20221010002356,T000007,"(a) Abordagem combinada de acordo com o estabelecido no artigo 53.º da Lei nº 58/2005, de 29 de dezembro, na sua redação atual, conjugada com o Anexo XVIII do Decreto-Lei nº 236/98, de 1 de agosto."
TUA20221010002358,a,"Abordagem combinada de acordo com o estabelecido no artigo 53.º da Lei nº 58/2005, de 29 de dezembro, na sua redação atual, conjugada com o Anexo XVIII do Decreto-Lei nº 236/98, de 1 de agosto."
TUA20221010002358,b,"Abordagem combinada de acordo com o estabelecido no artigo 53.º da Lei nº 58/2005, de 29 de dezembro, na sua redação atual, conjugada com o Decreto-Lei nº 152/97, de 19 de junho com as alterações introduzidas pelos Decreto-Lei nº 172/2001, de 26 de maio; Decreto-Lei nº 149/2004, de 22 de junho; Decreto-Lei n.º 198/2008, de 8 de outubro; Decreto-Lei n.º 133/2015, de 13 de julho e Decreto-Lei n.º 77/2021, de 27 de agosto."
TUA20221010002358,T000008,"(a) Abordagem combinada de acordo com o estabelecido no artigo 53.º da Lei nº 58/2005, de 29 de dezembro, na sua redação atual, conjugada com o Anexo XVIII do Decreto-Lei nº 236/98, de 1 de agosto."
TUA20221010002358,T000009,"(b) Abordagem combinada de acordo com o estabelecido no artigo 53.º da Lei nº 58/2005, de 29 de dezembro, na sua redação atual, conjugada com o Decreto-Lei nº 152/97, de 19 de junho com as alterações introduzidas pelos Decreto-Lei nº 172/2001, de 26 de maio; Decreto-Lei nº 149/2004, de 22 de junho; Decreto-Lei n.º 198/2008, de 8 de outubro; Decreto-Lei n.º 133/2015, de 13 de julho e Decreto-Lei n.º 77/2021, de 27 de agosto."
TUA20221010002359,a,"Abordagem combinada de acordo com o estabelecido no artigo 53.º da Lei nº 58/2005, de 29 de dezembro, na sua redação atual, conjugada com o Anexo XVIII do Decreto-Lei nº 236/98, de 1 de agosto"
TUA20221010002359,T000008,"(a) Abordagem combinada de acordo com o estabelecido no artigo 53.º da Lei nº 58/2005, de 29 de dezembro, na sua redação atual, conjugada com o Anexo XVIII do Decreto-Lei nº 236/98, de 1 de agosto"
TUA20221017002426,a,"Abordagem combinada de acordo com o estabelecido no artigo 53.º da Lei nº 58/2005, de 29 de dezembro, na sua redação atual, conjugada com o Anexo XVIII do Decreto-Lei nº 236/98, de 1 de agosto."
TUA20221017002426,T000008,"(a) Abordagem combinada de acordo com o estabelecido no artigo 53.º da Lei nº 58/2005, de 29 de dezembro, na sua redação atual, conjugada com o Anexo XVIII do Decreto-Lei nº 236/98, de 1 de agosto."
TUA20221017002427,a,"Abordagem combinada de acordo com o estabelecido no artigo 53.º da Lei nº 58/2005, de 29 de dezembro, na sua redação atual, conjugada com o Anexo XVIII do Decreto-Lei nº 236/98, de 1 de agosto."
TUA20221017002427,T000007,"(a) Abordagem combinada de acordo com o estabelecido no artigo 53.º da Lei nº 58/2005, de 29 de dezembro, na sua redação atual, conjugada com o Anexo XVIII do Decreto-Lei nº 236/98, de 1 de agosto."
TUA20230116000180,a,"Abordagem combinada de acordo com o estabelecido no artigo 53.º da Lei nº 58/2005, de 29 de dezembro, na sua redação atual."
TUA20230116000180,T000008,"(a) Abordagem combinada de acordo com o estabelecido no artigo 53.º da Lei nº 58/2005, de 29 de dezembro, na sua redação atual."
TUA20230117000197,a,"Abordagem combinada conforme descrita no art.º 53.º, da Lei n.º 58/2005, de 29 de dezembro, conjugada com o Decreto-Lei n.º 236/98, de 1 de agosto, ambos na sua redação atual."
TUA20230117000197,T000021,"(a) Abordagem combinada conforme descrita no art.º 53.º, da Lei n.º 58/2005, de 29 de dezembro, conjugada com o Decreto-Lei n.º 236/98, de 1 de agosto, ambos na sua redação atual."
TUA20230125000254,T000008,"Anexo XVIII do Decreto-Lei nº 236/98, de 1 de agosto."
TUA20230125000271,T000021,"Anexo XVIII do Decreto-Lei nº 236/98, de 1 de agosto."
TUA20230125000272,T000007,"Anexo XVIII do Decreto-Lei nº 236/98, de 1 de agosto."
TUA20230130000331,a,"Abordagem combinada de acordo com o estabelecido no artigo 53.º da Lei nº 58/2005, de 29 de dezembro, na sua redação atual."
TUA20230130000331,T000007,"(a) Abordagem combinada de acordo com o estabelecido no artigo 53.º da Lei nº 58/2005, de 29 de dezembro, na sua redação atual."
TUA20230130000332,a,"Abordagem combinada de acordo com o estabelecido no artigo 53.º da Lei nº 58/2005, de 29 de dezembro, na sua redação atual."
TUA20230130000332,T000007,"(a) Abordagem combinada de acordo com o estabelecido no artigo 53.º da Lei nº 58/2005, de 29 de dezembro, na sua redação atual."
TUA20230130000333,a,"Abordagem combinada de acordo com o estabelecido no artigo 53.º da Lei nº 58/2005, de 29 de dezembro, na sua redação atual."
TUA20230130000333,T000007,"(a) Abordagem combinada de acordo com o estabelecido no artigo 53.º da Lei nº 58/2005, de 29 de dezembro, na sua redação atual."
TUA20230130000335,a,"Abordagem combinada de acordo com o estabelecido no artigo 53.º da Lei nº 58/2005, de 29 de dezembro, na sua redação atual."
TUA20230130000335,T000008,"(a) Abordagem combinada de acordo com o estabelecido no artigo 53.º da Lei nº 58/2005, de 29 de dezembro, na sua redação atual."
TUA20230130000336,a,"Abordagem combinada de acordo com o estabelecido no artigo 53.º da Lei nº 58/2005, de 29 de dezembro, na sua redação atual."
TUA20230130000336,T000008,"(a) Abordagem combinada de acordo com o estabelecido no artigo 53.º da Lei nº 58/2005, de 29 de dezembro, na sua redação atual."
TUA20230202000373,T000007,"Decreto-Lei nº 152/97, de 19 de junho, na redação atual."
TUA20230202000374,T000007,"Anexo XVIII do Decreto-Lei nº 236/98, de 1 de agosto."
TUA20230202000375,T000007,"Anexo XVIII do Decreto-Lei nº 236/98, de 1 de agosto."
TUA20230202000376,T000013,"Anexo XVIII do Decreto-Lei nº 236/98, de 1 de agosto."
TUA20230202000377,T000008,"Anexo XVIII do Decreto-Lei nº 236/98, de 1 de agosto."
TUA20230202000378,T000008,"Anexo XVIII do Decreto-Lei nº 236/98, de 1 de agosto."
TUA20230208000443,T000007,"Anexo XVIII do Decreto-Lei nº 236/98, de 1 de agosto."
TUA20230213000471,T000007,"Anexo XVIII do Decreto-Lei nº 236/98, de 1 de agosto."
TUA20230213000497,a,"Abordagem combinada conforme descrita no art.º 53.º, da Lei n.º 58/2005, de 29 de dezembro, na sua redação atual, conjugada com o Decreto-Lei n.º 236/98, de 1 de agosto."
TUA20230213000497,T000008,"(a) Abordagem combinada conforme descrita no art.º 53.º, da Lei n.º 58/2005, de 29 de dezembro, na sua redação atual, conjugada com o Decreto-Lei n.º 236/98, de 1 de agosto."
TUA20230216000512,T000007,"Anexo XVIII do Decreto-Lei nº 236/98, de 1 de agosto."
TUA20230216000513,T000007,"Anexo XVIII do Decreto-Lei nº 236/98, de 1 de agosto."
TUA20230220000545,T000007,"Anexo XVIII do Decreto-Lei nº 236/98, de 1 de agosto."
TUA20230228000613,a,"Abordagem combinada conforme descrita no art.º 53.º, da Lei n.º 58/2005, de 29 de dezembro, na sua redação atual, conjugada com o Decreto-Lei n.º 236/98, de 1 de agosto."
TUA20230228000613,b,"Abordagem combinada de acordo com o estabelecido no artigo 53.º da Lei nº 58/2005, de 29 de dezembro, na sua redação atual, conjugada com o Decreto-Lei nº 152/97, de 19 de junho com as alterações introduzidas pelos Decreto-Lei nº 172/2001, de 26 de maio; Decreto-Lei nº 149/2004, de 22 de junho; Decreto-Lei n.º 198/2008, de 8 de outubro; Decreto-Lei n.º 133/2015, de 13 de julho e Decreto-Lei n.º 77/2021, de 27 de agosto."
TUA20230228000613,T000008,"(a) Abordagem combinada conforme descrita no art.º 53.º, da Lei n.º 58/2005, de 29 de dezembro, na sua redação atual, conjugada com o Decreto-Lei n.º 236/98, de 1 de agosto."
TUA20230228000613,T000009,"(b) Abordagem combinada de acordo com o estabelecido no artigo 53.º da Lei nº 58/2005, de 29 de dezembro, na sua redação atual, conjugada com o Decreto-Lei nº 152/97, de 19 de junho com as alterações introduzidas pelos Decreto-Lei nº 172/2001, de 26 de maio; Decreto-Lei nº 149/2004, de 22 de junho; Decreto-Lei n.º 198/2008, de 8 de outubro; Decreto-Lei n.º 133/2015, de 13 de julho e Decreto-Lei n.º 77/2021, de 27 de agosto."
TUA20230228000614,a,"Abordagem combinada de acordo com o estabelecido no artigo 53.º da Lei nº 58/2005, de 29 de dezembro, na sua redação atual."
TUA20230228000614,b,"Decreto-Lei nº 152/97, de 19 de junho"
TUA20230228000614,c,"Anexo XVIII do Decreto-Lei nº 236/98, de 1 de agosto"
TUA20230228000614,T000021,"(a) Abordagem combinada de acordo com o estabelecido no artigo 53.º da Lei nº 58/2005, de 29 de dezembro, na sua redação atual."
TUA20230228000614,T000036,"(b) Decreto-Lei nº 152/97, de 19 de junho"
TUA20230228000614,T000043,"(c) Anexo XVIII do Decreto-Lei nº 236/98, de 1 de agosto"
TUA20230328000995,T000006,"Anexo XVIII do Decreto-Lei nº 236/98, de 1 de agosto."
TUA20230328000996,T000006,"Anexo XVIII do Decreto-Lei nº 236/98, de 1 de agosto."
TUA20230421001258,T000006,"Anexo XVIII do Decreto-Lei nº 236/98, de 1 de agosto."
TUA20230421001259,T000006,"Anexo XVIII do Decreto-Lei nº 236/98, de 1 de agosto."
TUA20230421001260,T000007,"Anexo XVIII do Decreto-Lei nº 236/98, de 1 de agosto."
TUA20230421001263,T000006,"Anexo XVIII do Decreto-Lei nº 236/98, de 1 de agosto."
TUA20230423001281,a,"Anexo XVIII do Decreto-Lei n.º 236/98, de 1 de agosto."
TUA20230423001281,b,"Anexo I do Decreto-Lei n.º 152/97, de 19 de junho, com as alterações introduzidas pelos Decretos-Leis n.ºs 348/98, de 9 de novembro, 149/2004, de 22 de junho, 198/2008, de 8 de outubro, 133/2015, de 13 de julho e 77/2021, de 27 de agosto (Quadro 1)."
TUA20230423001281,T000007,"(a) Anexo XVIII do Decreto-Lei n.º 236/98, de 1 de agosto."
TUA20230423001281,T000008,"(b) Anexo I do Decreto-Lei n.º 152/97, de 19 de junho, com as alterações introduzidas pelos Decretos-Leis n.ºs 348/98, de 9 de novembro, 149/2004, de 22 de junho, 198/2008, de 8 de outubro, 133/2015, de 13 de julho e 77/2021, de 27 de agosto (Quadro 1)."
TUA20230510001393,a,"Abordagem combinada de acordo com o estabelecido no artigo 53.º da Lei nº 58/2005, de 29 de dezembro, na sua redação atual."
TUA20230510001393,T000037,"(a) Abordagem combinada de acordo com o estabelecido no artigo 53.º da Lei nº 58/2005, de 29 de dezembro, na sua redação atual."
TUA20230510001399,T000006,"Anexo XVIII do Decreto-Lei nº 236/98, de 1 de agosto."
TUA20230602001636,T000006,"Anexo XVIII do Decreto-Lei nº 236/98, de 1 de agosto."
TUA20230602001637,T000006,"Anexo XVIII do Decreto-Lei nº 236/98, de 1 de agosto."
TUA20230707002024,a,"Abordagem combinada de acordo com o estabelecido no artigo 53.º da Lei nº 58/2005, de 29 de dezembro, na sua redação atual."
TUA20230707002024,T000006,"(a) Abordagem combinada de acordo com o estabelecido no artigo 53.º da Lei nº 58/2005, de 29 de dezembro, na sua redação atual."
TUA20230717002123,T000007,"Anexo XVIII do Decreto-Lei nº 236/98, de 1 de agosto."
TUA20230717002153,a,"Abordagem combinada de acordo com o estabelecido no artigo 53.º da Lei nº 58/2005, de 29 de dezembro, na sua redação atual."
TUA20230717002153,T000008,"(a) Abordagem combinada de acordo com o estabelecido no artigo 53.º da Lei nº 58/2005, de 29 de dezembro, na sua redação atual."
TUA20230801002309,a,"Anexo XVIII do Decreto-Lei nº 236/98, de 1 de agosto."
TUA20230801002309,b,"Decreto-Lei nº 152/97, de 19 de junho."
TUA20230801002309,T000007,"(a) Anexo XVIII do Decreto-Lei nº 236/98, de 1 de agosto."
TUA20230801002309,T000009,"(b) Decreto-Lei nº 152/97, de 19 de junho."
TUA20230808002363,a,"Abordagem combinada de acordo com o estabelecido no artigo 53.º da Lei nº 58/2005, de 29 de dezembro, na sua redação atual."
TUA20230808002363,T000008,"(a) Abordagem combinada de acordo com o estabelecido no artigo 53.º da Lei nº 58/2005, de 29 de dezembro, na sua redação atual."
TUA20230816002415,T000007,"Anexo XVIII do Decreto-Lei nº 236/98, de 1 de agosto."
TUA20230824002503,T000007,"Anexo XVIII do Decreto-Lei nº 236/98, de 1 de agosto."
TUA20230831002551,T000007,"Anexo XVIII do Decreto-Lei nº 236/98, de 1 de agosto."
TUA20230905002577,T000007,"Anexo XVIII do Decreto-Lei nº 236/98, de 1 de agosto."
TUA20230905002578,T000007,"Anexo XVIII do Decreto-Lei nº 236/98, de 1 de agosto."
TUA20230905002579,T000008,"Decreto-Lei nº 152/97, de 19 de junho, na redação atual."
TUA20230912002642,T000008,"Anexo XVIII do Decreto-Lei nº 236/98, de 1 de agosto."
TUA20230912002643,T000008,"Anexo XVIII do Decreto-Lei nº 236/98, de 1 de agosto."
TUA20230915002702,T000007,"Anexo XVIII do Decreto-Lei nº 236/98, de 1 de agosto."
TUA20230918002712,T000007,"Anexo XVIII do Decreto-Lei nº 236/98, de 1 de agosto."
TUA20231010002912,T000007,"Anexo XVIII do Decreto-Lei nº 236/98, de 1 de agosto."
TUA20231010002913,T000007,"Anexo XVIII do Decreto-Lei nº 236/98, de 1 de agosto."
TUA20231012002959,T000007,"Anexo XVIII do Decreto-Lei nº 236/98, de 1 de agosto."
TUA20231018003040,a,"Abordagem combinada de acordo com o estabelecido no artigo 53.º da Lei nº 58/2005, de 29 de dezembro, na sua redação atual."
TUA20231018003040,T000021,"(a) Abordagem combinada de acordo com o estabelecido no artigo 53.º da Lei nº 58/2005, de 29 de dezembro, na sua redação atual."
TUA20231109003280,T000007,"Anexo XVIII do Decreto-Lei nº 236/98, de 1 de agosto."
TUA20231128003520,T000007,"Anexo XVIII do Decreto-Lei nº 236/98, de 1 de agosto."
TUA20231128003521,T000007,"Anexo XVIII do Decreto-Lei nº 236/98, de 1 de agosto."
TUA20231205003587,T000007,"Anexo XVIII do Decreto-Lei nº 236/98, de 1 de agosto."
TUA20231206003600,T000007,"Anexo XVIII do Decreto-Lei nº 236/98, de 1 de agosto."
TUA20231206003602,T000007,"Anexo XVIII do Decreto-Lei nº 236/98, de 1 de agosto."
TUA20231211003636,T000007,"Anexo XVIII do Decreto-Lei nº 236/98, de 1 de agosto."
TUA20231212003641,a,"Abordagem combinada de acordo com o estabelecido no artigo 53.º da Lei nº 58/2005, de 29 de dezembro, na sua redação atual."
TUA20231212003641,T000008,"(a) Abordagem combinada de acordo com o estabelecido no artigo 53.º da Lei nº 58/2005, de 29 de dezembro, na sua redação atual."
TUA20231228003808,T000007,"Anexo XVIII do Decreto-Lei nº 236/98, de 1 de agosto."
TUA20240131000275,a,"Abordagem combinada de acordo com o estabelecido no artigo 53.º da Lei nº 58/2005, de 29 de dezembro, na sua redação atual."
TUA20240131000275,T000007,"(a) Abordagem combinada de acordo com o estabelecido no artigo 53.º da Lei nº 58/2005, de 29 de dezembro, na sua redação atual."
TUA20240131000276,a,"Abordagem combinada de acordo com o estabelecido no artigo 53.º da Lei nº 58/2005, de 29 de dezembro, na sua redação atual."
TUA20240131000276,T000007,"(a) Abordagem combinada de acordo com o estabelecido no artigo 53.º da Lei nº 58/2005, de 29 de dezembro, na sua redação atual."
TUA20240216000439,a,"Abordagem combinada de acordo com o estabelecido no artigo 53.º da Lei nº 58/2005, de 29 de dezembro, na sua redação atual."
TUA20240216000439,T000007,"(a) Abordagem combinada de acordo com o estabelecido no artigo 53.º da Lei nº 58/2005, de 29 de dezembro, na sua redação atual."
TUA20240216000440,a,"Abordagem combinada de acordo com o estabelecido no artigo 53.º da Lei nº 58/2005, de 29 de dezembro, na sua redação atual."
TUA20240216000440,T000021,"(a) Abordagem combinada de acordo com o estabelecido no artigo 53.º da Lei nº 58/2005, de 29 de dezembro, na sua redação atual."
TUA20240216000462,a,"Abordagem combinada de acordo com o estabelecido no artigo 53.º da Lei nº 58/2005, de 29 de dezembro, na sua redação atual."
TUA20240216000462,T000008,"(a) Abordagem combinada de acordo com o estabelecido no artigo 53.º da Lei nº 58/2005, de 29 de dezembro, na sua redação atual."
TUA20240223000530,a,"Abordagem combinada de acordo com o estabelecido no artigo 53.º da Lei nº 58/2005, de 29 de dezembro, na sua redação atual."
TUA20240223000530,T000047,"(a) Abordagem combinada de acordo com o estabelecido no artigo 53.º da Lei nº 58/2005, de 29 de dezembro, na sua redação atual."
TUA20240229000598,a,"Abordagem combinada de acordo com o estabelecido no artigo 53.º da Lei nº 58/2005, de 29 de dezembro, na sua redação atual."
TUA20240229000598,T000007,"(a) Abordagem combinada de acordo com o estabelecido no artigo 53.º da Lei nº 58/2005, de 29 de dezembro, na sua redação atual."
TUA20240901002617,T000022,"Decreto-Lei nº. 236/98, 1 de agosto"
TUA20241030003256,T000035,"Decreto-Lei nº. 236/98, 1 de agosto"
TUA20230530001578,a,"Anexo XVIII do Decreto-Lei nº 236/98, de 1 de agosto."
TUA20230530001578,b,"Decreto-Lei nº 152/97, de 19 de junho."
TUA20230530001578,T000038,"(a) Anexo XVIII do Decreto-Lei nº 236/98, de 1 de agosto."
TUA20230530001578,T000039,"(b) Decreto-Lei nº 152/97, de 19 de junho."
TUA20240105000038,a,"Abordagem combinada de acordo com o estabelecido no artigo 53.º da Lei nº 58/2005, de 29 de dezembro, na sua redação atual."
TUA20240105000038,b,"Abordagem combinada de acordo com o estabelecido no artigo 53.º da Lei nº 58/2005, de 29 de dezembro, na sua redação atual, conjugada com o Decreto-Lei nº 152/97, de 19 de junho com as alterações introduzidas pelos Decreto-Lei nº 172/2001, de 26 de maio; Decreto-Lei nº 149/2004, de 22 de junho; Decreto-Lei n.º 198/2008, de 8 de outubro; Decreto-Lei n.º 133/2015, de 13 de julho e Decreto-Lei n.º 77/2021, de 27 de agosto."
TUA20240105000038,c,"Abordagem combinada de acordo com o estabelecido no artigo 53.º da Lei nº 58/2005, de 29 de dezembro conjugada com o Decreto-Lei nº 127/2013, de 30 de agosto, ambos na sua redação atual. Anexo XVIII do Decreto-Lei nº 236/98, de 1 de agosto."
TUA20240105000038,T000006,"(a) Abordagem combinada de acordo com o estabelecido no artigo 53.º da Lei nº 58/2005, de 29 de dezembro, na sua redação atual."
TUA20240105000038,T000007,"(b) Abordagem combinada de acordo com o estabelecido no artigo 53.º da Lei nº 58/2005, de 29 de dezembro, na sua redação atual, conjugada com o Decreto-Lei nº 152/97, de 19 de junho com as alterações introduzidas pelos Decreto-Lei nº 172/2001, de 26 de maio; Decreto-Lei nº 149/2004, de 22 de junho; Decreto-Lei n.º 198/2008, de 8 de outubro; Decreto-Lei n.º 133/2015, de 13 de julho e Decreto-Lei n.º 77/2021, de 27 de agosto."
TUA20240105000038,T000008,"(c) Abordagem combinada de acordo com o estabelecido no artigo 53.º da Lei nº 58/2005, de 29 de dezembro conjugada com o Decreto-Lei nº 127/2013, de 30 de agosto, ambos na sua redação atual."
TUA20240105000038,T000016,"Anexo XVIII do Decreto-Lei nº 236/98, de 1 de agosto."
TUA20240110000102,a,"Abordagem combinada de acordo com o estabelecido no artigo 53.º da Lei nº 58/2005, de 29 de dezembro, na sua redação atual."
TUA20240110000102,b,"Abordagem combinada de acordo com o estabelecido no artigo 53.º da Lei nº 58/2005, de 29 de dezembro, na sua redação atual, conjugada com o Decreto-Lei nº 152/97, de 19 de junho com as alterações introduzidas pelos Decreto-Lei nº 172/2001, de 26 de maio; Decreto-Lei nº 149/2004, de 22 de junho; Decreto-Lei n.º 198/2008, de 8 de outubro; Decreto-Lei n.º 133/2015, de 13 de julho e Decreto-Lei n.º 77/2021, de 27 de agosto."
TUA20240110000102,c,"Abordagem combinada de acordo com o estabelecido no artigo 53.º da Lei nº 58/2005, de 29 de dezembro conjugada com o Decreto-Lei nº 127/2013, de 30 de agosto, ambos na sua redação atual. Anexo XVIII do Decreto-Lei nº 236/98, de 1 de agosto."
TUA20240110000102,T000006,"(a) Abordagem combinada de acordo com o estabelecido no artigo 53.º da Lei nº 58/2005, de 29 de dezembro, na sua redação atual."
TUA20240110000102,T000007,"(b) Abordagem combinada de acordo com o estabelecido no artigo 53.º da Lei nº 58/2005, de 29 de dezembro, na sua redação atual, conjugada com o Decreto-Lei nº 152/97, de 19 de junho com as alterações introduzidas pelos Decreto-Lei nº 172/2001, de 26 de maio; Decreto-Lei nº 149/2004, de 22 de junho; Decreto-Lei n.º 198/2008, de 8 de outubro; Decreto-Lei n.º 133/2015, de 13 de julho e Decreto-Lei n.º 77/2021, de 27 de agosto."
TUA20240110000102,T000008,"(c) Abordagem combinada de acordo com o estabelecido no artigo 53.º da Lei nº 58/2005, de 29 de dezembro conjugada com o Decreto-Lei nº 127/2013, de 30 de agosto, ambos na sua redação atual."
TUA20240110000102,T000015,"Anexo XVIII do Decreto-Lei nº 236/98, de 1 de agosto."
TUA20240123000210,T000015,"Anexo XVIII do Decreto-Lei nº 236/98, de 1 de agosto."
TUA20240227000550,T000017,"Anexo XVIII do Decreto-Lei nº 236/98, de 1 de agosto."
TUA20240308000724,T000016,"Anexo XVIII do Decreto-Lei nº 236/98, de 1 de agosto."
TUA20240416001180,T000016,"Decreto-Lei nº 152/97, de 19 de junho, na redação atual."
TUA20240506001395,T000016,"Anexo XVIII do Decreto-Lei nº 236/98, de 1 de agosto."
TUA20240506001401,T000018,"Anexo XVIII do Decreto-Lei nº 236/98, de 1 de agosto."
TUA20240521001568,a,"Anexo XVIII do Decreto-Lei nº 236/98, de 1 de agosto."
TUA20240521001568,T000007,"(a) Anexo XVIII do Decreto-Lei nº 236/98, de 1 de agosto."
TUA20240521001569,a,"Anexo XVIII do Decreto-Lei nº 236/98, de 1 de agosto."
TUA20240521001569,T000007,"(a) Anexo XVIII do Decreto-Lei nº 236/98, de 1 de agosto."
TUA20240521001573,a,"Anexo XVIII do Decreto-Lei nº 236/98, de 1 de agosto."
TUA20240521001573,T000007,"(a) Anexo XVIII do Decreto-Lei nº 236/98, de 1 de agosto."
TUA20240521001575,a,"Anexo XVIII do Decreto-Lei nº 236/98, de 1 de agosto."
TUA20240521001575,T000007,"(a) Anexo XVIII do Decreto-Lei nº 236/98, de 1 de agosto."
TUA20240521001577,a,"Anexo XVIII do Decreto-Lei nº 236/98, de 1 de agosto."
TUA20240521001577,T000007,"(a) Anexo XVIII do Decreto-Lei nº 236/98, de 1 de agosto."
TUA20240522001588,a,"Anexo XVIII do Decreto-Lei nº 236/98, de 1 de agosto."
TUA20240522001588,b,"Decreto-Lei nº 135/2009, de 3 de junho."
TUA20240522001588,T000007,"(a) Anexo XVIII do Decreto-Lei nº 236/98, de 1 de agosto."
TUA20240522001588,T000008,"(b) Decreto-Lei nº 135/2009, de 3 de junho."
TUA20240604001677,a,"Anexo XVIII do Decreto-Lei nº 236/98, de 1 de agosto."
TUA20240604001677,T000020,"(a) Anexo XVIII do Decreto-Lei nº 236/98, de 1 de agosto."
TUA20240719002219,a,"Anexo XVIII do Decreto-Lei nº 236/98, de 1 de agosto."
TUA20240719002219,T000021,"(a) Anexo XVIII do Decreto-Lei nº 236/98, de 1 de agosto."
TUA20240719002220,a,"Anexo XVIII do Decreto-Lei nº 236/98, de 1 de agosto."
TUA20240719002220,T000007,"(a) Anexo XVIII do Decreto-Lei nº 236/98, de 1 de agosto."
TUA20240725002275,T000016,"Abordagem combinada de acordo com o estabelecido no artigo 53.º da Lei nº 58/2005, de 29 de dezembro, conjugada com o Decreto-lei n.º 236/98, de 1 de agosto, na sua redação atual."
TUA20240731002345,T000016,"Abordagem combinada de acordo com o estabelecido no artigo 53.º da Lei nº 58/2005, de 29 de dezembro, conjugada com o Decreto-lei n.º 236/98, de 1 de agosto, na sua redação atual."
TUA20240731002347,T000016,"Abordagem combinada de acordo com o estabelecido no artigo 53.º da Lei nº 58/2005, de 29 de dezembro, conjugada com o Decreto-lei n.º 236/98, de 1 de agosto, na sua redação atual."
TUA20240808002408,a,"Anexo XVIII do Decreto-Lei nº 236/98, de 1 de agosto."
TUA20240808002408,T000007,"(a) Anexo XVIII do Decreto-Lei nº 236/98, de 1 de agosto."
TUA20240904002654,a,"Anexo XVIII do Decreto-Lei nº 236/98, de 1 de agosto."
TUA20240904002654,T000007,"(a) Anexo XVIII do Decreto-Lei nº 236/98, de 1 de agosto."
TUA20240916002772,a,"Abordagem combinada de acordo com o estabelecido no artigo 53.º da Lei nº 58/2005, de 29 de dezembro, na sua redação atual."
TUA20240916002772,T000008,"(a) Abordagem combinada de acordo com o estabelecido no artigo 53.º da Lei nº 58/2005, de 29 de dezembro, na sua redação atual."
TUA20241003002946,a,"Abordagem combinada de acordo com o estabelecido no artigo 53.º da Lei nº 58/2005, de 29 de dezembro, na sua redação atual."
TUA20241003002946,T000008,"(a) Abordagem combinada de acordo com o estabelecido no artigo 53.º da Lei nº 58/2005, de 29 de dezembro, na sua redação atual."
TUA20241014003042,a,"Abordagem combinada de acordo com o estabelecido no artigo 53.º da Lei nº 58/2005, de 29 de dezembro, na sua redação atual."
TUA20241014003042,T000007,"(a) Abordagem combinada de acordo com o estabelecido no artigo 53.º da Lei nº 58/2005, de 29 de dezembro, na sua redação atual."
TUA20241022003142,a,"Anexo XVIII do Decreto-Lei nº 236/98, de 1 de agosto."
TUA20241022003142,b,"Decreto-Lei nº 152/97, de 19 de junho."
TUA20241022003142,T000007,"(a) Anexo XVIII do Decreto-Lei nº 236/98, de 1 de agosto."
TUA20241022003142,T000008,"(b) Decreto-Lei nº 152/97, de 19 de junho."
TUA20241122003491,a,"Anexo XVIII do Decreto-Lei nº 236/98, de 1 de agosto."
TUA20241122003491,b,"Decreto-Lei nº 152/97, de 19 de junho"
TUA20241122003491,T000007,"(a) Anexo XVIII do Decreto-Lei nº 236/98, de 1 de agosto."
TUA20241122003491,T000008,"(b) Decreto-Lei nº 152/97, de 19 de junho"
TUA20241122003495,a,"Anexo XVIII do Decreto-Lei nº 236/98, de 1 de agosto."
TUA20241122003495,b,"Critério de aplicação do artigo 53.º da Lei nº 58/2005, de 29 de dezembro, na sua redação atual, conjugado com o Decreto-Lei nº 152/97, de 19 de junho."
TUA20241122003495,c,"Critério de aplicação do artigo 53.º da Lei nº 58/2005, de 29 de dezembro, na sua redação atual, conjugado com Anexo XVIII do Decreto-Lei nº 236/98, de 1 de agosto."
TUA20241122003495,T000007,"(a) Anexo XVIII do Decreto-Lei nº 236/98, de 1 de agosto."
TUA20241122003495,T000008,"(b) Critério de aplicação do artigo 53.º da Lei nº 58/2005, de 29 de dezembro, na sua redação atual, conjugado com o Decreto-Lei nº 152/97, de 19 de junho."
TUA20241122003495,T000009,"(c) Critério de aplicação do artigo 53.º da Lei nº 58/2005, de 29 de dezembro, na sua redação atual, conjugado com Anexo XVIII do Decreto-Lei nº 236/98, de 1 de agosto."
TUA20241210003651,a,"Anexo XVIII do Decreto-Lei nº 236/98, de 1 de agosto"
TUA20241210003651,b,"Decreto-Lei nº 152/97, de 19 de junho"
TUA20241210003651,T000007,"(a) Anexo XVIII do Decreto-Lei nº 236/98, de 1 de agosto"
TUA20241210003651,T000008,"(b) Decreto-Lei nº 152/97, de 19 de junho"
TUA20250226000655,a,"Anexo XVIII do Decreto-Lei n.º 236/98, de 1 de agosto."
TUA20250226000655,T000007,"(a) Anexo XVIII do Decreto-Lei n.º 236/98, de 1 de agosto."
TUA20250317000834,a,"Anexo XVIII do Decreto-Lei nº 236/98, de 1 de agosto."
TUA20250317000834,b,"Decreto-Lei nº 152/97, de 19 de junho."
TUA20250317000834,T000007,"(a) Anexo XVIII do Decreto-Lei nº 236/98, de 1 de agosto."
TUA20250317000834,T000008,"(b) Decreto-Lei nº 152/97, de 19 de junho."
TUA20250416001449,a,"Anexo XVIII do Decreto-Lei nº 236/98, de 1 de agosto."
TUA20250416001449,b,"Decreto-Lei nº 152/97, de 19 de junho."
TUA20250416001449,c,"Critério de aplicação do artigo 53.º da Lei nº 58/2005, de 29 de dezembro, na sua redação atual, conjugado com Decreto-Lei nº 152/97, de 19 de junho."
TUA20250416001449,d,Considera-se o período de estiagem de 1 de junho a 30 de setembro.
TUA20250416001449,e,"Critério de aplicação do artigo 53.º da Lei nº 58/2005, de 29 de dezembro, na sua redação atual, conjugado com Anexo XVIII do Decreto-Lei nº 236/98, de 1 de agosto."
TUA20250416001449,T000007,"(a) Anexo XVIII do Decreto-Lei nº 236/98, de 1 de agosto."
TUA20250416001449,T000008,"(b) Decreto-Lei nº 152/97, de 19 de junho."
TUA20250416001449,T000039,"(c) Critério de aplicação do artigo 53.º da Lei nº 58/2005, de 29 de dezembro, na sua redação atual, conjugado com Decreto-Lei nº 152/97, de 19 de junho."
TUA20250416001449,T000040,(d) Considera-se o período de estiagem de 1 de junho a 30 de setembro.
TUA20250416001449,T000041,"(e) Critério de aplicação do artigo 53.º da Lei nº 58/2005, de 29 de dezembro, na sua redação atual, conjugado com Anexo XVIII do Decreto-Lei nº 236/98, de 1 de agosto."
TUA20250602001876,a,"Anexo XVIII do Decreto-Lei n.º 236/98, de 1 de agosto."
TUA20250602001876,T000007,"(a) Anexo XVIII do Decreto-Lei n.º 236/98, de 1 de agosto."
TUA20250722002408,a,"Anexo XVIII do Decreto-Lei nº 236/98, de 1 de agosto."
TUA20250722002408,T000033,"(a) Anexo XVIII do Decreto-Lei nº 236/98, de 1 de agosto."
TUA20260202000317,a,"Abordagem combinada de acordo com o estabelecido no artigo 53.º da Lei nº 58/2005, de 29 de dezembro, na sua redação atual."
TUA20260202000317,T000007,"(a) Abordagem combinada de acordo com o estabelecido no artigo 53.º da Lei nº 58/2005, de 29 de dezembro, na sua redação atual."
