file_name,TUA/LURH,Nº TUA,Nº Processo,Estabelecimento,Código APA,Data de Emissão,Data de Entrada em Vigor,Data de Validade,Validade (ISO),Em Vigor/Caducada,Sentido da decisão,Entidade Licenciadora,Código TURH,Longitude,Latitude,Massa de Água,Classificação da Massa de Água,Designação,Ano de arranque,População servida à data,Ano horizonte de projeto,População servida no horizonte,Nível de tratamento,Esquema de tratamento,Caudal máximo de descarga,REGIÃO,ARH,Município,Estado,Tratamento implementado,Data do pedido de renovação no Siliamb
Pedrógão_Pequeno_TUA20220411000574_11.04.2022_a_10.04.2027.pdf,TUA,TUA20220411000574,PL20220311002140,ETAR Pedrógão Pequeno,APA08887163,11-04-2022,11-04-2022,10-04-2027,2027-04-10,Em vigor,Deferido,Administração da Região Hidrográfica do Tejo e Oeste,L006681.2022.RH5A,"-8,13152","39,905162",PT05TEJ0830 :: Rio Zêzere (HMWB - Jusante B. Cabril),Medíocre,ETAR Pedrógão Pequeno,1983,400,2023,400,Secundário,Secundário com tratamento preliminar com gradagem mecânica,27 m3/dia,Beira Baixa,ARH Tejo e Oeste,Sertã,Em Exploração,Secundário,
Presa_TUA20220420000646_20.04.2022_a_17.04.2027.pdf,TUA,TUA20220420000646,PL20220325002657,ETAR Presa,APA08965323,20-04-2022,18-04-2022,17-04-2027,2027-04-17,Em vigor,Deferido,Administração da Região Hidrográfica do Tejo e Oeste,L006976.2022.RH5A,"-8,117169","39,554611",PT05TEJ0934 :: Ribeira de Arcês,Bom,ETAR Presa,2022,363,2042,363,Secundário,Gradagem - Medição de caudal afluente ao tratamento - Fossa Séptica Tri-compartimentada - Lagoa de Macrófitas - Recirculação do efluente final para montante do leito de macrófitas - Medição de caudal do efluente descarregado,10 m3/h,Beira Baixa,ARH Tejo e Oeste,Sardoal,Em Exploração,,
Caria_TUA20220511000842_17.10.2022_a_16.10.2027.pdf,TUA,TUA20220511000842,PL20220418003426,ETAR Caria,APA09069203,11-05-2022,17-10-2022,16-10-2027,2027-10-16,Em vigor,Deferido,Administração da Região Hidrográfica do Tejo e Oeste,L008397.2022.RH5A,"-7,377019","40,288439",PT05TEJ0747 :: Ribeira de Caria,Razoável,ETAR Caria,2006,2657,2043,2778,Secundário,Lamas Ativadas em Arejamento Prolongado,345 m3/dia,Beira Alta,ARH Tejo e Oeste,Belmonte,Em Exploração,Secundário,
Chança_TUA20220511000844_11.05.2022_a_20.09.2027.pdf,TUA,TUA20220511000844,PL20220328002733,ETAR Chança,APA08979863,11-05-2022,01-10-2022,30-09-2027,2027-09-30,Em vigor,Deferido,Administração da Região Hidrográfica do Tejo e Oeste,L007123.2022.RH5A,"-7,811172","39,255764",PT05TEJ0986 :: Ribeira de Alfeijós,Razoável,ETAR Chança,2009,353,2029,353,Secundário,"Sistema de Lagunagem - LAN, LF e LM",120 m3/dia,Norte Alentejo,ARH Tejo e Oeste,Alter do Chão,Em Exploração,o,
Belver_TUA20220511000845_11.05.2022_a_30.09.2027.pdf,TUA,TUA20220511000845,PL20220328002725,ETAR Belver,APA08978563,11-05-2022,01-10-2022,30-09-2027,2027-09-30,Em vigor,Deferido,Administração da Região Hidrográfica do Tejo e Oeste,L006972.2022.RH5A,"-7,962102","39,492411",PT05TEJ0930 :: Ribeira de Belver,Bom,ETAR Belver,2004,500,2024,500,Secundário,Lamas ativadas por arejamento prolongado,75 m3/dia,Norte Alentejo,ARH Tejo e Oeste,Gavião,Em Exploração,Lamas ativadas por arejamento prolongado,
Dornes_TUA20220718001522_18.07.2022_a_17.07.2027.pdf,TUA,TUA20220718001522,PL20220613005271,ETAR Dornes,APA08865503,18-07-2022,18-07-2022,17-07-2027,2027-07-17,Em vigor,Deferido,Administração da Região Hidrográfica do Tejo e Oeste,L012980.2022.RH5A,"-8,274342","39,762806",PT05TEJ0914 :: Albufeira Castelo de Bode,Bom,ETAR Dornes,2007,533,2020,579,Mais avançado que o secundário,Lamas activadas em regime de baixa carga,76 m3/dia,Beira Baixa,ARH Tejo e Oeste,Ferreira do Zêzere,Em Exploração,Mais avançado que o secundário,
Pombeira_TUA20220720001537_02.01.2025_a_18.07.2027.pdf,TUA,TUA20220720001537,PL20220613005272,ETAR Pombeira,APA08865303,02-01-2025,19-07-2022,18-07-2027,2027-07-18,Em vigor,Deferido,Administração da Região Hidrográfica do Tejo e Oeste,L013050.2022.RH5A,"-8,233933","39,700337",PT05TEJ0914 :: Albufeira Castelo de Bode,Bom,ETAR Pombeira,2007,550,2020,550,Mais avançado que o secundário,Lamas activadas em regime de baixa carga,77 m3/dia,Beira Baixa,ARH Tejo e Oeste,Ferreira do Zêzere,Em Exploração,Mais avançado que o secundário,
Castanheira_TUA20220720001538_02.01.2025_a_14.07.2027.pdf,TUA,TUA20220720001538,PL20220613005265,ETAR Castanheira,APA08865943,02-01-2025,15-07-2022,14-07-2027,2027-07-14,Em vigor,Deferido,Administração da Região Hidrográfica do Tejo e Oeste,L012836.2022.RH5A,"-8,235395","39,671485",PT05TEJ0914 :: Albufeira Castelo de Bode,Bom,ETAR Castanheira,2006,500,2020,500,Mais avançado que o secundário,Lamas activadas em regime de baixa carga,97 m3/dia,,,,,,
Bemposta_TUA20220919002148_14.11.2022_a_18.09.2027.pdf,TUA,TUA20220919002148,PL20220509004091,ETAR Bemposta,APA09177323,19-09-2022,14-11-2022,18-09-2027,2027-09-18,Em vigor,Deferido,Administração da Região Hidrográfica do Tejo e Oeste,L016764.2022.RH5A,"-7,213946","40,064127",PT05TEJ0789 :: Ribeira das Taliscas,Medíocre,ETAR Bemposta,2005,182,2040,182,Secundário,Fossa séptica seguida de Leito Percolador e Decantação Secundária,30 m3/dia,Beira Alta,ARH Tejo e Oeste,Penamacor,Em Exploração,Secundário,
Poço_do_Canto_TUA20220922002189_22.09.2022_a_21.09.2027.pdf,TUA,TUA20220922002189,PL20220829007746,ETAR Poço do Canto,APA09618003,22-09-2022,08-03-2023,21-09-2027,2027-09-21,Em vigor,Deferido condicionado,Administração da Região Hidrográfica do Norte,L002661.2018.RH3,"-7,269607","41,005849",PT03DOU0372 :: Ribeira da Teja,Razoável,ETAR Poço do Canto,2003,233,2043,215,Secundário,Leito de macrófitas,"40,3 m3/dia",Beira Alta,ARH Norte,Mêda,Em Exploração,Secundário,
Freixedas_TUA20220922002190_22.09.2022_a_21.09.2027.pdf,TUA,TUA20220922002190,PL20220825007683,ETAR Freixedas,APA09607583,22-09-2022,08-03-2023,21-09-2027,2027-09-21,Em vigor,Deferido condicionado,Administração da Região Hidrográfica do Norte,L002662.2018.RH3,"-7,170965","40,694263",PT03DOU0479 :: Ribeira de Massueime,Razoável,ETAR Freixedas,2003,811,2041,750,Secundário,Lamas Ativadas,170 m3/dia,Beira Alta,ARH Norte,Pinhel,Em Exploração,Secundário,
Alverca_da_Beira_TUA20220927002236_27.09.2022_a_26.09.2027.pdf,TUA,TUA20220927002236,PL20220829007747,ETAR Alverca da Beira,APA09618063,27-09-2022,08-03-2023,26-09-2027,2027-09-26,Em vigor,Deferido condicionado,Administração da Região Hidrográfica do Norte,L003469.2017.RH3,"-7,213661","40,699134",PT03DOU0479 :: Ribeira de Massueime,Razoável,ETAR Alverca da Beira,2013,702,2043,702,Secundário,Lamas Ativadas,183 m3/dia,Beira Alta,ARH Norte,Pinhel,Em Exploração,Secundário,
Pínzio_TUA20220930002259_30.09.2022_a_29.09.2027.pdf,TUA,TUA20220930002259,PL20220829007744,ETAR Pínzio,APA09617863,30-09-2022,08-03-2023,29-09-2027,2027-09-29,Em vigor,Deferido condicionado,Administração da Região Hidrográfica do Norte,L002663.2018.RH3,"-7,048425","40,600957",PT03DOU0483 :: Ribeiro de Pínzio,Bom,ETAR Pínzio,2003,1007,2043,958,Secundário,Lamas Ativadas,"257,5 m3/dia",Beira Alta,ARH Norte,Pinhel,Em Exploração,Secundário,
Cunheira_TUA20221010002354_10.10.2022_a_22.02.2028.pdf,TUA,TUA20221010002354,PL20220822007563,ETAR Cunheira,APA09588323,10-10-2022,22-02-2023,22-02-2028,2028-02-22,Em vigor,Deferido,Administração da Região Hidrográfica do Tejo e Oeste,L017862.2017.RH5A,"-7,816414","39,313656",PT05TEJ0986 :: Ribeira de Alfeijós,Razoável,ETAR Cunheira,2005,741,2030,741,Secundário,"Fase Liquida – Gradagem grossa (limpeza manual), tamisação/compactação, lamas activadas em arejamento prolongado (tanque de arejamento, decantador secundário duplo); Fase Sólida – armazenamento de gradados e areias em contentor, espessador gravítico de lamas, 4 leitos de secagem de lamas",156 m3/dia,Norte Alentejo,ARH Tejo e Oeste,Alter do Chão,Em Exploração,Secundário,
Comenda_TUA20221010002355_10.10.2022_a_02.03.2028.pdf,TUA,TUA20221010002355,PL20220823007588,ETAR Comenda,APA09593343,10-10-2022,02-03-2023,02-03-2028,2028-03-02,Em vigor,Deferido,Administração da Região Hidrográfica do Tejo e Oeste,L017689.2017.RH5A,"-7,7817","39,391885",PT05TEJ0992 :: Ribeira de Sôr,Razoável,ETAR Comenda,2008,1582,2030,2000,Secundário,"Obra de entrada - tratamento de odores (sistema de exaustão, ventilador, torre de carvão activado); Fase Liquida – Pré-Tratamento (gradagem, tamisagem, desarenação); Tratamento Secundário (lamas activadas arejamento prolongado, tanque de arejamento, decantador secundário); Fase Sólida – EE de recirculação de lamas e extracção de lamas em excesso e EE de escorrências, espessador de lamas, desidratação das lamas (4 leitos de secagem de lamas), unidade de desidratação móvel.",312 m3/dia,Norte Alentejo,ARH Tejo e Oeste,Gavião,Em Exploração,Secundário,
Fonte_da_Vila_-_Bacia_B_TUA20221010002356_10.02.2022_a_12.03.2028.pdf,TUA,TUA20221010002356,PL20220823007593,ETAR Fonta da Vila-Bacia B,APA09593783,10-10-2022,12-03-2023,12-03-2028,2028-03-12,Em vigor,Deferido,Administração da Região Hidrográfica do Tejo e Oeste,L017985.2022.RH5A,"-7,454175","39,419036",PT05TEJ0929 :: Ribeira de São João,Razoável,ETAR Fonte da Vila - Bacia B,2008,1200,2028,1200,Secundário,Lamas Ativadas,"187,2 m3/dia",,,,,,
Montargil_TUA20221010002358_10.10.2022_a_12.01.2028.pdf,TUA,TUA20221010002358,PL20220613005258,ETAR Montargil,APA09310943,10-10-2022,12-01-2023,12-01-2028,2028-01-12,Em vigor,Deferido,Administração da Região Hidrográfica do Tejo e Oeste,L017897.2017.RH5A,"-8,178153","39,051608",PT05TEJ1034 :: Ribeira de Sôr (HMWB - Jusante B. Montargil),Medíocre,ETAR Montargtil,2011,2414,2030,2838,Secundário,Lamas ativadas,248 m3/dia,Norte Alentejo,ARH Tejo e Oeste,Ponte de Sor,Em Exploração,,
Figueira_e_Barros_TUA20221010002359_10.10.2022_a_16.09.2027.pdf,TUA,TUA20221010002359,PL20220613005255,ETAR Figueira e Barros,APA09310823,10-10-2022,16-09-2022,16-09-2027,2027-09-16,Em vigor,Deferido,Administração da Região Hidrográfica do Tejo e Oeste,L016800.2022.RH5A,"-7,767185","39,045014",PT05TEJ1030 :: Albufeira Maranhao,Razoável,ETAR Figueira e Barros,2022,350,2052,350,Secundário,"Fase líquida: Descarregador de tempestade com gradagem grossa manual, estação elevatória, medidor de caudal, unidade de tamisagem e desarenamento, reator biológico de mistura completa, decantador secundário de fluxo vertical, medidor de caudal.Fase sólida: Silo espessador de lamas e leitos de secagem.",75 m3/dia,Norte Alentejo,ARH Tejo e Oeste,Avis,Em Exploração,,
Galveias_TUA20221017002426_17.10.2022_a_19.03.2028.pdf,TUA,TUA20221017002426,PL20220823007596,ETAR Galveias,APA09594343,17-10-2022,19-03-2023,19-03-2028,2028-03-19,Em vigor,Deferido,Administração da Região Hidrográfica do Tejo e Oeste,L018800.2022.RH5A,"-8,000601","39,148852",PT05TEJ1005 :: Ribeira de Santa Margarida,Bom,ETAR Galveias,2005,1559,2030,1559,Secundário,"Fase liquida: obra de entrada com gradagem e medição de caudal em canal Parshall, lamas ativadas em vala de oxidação com arejamento prolongado, decantação secundária; Fase Sólida: espessador, tanque de armazenamento e desidratação em unidade de centrífuga móvel, existindo 3 leitos de secagem como recurso.",281 m3/dia,Norte Alentejo,ARH Tejo e Oeste,Ponte de Sor,Em Exploração,,
Longomel_TUA20221017002427_17.10.2022_a_26.02.2028.pdf,TUA,TUA20221017002427,PL20220825007649,ETAR Longomel,APA09603923,17-10-2022,26-02-2023,26-02-2028,2028-02-26,Em vigor,Deferido,Administração da Região Hidrográfica do Tejo e Oeste,L017875.2017.RH5A,"-7,987757","39,330137",PT05TEJ0976 :: Ribeira de Longomel,Razoável,ETAR Longomel,2009,1222,2039,1222,Secundário,"Fase Liquida – gradagem grossa, tamisagem, elevação, desarenação/remoção de gorduras, duas linhas paralelas de lamas activadas em regime de arejamento prolongado com desnitrificação (tanque de arejamento, tanque anóxico, decantador secundário duplo); Fase Sólida – armazenamento de gradados e areias em contentor, 4 leitos de secagem de lamas","190,6 m3/dia",Norte Alentejo,ARH Tejo e Oeste,Ponte de Sor,Em Exploração,Secundário,2022-08-25
Aboboreira_2_TUA20230116000179_16.01.2023_a_15.01.2026.pdf,TUA,TUA20230116000179,PL20221122010275,ETAR Aboboreira 2,,16-01-2023,16-01-2023,15-01-2026,2026-01-15,Caducada,Deferido,Administração da Região Hidrográfica do Tejo e Oeste,L025479.2023.RH5A.V1,"-8,053333","39,58421",PT05TEJ0948 :: Ribeira das Boas Eiras,Bom,ETAR Aboboreira 2,1992,28,2022,28,Primário,Fossa Sética,"3,3 m3/dia",,,,,,
Aboboreira_I_TUA20230116000180_16.01.2023_a_15.01.2026.pdf,TUA,TUA20230116000180,PL20221122010270,ETAR Aboboreira I,,16-01-2023,16-01-2023,15-01-2026,2026-01-15,Caducada,Deferido,Administração da Região Hidrográfica do Tejo e Oeste,L025473.2023.RH5A.V1,"-8,05254","39,584982",PT05TEJ0948 :: Ribeira das Boas Eiras,Bom,ETAR Aboboreira I,1992,28,2022,28,Primário,Fossa Sética,"3,3 m3/dia",Beira Baixa,ARH Tejo e Oeste,Mação,Em Exploração,,
Bogas_do_Meio_TUA20230117000197_31.01.2023_a_16.01.2028.pdf,TUA,TUA20230117000197,PL20220708006022,ETAR Bogas do Meio,APA09410743,17-01-2023,31-01-2023,16-01-2028,2028-01-16,Em vigor,Deferido,Administração da Região Hidrográfica do Tejo e Oeste,L001739.2013.RH5-T1.V1,"-7,741615","40,070635",PT05TEJ0792 :: Ribeiro das Bogas,Bom,ETAR Bogas do Meio,2010,300,2043,270,Secundário,"Obra de entrada, com gradagem manual, seguida de fossa séptica e tratamento biológico por leitos de macrófitas",64 m3/dia,Beira Alta,ARH Tejo e Oeste,Fundão,Em Exploração,Secundário,
Almeida_TUA20230125000254_18.06.2023_a_24.01.2028.pdf,TUA,TUA20230125000254,PL20230103000021,ETAR Almeida,APA10061283,25-01-2023,18-06-2023,24-01-2028,2028-01-24,Em vigor,Deferido,Administração da Região Hidrográfica do Norte,L009134.2018.RH3.V1,"-6,912865","40,720264",PT03DOU0471 :: Rio Côa,Razoável,ETAR Almeida,2008,1774,2043,1750,Secundário,Lamas Ativadas,"383,6 m3/dia",Beira Alta,ARH Norte,Almeida,Em Exploração,Secundário,
Casteicao_TUA20230125000271_15.06.2023_a_24.01.2028.pdf,TUA,TUA20230125000271,PL20230103000025,ETAR Casteição,APA10061683,25-01-2023,15-06-2023,24-01-2028,2028-01-24,Em vigor,Deferido,Administração da Região Hidrográfica do Norte,L009128.2018.RH3.V1,"-7,320167","40,878894",PT03DOU0437 :: Ribeira da Teja,Bom,ETAR Casteição,2003,132,2043,120,Secundário,Leito de Macrófitas,"19,4 m3/dia",Beira Alta,ARH Norte,Mêda,Em Exploração,Secundário,
Aveloso_TUA20230125000272_15.06.2023_a_24.01.2028.pdf,TUA,TUA20230125000272,PL20230103000023,ETAR Aveloso,APA10061543,25-01-2023,15-06-2023,24-01-2028,2028-01-24,Em vigor,Deferido,Administração da Região Hidrográfica do Norte,L009112.2018.RH3.V1,"-7,314399","40,930691",PT03DOU0437 :: Ribeira da Teja,Bom,ETAR Aveloso,2003,291,2043,291,Secundário,Leito de Macrófitas,"50,8 m3/dia",Beira Alta,ARH Norte,Mêda,Em Exploração,Secundário,
Envendos_2_TUA20230130000331_30.01.2023_a_29.01.2026.pdf,TUA,TUA20230130000331,PL20221130010530,ETAR Envendos 2,APA09969803,30-01-2023,30-01-2023,29-01-2026,2026-01-29,Caducada,Deferido,Administração da Região Hidrográfica do Tejo e Oeste,L026674.2023.RH5A.V1,"-7,883706","39,565604",PT05TEJ0933 :: Ribeira de Canas,Medíocre,ETAR Envendos 2,1992,20,2022,20,Primário,Fossa Sética,"2,36 m3/dia",,,,,,
Envendos_1_TUA20230130000332_30.01.2023_a_29.01.2026.pdf,TUA,TUA20230130000332,PL20221130010529,ETAR Envendos 1,APA09969583,30-01-2023,30-01-2023,29-01-2026,2026-01-29,Caducada,Deferido,Administração da Região Hidrográfica do Tejo e Oeste,L026655.2023.RH5A.V1,"-7,871677","39,566918",PT05TEJ0916 :: Rio Ocreza (HMWB - Jusante B. Pracana),Medíocre,ETAR Envendos 1,1992,79,2022,79,Primário,Fossa Sética,"9,45 m3/dia",,,,,,
Penhascoso_2_TUA20230130000333_24.01.2023_a_23.01.2026.pdf,TUA,TUA20230130000333,PL20221130010524,ETAR Penhascoso 2,APA09969303,30-01-2023,24-01-2023,23-01-2026,2026-01-23,Caducada,Deferido,Administração da Região Hidrográfica do Tejo e Oeste,L026342.2023.RH5A.V1,"-8,037832","39,537363",PT05TEJ0948 :: Ribeira das Boas Eiras,Bom,ETAR Penhascoso 2,1992,54,2022,54,Primário,Fossa Sética,"6,45 m3/dia",,,,,,
Penhascoso_1_TUA20230130000335_24.01.2023_a_23.01.2026.pdf,TUA,TUA20230130000335,PL20221130010523,ETAR Penhascoso 1,APA09969243,30-01-2023,24-01-2023,23-01-2026,2026-01-23,Caducada,Deferido,Administração da Região Hidrográfica do Tejo e Oeste,L026309.2023.RH5A.V1,"-8,031733","39,546911",PT05TEJ0948 :: Ribeira das Boas Eiras,Bom,ETAR Penhascoso 1,1992,54,2022,54,Primário,Fossa Sética,"6,45 m3/dia",,,,,,
Andreus_TUA20230130000336_24.01.2023_a_23.01.2026.pdf,TUA,TUA20230130000336,PL20221129010507,ETAR Andreus,APA09968603,30-01-2023,24-01-2023,23-01-2026,2026-01-23,Caducada,Deferido,Administração da Região Hidrográfica do Tejo e Oeste,L026283.2023.RH5A.V1,"-8,171473","39,555487",PT05TEJ0947 :: Ribeira de Alferrarede,Medíocre,ETAR Andreus,1992,396,2022,396,Primário,Fossa Sética,"47,51 m3/dia",,,,,,
Meda_TUA20230202000373_15.06.2023_a_01.02.2028.pdf,TUA,TUA20230202000373,PL20230104000059,ETAR Mêda,APA10063883,02-02-2023,15-06-2023,01-02-2028,2028-02-01,Em vigor,Deferido,Administração da Região Hidrográfica do Norte,L009125.2018.RH3.V1,"-7,25329","40,9601",PT03DOU0430 :: Ribeira dos Priscos,Medíocre,ETAR Mêda,2003,2390,2043,2328,Secundário,Lamas Ativadas,596 m3/dia,Beira Alta,ARH Norte,Mêda,Em Exploração,Secundário,
Marialva_TUA20230202000374_15.06.2023_a_01.02.2028.pdf,TUA,TUA20230202000374,PL20230104000055,ETAR Marialva,APA10063803,02-02-2023,15-06-2023,01-02-2028,2028-02-01,Em vigor,Deferido,Administração da Região Hidrográfica do Norte,L009126.2018.RH3.V1,"-7,229785","40,905318",PT03DOU0448 :: Ribeira da Ramila,Razoável,ETAR Marialva,2003,307,2043,273,Secundário,Leito de Macrófitas,"49,2 m3/dia",Beira Alta,ARH Norte,Mêda,Em Exploração,Secundário,
Fontelonga_TUA20230202000375_15.06.2023_a_01.02.2028.pdf,TUA,TUA20230202000375,PL20230103000039,ETAR Fontelonga,APA10063363,02-02-2023,15-06-2023,01-02-2028,2028-02-01,Em vigor,Deferido,Administração da Região Hidrográfica do Norte,L009113.2018.RH3.V1,"-7,232025","41,010276",PT03DOU0430 :: Ribeira dos Priscos,Medíocre,ETAR Fonte Longa,2003,228,2043,215,Secundário,Leito de Macrófitas,"39,2 m3/dia",,,,,,
Escalhão_TUA20230202000376_18.06.2023_a_01.02.2028.pdf,TUA,TUA20230202000376,PL20230103000037,ETAR Escalhão,APA10063263,02-02-2023,18-06-2023,01-02-2028,2028-02-01,Em vigor,Deferido,Administração da Região Hidrográfica do Norte,L009132.2018.RH3.V1,"-6,933039","40,951173",PT03DOU0418 :: Ribeira de Aguiar,Medíocre,ETAR Escalhão,2003,913,2043,847,Secundário,Lamas Ativadas,"185,4 m3/dia",Beira Alta,ARH Norte,Figueira de Castelo Rodrigo,Em Exploração,Secundário,
Coriscada_TUA20230202000377_15.06.2023_a_01.02.2028.pdf,TUA,TUA20230202000377,PL20230103000031,ETAR Coriscada,APA10063183,02-02-2023,15-06-2023,01-02-2028,2028-02-01,Em vigor,Deferido,Administração da Região Hidrográfica do Norte,L009127.2018.RH3.V1,"-7,201888","40,867086",PT03DOU0405 :: Rio Côa,Razoável,ETAR Coriscada,2003,345,2043,325,Secundário,Leito de Macrófitas,60 m3/dia,Beira Alta,ARH Norte,Mêda,Em Exploração,Secundário,
Amoreira_TUA20230202000378_18.06.2023_a_01.02.2028.pdf,TUA,TUA20230202000378,PL20230103000022,ETAR Amoreira,APA10061463,02-02-2023,18-06-2023,01-02-2028,2028-02-01,Em vigor,Deferido,Administração da Região Hidrográfica do Norte,L009139.2018.RH3.V1,"-7,016416","40,594492",PT03DOU0484 :: Ribeira das Cabras,Bom,ETAR Amoreira,2003,200,2043,196,Secundário,Leito de Macrófitas,34 m3/dia,Beira Alta,ARH Norte,Almeida,Em Exploração,Secundário,
Cinco_Vilas_TUA20230208000443_18.06.2023_a_07.02.2028.pdf,TUA,TUA20230208000443,PL20230103000026,ETAR Cinco Vilas,APA10062003,08-02-2023,18-06-2023,07-02-2028,2028-02-07,Em vigor,Deferido,Administração da Região Hidrográfica do Norte,L026778.2023.RH3.V1,"-6,972449","40,785387",PT03DOU0471 :: Rio Côa,Razoável,ETAR Cinco Vilas,2003,150,2043,133,Secundário,Leito de Macrófitas,"24,3 m3/dia",Beira Alta,ARH Norte,Figueira de Castelo Rodrigo,Em Exploração,Secundário,
Chaos_TUA20230213000471_02.07.2023_a_12.02.2028.pdf,TUA,TUA20230213000471,PL20230118000642,ETAR Chãos,APA10124763,13-02-2023,02-07-2023,12-02-2028,2028-02-12,Em vigor,Deferido,Administração da Região Hidrográfica do Norte,L004520.2018.RH3.V1,"-7,327383","40,897493",PT03DOU0437 :: Ribeira da Teja,Bom,ETAR Chãos,2003,86,2043,77,Secundário,Leito de Macrófitas,"13,8 m3/dia",,,,,,
Orca_TUA20230213000497_13.02.2023_a_12.02.2028.pdf,TUA,TUA20230213000497,PL20220809007131,ETAR Orca,APA09539643,13-02-2023,31-01-2023,12-02-2028,2028-02-12,Em vigor,Deferido,Administração da Região Hidrográfica do Tejo e Oeste,L001767.2013.RH5-T1.V1,"-7,36323","40,044211",PT05TEJ0873 :: Rio Ponsul,Medíocre,ETAR Orca,2003,703,2043,666,Secundário,"Obra de entrada, seguido de tanque Imhoff e tratamento complementar biológico em leitos de macrófitas",190 m3/dia,Beira Alta,ARH Tejo e Oeste,Fundão,Em Exploração,Secundário,
Junça_TUA20230216000512_03.07.2023_a_15.02.2028.pdf,TUA,TUA20230216000512,PL20230124000806,ETAR Junça,APA10142783,16-02-2023,03-07-2023,15-02-2028,2028-02-15,Em vigor,Deferido,Administração da Região Hidrográfica do Norte,L010055.2018.RH3.V1,"-6,888411","40,680587",PT03DOU0471 :: Rio Côa,Razoável,ETAR Junça,2003,198,2043,182,Secundário,Lamas Ativadas,"30,9 m3/dia",Beira Alta,ARH Norte,Almeida,Em Exploração,Secundário,
Gouveias_Pomares_TUA20230216000513_29.06.2023_a_15.02.2028.pdf,TUA,TUA20230216000513,PL20230124000804,ETAR Gouveias Pomares,APA10142623,16-02-2023,29-06-2023,15-02-2028,2028-02-15,Em vigor,Deferido,Administração da Região Hidrográfica do Norte,L004518.2018.RH3.V1,"-7,154346","40,644607",PT03DOU0481 :: Ribeira da Pega,Razoável,ETAR Gouveia Pomares,2011,550,2041,550,Secundário,Leito de Macrófitas,"144,4 m3/dia",,,,,,
Azevo_TUA20230220000545_29.06.2023_a_19.02.2028.pdf,TUA,TUA20230220000545,PL20230104000077,ETAR Azevo,APA10066163,20-02-2023,29-06-2023,19-02-2028,2028-02-19,Em vigor,Deferido,Administração da Região Hidrográfica do Norte,L004518.2018.RH3.V2,"-7,135241","40,856118",PT03DOU0460 :: Ribeiro do Porquinho,Medíocre,ETAR Azevo,2001,271,2031,271,Secundário,Leito de macrófitas,50 m3/dia,,,,,,
Alcains_TUA20230228000613_01.03.2023_a_27.02.2026.pdf,TUA,TUA20230228000613,PL20220520004506,ETAR Alcains,APA09233743,28-02-2023,01-03-2023,27-02-2026,2026-02-27,Caducada,Deferido,Administração da Região Hidrográfica do Tejo e Oeste,L001772.2020.RH5A.V1,"-7,475957","39,895917",PT05TEJ0859 :: Ribeira da Liria,Razoável,ETAR Alcains,2015,5708,2035,5708,Secundário,Sistema de Lamas ativadas em regime de baixa carga,1 427 m3/dia,Beira Baixa,ARH Tejo e Oeste,Castelo Branco,Em Exploração,Secundário,
Atalaia_do_Campo_TUA20230228000614_01.03.2023_a_27.02.2028.pdf,TUA,TUA20230228000614,PL20220331002887,ETAR Atalaia do Campo,APA09003903,28-02-2023,01-03-2023,27-02-2028,2028-02-27,Em vigor,Deferido,Administração da Região Hidrográfica do Tejo e Oeste,L007117.2022.RH5A.V1,"-7,419681","40,051789",PT05TEJ0802 :: Ribeira de Alpreade,Razoável,ETAR Atalaia do Campo,2005,4927,2043,5000,Secundário,Sistema de tratamento por lamas ativadas em regime de arejamento prolongado,1 386 m3/dia,Beira Alta,ARH Tejo e Oeste,Fundão,Em Exploração,Secundário,
Alcarva_TUA20230328000995_15.06.2023_a_26.03.2028.pdf,TUA,TUA20230328000995,PL20230308002340,ETAR Alcarva,APA10060523,28-03-2023,15-06-2023,26-03-2028,2028-03-26,Em vigor,Deferido,Administração da Região Hidrográfica do Norte,L009129.2018.RH3.V1,"-7,351999","41,008112",PT03DOU0414 :: Rio Torto,Razoável,ETAR Alcarva,2003,127,2043,127,Secundário,Leito de Macrófitas,"22,8 m3/dia",Beira Alta,ARH Norte,Mêda,Em Exploração,Secundário,
Algodres_TUA20230328000996_18.06.2023_a_26.03.2028.pdf,TUA,TUA20230328000996,PL20230308002335,ETAR Algodres,APA10060803,28-03-2023,18-06-2023,26-03-2028,2028-03-26,Em vigor,Deferido,Administração da Região Hidrográfica do Norte,L009136.2018.RH3.V1,"-7,054408","40,957143",PT03DOU0432 :: Ribeirinha,Razoável,ETAR Algodres,2003,695,2043,617,Secundário,Lamas Ativadas,122 m3/dia,Beira Alta,ARH Norte,Figueira de Castelo Rodrigo,Em Exploração,Secundário,
Freineda_TUA20230421001258_26.09.2023_a_19.04.2028.pdf,TUA,TUA20230421001258,PL20230404003147,ETAR Freineda,APA10416863,21-04-2023,26-09-2023,19-04-2028,2028-04-19,Em vigor,Deferido,Administração da Região Hidrográfica do Norte,L010060.2018.RH3.V1,"-6,906293","40,594082",PT03DOU0471 :: Rio Côa,Razoável,ETAR Freineda,2003,312,2043,302,Secundário,Leito de Macrófitas,"79,5 m3/dia",Beira Alta,ARH Norte,Almeida,Em Exploração,Secundário,
Azinhal_TUA20230421001259_28.09.2023_a_19.04.2028.pdf,TUA,TUA20230421001259,PL20230404003143,ETAR Azinhal,APA10416803,21-04-2023,28-09-2023,19-04-2028,2028-04-19,Em vigor,Deferido,Administração da Região Hidrográfica do Norte,L010061.2018.RH3.V1,"-6,977706","40,67755",PT03DOU0476 :: Ribeira de Gaiteiros,Razoável,ETAR Azinhal,2003,222,2031,89,Secundário,Lamas Ativadas,"12,1 m3/dia",Beira Alta,ARH Norte,Almeida,Em Exploração,Secundário,
Lamegal_TUA20230421001260_28.09.2023_a_19.04.2028.pdf,TUA,TUA20230421001260,PL20230404003141,ETAR Lamegal,APA10416743,21-04-2023,28-09-2023,19-04-2028,2028-04-19,Em vigor,Deferido,Administração da Região Hidrográfica do Norte,L011919.2018.RH3.V1,"-7,081955","40,662306",PT03DOU0481 :: Ribeira da Pega,Razoável,ETAR Lamegal,2001,66,2031,189,Secundário,Leito de Macrófitas,"60,5 m3/dia",Beira Alta,ARH Norte,Pinhel,Em Exploração,Secundário,
Avelãs_da_Ribeira_TUA20230421001263_27.09.2023_a_19.04.2028.pdf,TUA,TUA20230421001263,PL20230404003130,ETAR Avelãs da Ribeira,APA10415543,21-04-2023,27-09-2023,19-04-2028,2028-04-19,Em vigor,Deferido,Administração da Região Hidrográfica do Norte,L010047.2018.RH3.V1,"-7,217996","40,666438",PT03DOU0479 :: Ribeira de Massueime,Razoável,ETAR Avelãs da Ribeira,2003,154,2031,400,Secundário,Leito de Macrófitas,92 m3/dia,Beira Alta,ARH Norte,Guarda,Em Exploração,Secundário,
Arronches_TUA20230423001281_20.04.2023_a_21.04.2030.pdf,TUA,TUA20230423001281,PL20221024009401,ETAR Arronches,APA09850823,23-04-2023,20-04-2023,21-04-2030,2030-04-21,Em vigor,Deferido condicionado,Administração da Região Hidrográfica do Alentejo,L004998.2016.RH7.V1,"-7,279041","39,115778",PT07GUA1413 :: Rio Caia,Bom,ETAR de Arronches,2005,2000,2031,2733,Secundário,Fase líquida: Obra de entrada (pré-tratamento - gradagem e Tamisagem) + Tanque imhoff + Leito percolador + Decantador secundário. Fase sólida: Leitos de secagem de lamas,515 m3/dia,Norte Alentejo,ARH Alentejo,Arronches,Em Exploração,,
Gavião_TUA20230510001393_04.06.2023_a_08.05.2028.pdf,TUA,TUA20230510001393,PL20221130010538,ETAR Gavião,APA09971323,10-05-2023,04-06-2023,08-05-2028,2028-05-08,Em vigor,Deferido,Administração da Região Hidrográfica do Tejo e Oeste,L008277.2018.RH5A.V1,"-7,948633","39,455499",PT05TEJ0943 :: Ribeira da Lampreia,Bom,ETAR Gavião,2007,2600,2027,2638,Mais avançado que o secundário,Lamas Ativadas,419 m3/dia,Norte Alentejo,ARH Tejo e Oeste,Gavião,Em Exploração,Secundário,
Malhada_Sorda_TUA20230510001399_26.09.2023_a_08.05.2028.pdf,TUA,TUA20230510001399,PL20230420003990,ETAR Malhada Sorda,APA10479683,10-05-2023,26-09-2023,08-05-2028,2028-05-08,Em vigor,Deferido,Administração da Região Hidrográfica do Norte,L033073.2023.RH3.V1,"-6,915978","40,539983",PT03DOU0487 :: Rio Côa,Razoável,ETAR Malhada Sorda,2001,288,2031,351,Secundário,Leito de Macrófitas,159 m3/dia,Beira Alta,ARH Norte,Almeida,Em Exploração,Secundário,
Pousade__Casal_de_Cinza_TUA20230602001636_06.11.2023_a_31.05.2028.pdf,TUA,TUA20230602001636,PL20230508004456,ETAR Pousade,APA10527903,02-06-2023,06-11-2023,31-05-2028,2028-05-31,Em vigor,Deferido,Administração da Região Hidrográfica do Norte,L034412.2023.RH3.V1,"-7,146084","40,537442",PT03DOU0489 :: Ribeira das Cabras,Razoável,ETAR Casal de Cinza,2010,954,2031,1860,Secundário,Leito de macrófitas,"393,9 m3/dia",,,,,,
IMA_TUA20230602001637_06.11.2023_a_31.05.2028.pdf,TUA,TUA20230602001637,PL20230508004455,ETAR IMA,APA10527783,02-06-2023,06-11-2023,31-05-2028,2028-05-31,Em vigor,Deferido,Administração da Região Hidrográfica do Norte,L034331.2023.RH3.V1,"-7,147748","40,570039",PT03DOU0489 :: Ribeira das Cabras,Razoável,ETAR Ima,2003,190,2043,300,Secundário,Leito de macrófitas,70 m3/dia,Beira Alta,ARH Norte,Guarda,Em Exploração,Secundário,
Cernache_Bonjardim_TUA20230707002024_25.09.2023_a_24.09.2028.pdf,TUA,TUA20230707002024,PL20230509004501,ETAR Chernache Bonjardim,APA10295923,07-07-2023,25-09-2023,24-09-2028,2028-09-24,Em vigor,Deferido,Administração da Região Hidrográfica do Tejo e Oeste,L034219.2023.RH5A.V1,"-8,180313","39,810591",PT05TEJ0871 :: Ribeira da Sertã,Razoável,ETAR de Cernache do Bonjardim,2007,1908,2021,1908,Secundário,"Fase líquida: Obra de entrada com gradagem mecânica, desarenador em canal, tratamento biológico por lamas ativadas em regime de baixa carga e decantador secundário. Fase sólida: Espessamento em silo e desidratação em leitos de secagem.",554 m3/dia,,,,,,
Avelãs_de_Ambom_TUA20230717002123_12.12.2023_a_11.12.2028.pdf,TUA,TUA20230717002123,PL20230630006296,ETAR Avelãs de Ambom,APA10730543,17-07-2023,12-12-2023,11-12-2028,2028-12-11,Em vigor,Favorável,Administração da Região Hidrográfica do Norte,L010057.2018.RH3.V1,"-7,242835","40,618707",PT03DOU0479 :: Ribeira de Massueime,Razoável,ETAR Avelãs de Ambom,2010,89,2031,110,Secundário,Leito de Macrófitas,"24,5 m3/dia",Beira Alta,ARH Norte,Guarda,Em Exploração,Secundário,
Calvos_TUA20230717002153_25.09.2023_a_24.09.2028.pdf,TUA,TUA20230717002153,PL20230509004500,ETAR Calvos,APA10295903,17-07-2023,25-09-2023,24-09-2028,2028-09-24,Em vigor,Deferido,Administração da Região Hidrográfica do Tejo e Oeste,L037792.2023.RH5A.V1,"-8,151055","39,80481",PT05TEJ0871 :: Ribeira da Sertã,Razoável,ETAR Calvos,2006,1845,2020,1845,Secundário,"Fase líquida: Obra de entrada com gradagem mecânica, desarenador em canal, tratamento biológico por lamas ativadas em regime de baixa carga e decantador secundário. Fase sólida: Espessamento em silo e desidratação em leitos de secagem.",499 m3/dia,Beira Baixa,ARH Tejo e Oeste,Sertã,Em Exploração,Secundário,
Carragosela_TUA20230801002309_01.11.2023_a_21.10.2028.pdf,TUA,TUA20230801002309,PL20230424004071,ETAR Carragosela,APA10486623,01-08-2023,01-11-2023,31-10-2028,2028-10-31,Em vigor,Deferido,Administração da Região Hidrográfica do Centro,L034885.2023.RH4A.V1,"-7,766654","40,410771",PT04MON0615 :: Ribeiro do Esporão,Bom,ETAR Carragosela,2006,129,2036,540,Secundário,Sistema de tratamento por lamas ativadas em regime de arejamento prolongado,"169,9 m3/dia",Beira Alta,ARH Centro,Seia,Em Exploração,Secundário,
Alvaiázere_TUA20230808002363_25.09.2023_a_24.09.2028.pdf,TUA,TUA20230808002363,PL20230509004496,ETAR Alvaiázere,APA10294483,08-08-2023,25-09-2023,24-09-2028,2028-09-24,Em vigor,Deferido,Administração da Região Hidrográfica do Tejo e Oeste,L037599.2023.RH5A.V1,"-8,38688","39,820084",PT05TEJ0898 :: Rio Nabão,Razoável,ETAR de Alvaiázere,2004,1924,2024,1924,Secundário,"Fase líquida: Obra de entrada com gradagem mecânica, desarenador em canal, tratamento biológico por lamas ativadas (2 tanques de arejamento e 2 decantadores secundários). Fase sólida: Espessamento em silo e desidratação em leitos de secagem.",331 m3/dia,Beira Baixa,ARH Tejo e Oeste,Alvaiázere,Em Exploração,Secundário,
Monte_Margarida_TUA20230816002415_12.12.2023_a_11.12.2028.pdf,TUA,TUA20230816002415,PL20230801007417,ETAR Monte Margarida,APA10711363,16-08-2023,12-12-2023,11-12-2028,2028-12-11,Em vigor,Favorável,Administração da Região Hidrográfica do Norte,L010038.2018.RH3.V1,"-7,069564","40,487928",PT03DOU0495 :: Ribeiro do Homem,Bom,ETAR Monte Margarida,2011,186,2031,236,Secundário,Lagoa de Macrófitas,"62,3 m3/dia",Beira Alta,ARH Norte,Guarda,Em Exploração,Secundário,
Aldeia_da_Ponte_TUA20230824002503_04.02.2024_a_04.02.2029.pdf,TUA,TUA20230824002503,,ETAR Aldeia da Ponte,APA10874703,,,,,,,,L000819.2019.RH3.V1,"-6,875789","40,414047",PT03DOU0494 :: Ribeira da Aldeia da Ponte,Bom,ETAR Aldeia da Ponte,2010,482,2031,499,Secundário,Leito de Macrófitas,180 m3/dia,Beira Alta,ARH Norte,Sabugal,Em Exploração,Secundário,
Pousafoles_do_Bispo_TUA20230831002551_05.02.2024_a_05.02.2029.pdf,TUA,TUA20230831002551,,ETAR Pousafoles do Bispo,APA10875243,,,,,,,,L000813.2019.RH3.V1,"-7,173767","40,413285",PT03DOU0497 :: Ribeira do Boi,Bom,ETAR Pousafoles do Bispo,2003,108,2043,220,Secundário,Leitos Macrofitas,"54,2 m3/dia",Beira Alta,ARH Norte,Sabugal,Em Exploração,Secundário,
Foios_TUA20230905002577_04.02.2024_a_03.02.2029.pdf,TUA,TUA20230905002577,PL20230810007699,ETAR Foios,APA10874963,05-09-2023,04-02-2024,03-02-2029,2029-02-03,Em vigor,Favorável,Administração da Região Hidrográfica do Norte,L000814.2019.RH3.V1,"-6,890376","40,285038",PT03DOU0504 :: Rio Côa,Razoável,ETAR Foios,2003,422,2043,536,Secundário,Leito de Macrófitas,"111,6 m3/dia",,,,,,
Bismula_TUA20230905002578_04.02.2024_a_03.04.2029.pdf,TUA,TUA20230905002578,PL20230810007698,ETAR Bismula,APA10874903,05-09-2023,04-02-2024,03-02-2029,2029-02-03,Em vigor,Favorável,Administração da Região Hidrográfica do Norte,L000818.2019.RH3.V1,"-6,944646","40,459118",PT03DOU0494 :: Ribeira da Aldeia da Ponte,Bom,ETAR Bismula,2003,222,2043,551,Secundário,Leitos Macrofitas,"187,6 m3/dia",,,,,,
Aldeia_Velha_Lageosa_TUA20230905002579_04.02.2024_a_03.02.2029.pdf,TUA,TUA20230905002579,PL20230810007697,ETAR Aldeia Velha Lageosa,APA10874823,05-09-2023,04-02-2024,03-02-2029,2029-02-03,Em vigor,Favorável,Administração da Região Hidrográfica do Norte,L000816.2019.RH3.V1,"-6,869112","40,350054",PT03DOU0494 :: Ribeira da Aldeia da Ponte,Bom,ETAR Aldeia Velha Lageosa,2008,1767,2043,2085,Secundário,Leito Macrófitas,268 m3/dia,,,,,,
Pêga_TUA20230912002642_04.02.2024_a_04.02.2029.pdf,TUA,TUA20230912002642,,ETAR Pêga,APA10915483,,,,,,,,L000805.2019.RH3.V1,"-7,142703","40,427989",PT03DOU0497 :: Ribeira do Boi,Bom,ETAR Pêga,2003,162,2043,383,Secundário,Leito de Macrófitas,148 m3/dia,Beira Alta,ARH Norte,Guarda,Em Exploração,Secundário,
Freixeda_do_Torrão_TUA20230912002643_23.02.2024_a_22.02.2029.pdf,TUA,TUA20230912002643,PL20230825008102,ETAR Freixeda do Torrão,APA10915243,12-09-2023,23-02-2024,22-02-2029,2029-02-22,Em vigor,Favorável,Administração da Região Hidrográfica do Norte,L000810.2019.RH3.V1,"-7,036301","40,885851",PT03DOU0459 :: Ribeiro da Deveza,Bom,ETAR Freixeda do Torrão,2003,179,2043,378,Secundário,Lamas Ativadas,"59,8 m3/dia",Beira Alta,ARH Norte,Figueira de Castelo Rodrigo,Em Exploração,Secundário,
Nave_TUA20230915002702_24.02.2024_a_23.02.2029.pdf,TUA,TUA20230915002702,PL20230825008104,ETAR Nave,APA10915303,15-09-2023,24-02-2024,23-02-2029,2029-02-23,Em vigor,Favorável,Administração da Região Hidrográfica do Norte,L000820.2019.RH3.V1,"-6,971695","40,400498",PT03DOU0492 :: Ribeirinha da Nave,Bom,ETAR Nave,2010,520,2031,288,Secundário,Leito de Macrófitas,"99,6 m3/dia",Beira Alta,ARH Norte,Sabugal,Em Exploração,Secundário,
Forcalhos_TUA20230918002712_19.02.2024_a_18.02.2029.pdf,TUA,TUA20230918002712,PL20230825008101,ETAR Forcalhos,APA10915223,18-09-2023,19-02-2024,18-02-2029,2029-02-18,Em vigor,Favorável,Administração da Região Hidrográfica do Norte,L000815.2019.RH3.V1,"-6,829893","40,375016",PT03DOU0494 :: Ribeira da Aldeia da Ponte,Bom,ETAR Forcalhos,2003,131,2043,215,Secundário,Leito de Macrófitas,"90,2 m3/dia",Beira Alta,ARH Norte,Sabugal,Em Exploração,Secundário,
Cerejo_TUA20231010002912_02.03.2024_a_01.03.2029.pdf,TUA,TUA20231010002912,PL20230904008369,ETAR Cerejo,APA10945083,10-10-2023,02-03-2024,01-03-2029,2029-03-01,Em vigor,Favorável,Administração da Região Hidrográfica do Norte,L001021.2019.RH3.V1,"-7,225739","40,732152",PT03DOU0479 :: Ribeira de Massueime,Razoável,ETAR Cerejo,2011,186,2031,415,Secundário,Leito percolador,"43,2 m3/dia",Beira Alta,ARH Norte,Pinhel,Em Exploração,Secundário,
Outeiro_de_Gatos_TUA20231010002913_04.02.2024_a_04.02.2029.pdf,TUA,TUA20231010002913,,ETAR Outeiro de Gatos,APA10915343,,,,,,,,L000817.2019.RH3.V1,"-7,305002","40,950887",PT03DOU0437 :: Ribeira da Teja,Bom,ETAR Outeiro de Gatos,2003,128,2043,667,Secundário,Lamas Ativadas,145 m3/dia,Beira Alta,ARH Norte,Mêda,Em Exploração,Secundário,
Alvendre_TUA20231012002959_19.03.2024_a_19.03.2029.pdf,TUA,TUA20231012002959,PL20230921008891,ETAr Alvendre,APA11018363,12-10-2023,20-03-2024,19-03-2029,2029-03-19,Em vigor,Favorável,Administração da Região Hidrográfica do Norte,L001020.2019.RH3.V1,"-7,263154","40,588204",PT03DOU0479 :: Ribeira de Massueime,Razoável,ETAR Alvendre,2003,86,2043,249,Secundário,Lagoa de Macrófitas,68 m3/dia,Beira Alta,ARH Norte,Guarda,Em Exploração,Secundário,
Monforte_da_Beira_TUA20231018003040_18.10.2023_a_16.10.2028.pdf,TUA,TUA20231018003040,PL20221215010987,ETAR Monforte da Beira,APA10013643,18-10-2023,18-10-2023,16-10-2028,2028-10-16,Em vigor,Deferido,Administração da Região Hidrográfica do Tejo e Oeste,L009317.2013.RH5-T1.V1,"-7,280127","39,751343",PT05TEJ0887 :: Ribeiro do Campo,Bom,ETAR Monforte da Beira,2005,1500,2025,1500,Secundário,"""Fase liquida- tamisador, Tanque Imhoff, Leito Percolador em alta carga e Decantador secundário. Fase sólida- digestão de lamas no tanque imhoff e desidratação nos leitos de secagem Secundário. Fase Sólida: Digestão da lamas no tanque Imhoff e desidratação nos Leitos de Secagem""",375 m3/dia,Beira Baixa,ARH Tejo e Oeste,Castelo Branco,Em Exploração,Secundário,
Amiais_TUA20231109003280_02.05.2024_a_01.05.2029.pdf,TUA,TUA20231109003280,PL20231102010225,ETAR Amiais,APA11166783,09-11-2023,02-05-2024,01-05-2029,2029-05-01,Em vigor,Favorável,Administração da Região Hidrográfica do Norte,L005585.2019.RH3.V1,"-7,121424","40,341833",PT03DOU0498 :: Rio Côa (HMWB - Jusante B. Sabugal),Razoável,ETAR Amiais,2003,255,2043,650,Secundário,Leitos Macrofitas,"168,7 m3/dia",Beira Alta,ARH Norte,Sabugal,Em Exploração,Secundário,
Espinhal_TUA20231128003520_09.05.2024_a_08.05.2029.pdf,TUA,TUA20231128003520,PL20231116010680,ETAR Espinhal,APA11210323,28-11-2023,09-05-2024,08-05-2029,2029-05-08,Em vigor,Favorável,Administração da Região Hidrográfica do Norte,L007490.2019.RH3,"-7,126729","40,372665",PT03DOU0501 :: Ribeira da Paiã,Bom,ETAR Espinhal,2003,189,2043,251,Secundário,Leitos Macrófitas,92 m3/dia,Beira Alta,ARH Norte,Sabugal,Em Exploração,Secundário,
Barreira_TUA20231128003521_10.05.2024_a_09.05.2029.pdf,TUA,TUA20231128003521,PL20231116010672,ETAR Barreira,APA11209963,28-11-2023,10-05-2024,09-05-2029,2029-05-09,Em vigor,Favorável,Administração da Região Hidrográfica do Norte,L007487.2019.RH3,"-7,181611","40,908968",PT03DOU0448 :: Ribeira da Ramila,Razoável,ETAR Barreira,2003,170,2043,224,Secundário,Leitos Macrofitas,41 m3/dia,Beira Alta,ARH Norte,Mêda,Em Exploração,Secundário,
Naves_TUA20231205003587_09.05.2024_a_08.05.2029.pdf,TUA,TUA20231205003587,PL20231117010721,ETAR Naves,APA11214583,05-12-2023,09-05-2024,08-05-2029,2029-05-08,Em vigor,Favorável,Administração da Região Hidrográfica do Norte,L007491.2019.RH3.V1,"-6,879535","40,661078",PT03DOU0471 :: Rio Côa,Razoável,ETAR Naves,2003,140,2043,106,Secundário,Leito de Macrófitas,"24,2 m3/dia",Beira Alta,ARH Norte,Almeida,Em Exploração,Secundário,
Mata_de_Lobos_TUA20231206003600_09.05.2024_a_08.05.2029.pdf,TUA,TUA20231206003600,PL20231117010718,ETAR Mata de Lobos,APA11214423,06-12-2023,09-05-2024,08-05-2029,2029-05-08,Em vigor,Favorável,Administração da Região Hidrográfica do Norte,L007489.2019.RH3.V1,"-6,906422","40,905777",PT03DOU0418 :: Ribeira de Aguiar,Medíocre,ETAR Mata de Lobos,2003,381,2043,727,Secundário,Leito de Macrófitas,"158,8 m3/dia",Beira Alta,ARH Norte,Figueira de Castelo Rodrigo,Em Exploração,Secundário,
Malcata_TUA20231206003602_09.05.2024_a_08.05.2029.pdf,TUA,TUA20231206003602,PL20231117010715,ETAR Malcata,APA11214363,06-12-2023,09-05-2024,08-05-2029,2029-05-08,Em vigor,Favorável,Administração da Região Hidrográfica do Norte,L007488.2019.RH3.V1,"-7,070929","40,29587",PT03DOU0503 :: Albufeira Sabugal,Bom,ETAR Malcata,2003,350,2043,600,Secundário,Leito de Macrófitas,"124,8 m3/dia",Beira Alta,ARH Norte,Sabugal,Em Exploração,Secundário,
Aldeia_da_Ribeira_TUA20231211003636_02.05.2024_a_05.02.2029.pdf,TUA,TUA20231211003636,,ETAR Aldeia da Ribeira,APA11166843,,,,,,,,L005712.2019.RH3.V1,"-6,902109","40,456402",PT03DOU0494 :: Ribeira da Aldeia da Ponte,Bom,ETAR Aldeia da Ribeira,2003,287,2043,110,Secundário,Leitos Macrofitas,"37,8 m3/dia",Beira Alta,ARH Norte,Sabugal,Em Exploração,Secundário,
Pedreira_TUA20231212003641_11.12.2023_a_10.12.2028.pdf,TUA,TUA20231212003641,PL20231109010428,ETAR Pedreira,APA11186943,12-12-2023,11-12-2023,10-12-2028,2028-12-10,Em vigor,Deferido,Administração da Região Hidrográfica do Tejo e Oeste,L047135.2023.RH5A.V1,"-8,399964","39,634118",PT05TEJ0923 :: Rio Nabão,Razoável,ETAR Pedreira,2014,184,2034,400,Secundário,Lamas ativadas - arejamento prolongado em regime de baixa carga,60 m3/dia,Beira Baixa,ARH Tejo e Oeste,Tomar,Em Exploração,,
Castelo_Rodrigo_TUA20231228003808_09.05.2024_a_08.05.2029.pdf,TUA,TUA20231228003808,PL20231116010678,ETAR Castelo Rodrigo,APA11210243,28-12-2023,09-05-2024,08-05-2029,2029-05-08,Em vigor,Favorável,Administração da Região Hidrográfica do Norte,L007492.2019.RH3.V1,"-6,96696","40,87264",PT03DOU0441 :: Ribeira de Lumbrales,Razoável,ETAR Castelo Rodrigo,2003,67,2043,719,Secundário,Leitos Macrófitas,158 m3/dia,Beira Alta,ARH Norte,Figueira de Castelo Rodrigo,Em Exploração,Secundário,
Oleiros_TUA20240131000275_31.01.2024_a_29.01.2029.pdf,TUA,TUA20240131000275,PL20230322002796,ETAR Oleiros,APA10363623,31-01-2024,31-01-2024,29-01-2029,2029-01-29,Em vigor,Deferido,Administração da Região Hidrográfica do Tejo e Oeste,L015762.2013.RH5-T1.V1,"-7,921204","39,912579",PT05TEJ0871 :: Ribeira da Sertã,Razoável,ETAR Oleiros,2003,3600,2020,3600,Secundário,"Fase líquida: Obra de entrada com gradagem, desarenador em canal e tamisador, tratamento biológico por lamas ativadas em arejamento prolongado (dois tanques em série) e decantador secundário. Fase sólida: espessamento e desidratação em leitos de secagem.",720 m3/dia,Beira Baixa,ARH Tejo e Oeste,Oleiros,Em Exploração,,
Estreito_TUA20240131000276_31.01.2024_a_29.01.2029.pdf,TUA,TUA20240131000276,PL20230124000825,ETAR Estreito,APA10144483,31-01-2024,31-01-2024,29-01-2029,2029-01-29,Em vigor,Deferido,Administração da Região Hidrográfica do Tejo e Oeste,L010891.2013.RH5-T1.V1,"-7,822169","39,958525",PT05TEJ0805 :: Ribeira das Casas da Zebreira,Bom,ETAR Estreito,2006,348,2020,348,Secundário,ETAR compacta por lamas ativadas - arejamento prolongado,88 m3/dia,Beira Baixa,ARH Tejo e Oeste,Oleiros,Em Exploração,Secundário,
Assumar_TUA20240216000439_16.02.2024_a_14.02.2029.pdf,TUA,TUA20240216000439,PL20230302002142,ETAR Assumar,APA10277163,16-02-2024,16-02-2024,14-02-2029,2029-02-14,Em vigor,Deferido,Administração da Região Hidrográfica do Tejo e Oeste,L047225.2023.RH5A.V1,"-7,396197","39,132062",PT05TEJ1012 :: Ribeira Grande,Razoável,ETAR Assumar,1990,295,2020,1052,Secundário,Lagunagem,"94,7 m3/dia",Norte Alentejo,ARH Tejo e Oeste,Monforte,Em Exploração,Secundário,
Nisa_TUA20240216000440_16.02.2024_a_15.02.2027.pdf,TUA,TUA20240216000440,PL20221130010561,ETAR Nisa,APA09972363,16-02-2024,16-02-2024,15-02-2027,2027-02-15,Em vigor,Deferido,Administração da Região Hidrográfica do Tejo e Oeste,L008275.2018.RH5A.V1,"-7,640491","39,524871",PT05TEJ0904 :: Ribeira de Nisa,Razoável,ETAR Nisa,1997,3729,2020,4500,Mais avançado que o secundário,Lagoas arejadas e Lagoas de Macrofitas,432 m3/dia,Norte Alentejo,ARH Tejo e Oeste,Nisa,Em Exploração,Secundário,
Cardal_Bairrada_TUA20240216000462_04.03.2024_a_03.03.2029.pdf,TUA,TUA20240216000462,PL20230904008367,ETAR Cardal Bairrada,APA10944563,16-02-2024,04-03-2024,03-03-2029,2029-03-03,Em vigor,Deferido,Administração da Região Hidrográfica do Tejo e Oeste,L006005.2021.RH5A.V1,"-8,251413","39,647188",PT05TEJ0914 :: Albufeira Castelo de Bode,Bom,ETAR Cardal Bairrada,2013,101,2027,420,Secundário,Lamas ativadas - arejamento prolongado em regime de baixa carga,89 m3/dia,,,,,,
Portagem_TUA20240223000530_22.02.2024_a_20.02.2029.pdf,TUA,TUA20240223000530,PL20220825007654,ETAR Portagem,APA09604683,23-02-2024,22-02-2024,20-02-2029,2029-02-20,Em vigor,Deferido,Administração da Região Hidrográfica do Tejo e Oeste,L031504.2023.RH5A.V1,"-7,368533","39,380585",PT05TEJ0918N :: Rio Sever,Bom,ETAR Portagem,2000,1500,2020,1500,Secundário,Lagoas arejadas,180 m3/dia,Norte Alentejo,ARH Tejo e Oeste,Marvão,Em Exploração,,
Escalos_Lousa_TUA20240229000598_13.02.2024_a_11.02.2029.pdf,TUA,TUA20240229000598,PL20230307002291,ETAR Escalos-Lousa,APA10293983,29-02-2024,13-02-2024,11-02-2029,2029-02-11,Em vigor,Deferido,Administração da Região Hidrográfica do Tejo e Oeste,L047273.2023.RH5A.V1,"-7,393739","39,859546",PT05TEJ0863 :: Ribeirinha,Bom,ETAR Escalos- Lousa,2004,6783,2024,6783,Secundário,Lamas ativadas em arejamento prolongado,1 893 m3/dia,,,,,,
Monte_do_Trigo_TUA20240901002617_01.09.2024_a_31.08.2029.pdf,TUA,TUA20240901002617,PL20221214010950,ETAR Monte do Trigo,APA10009323,01-09-2024,01-09-2024,31-08-2029,2029-08-31,Em vigor,Favorável,Administração da Região Hidrográfica do Alentejo,L060851.2024.RH7.V1,"-7,701469","38,401585",PT07GUA1473B :: Ribeira da Aldeia (HMWB - Jusante B. Loureiro),Bom,ETAR Monte do Trigo,2023,1250,2023,1250,Secundário,Fossa Sética e Leito de Macrófitas,44 m3/h,Centro Alentejo,ARH Alentejo,Portel,Por Executar,,
Hortinhas_TUA20241030003256_30.10.2024_a_28.10.2034.pdf,TUA,TUA20241030003256,PL20230125000889,ETAR Hortinhas,APA10002483,30-10-2024,30-10-2024,28-10-2034,2034-10-28,Em vigor,Favorável,Administração da Região Hidrográfica do Alentejo,L064067.2024.RH7.V1,"-7,457534","38,61382",PT07GUA1441 :: Albufeira de Lucefecit,Razoável,ETAR Hortinhas,2005,334,2025,500,Secundário,Fossa Sética e Trincheiras Filtrantes,40 m3/dia,Centro Alentejo,ARH Alentejo,Alandroal,Em Exploração,,
ETAR_Arcozelo_TUA20230530001578_01.11.2025_a_31.10.2027.pdf,TUA,TUA20230530001578,PL20230822007975,ETAR Arcozelo,APA09021643,06-11-2023,26-10-2023,31-10-2025,2025-10-31,Caducada,Deferido,Administração da Região Hidrográfica do Centro,A009210.2022.RH4A.V1,"-7,621312","40,543606",PT04MON0594 :: Ribeira de Gouveia,Bom,ETAR Arcozelo,2023,1240,2043,1240,Secundário,Lamas Ativadas Arejamento Prolongado,280 m3/dia,Beira Alta,ARH Centro,Gouveia,Em Exploração,Secundário,
Miuzela_TUA20240105000038_09.06.2024_a_08.06.2029.pdf,TUA,TUA20240105000038,PL2023121401156,ETAR Miuzela,APA11291143,05-01-2024,09-06-2024,08-06-2029,2029-06-08,Em vigor,,,,,,,,ETAR Miuzela,2003,324,2043,547,Secundário,Leitos Macrófitas,97 m3/dia,Beira Alta,ARH Norte,Almeida,Em Exploração,Secundário,
Pereiro_TUA20240110000102_09.06.2024_a_08.06.2029.pdf,TUA,TUA20240110000102,PL2023121401156,ETAR Pereiro,APA11291383,10-01-2024,09-06-2024,08-06-2029,2029-06-08,Em vigor,,,,,,,,ETAR Pereiro,2003,61,2043,181,Secundário,Leito de Macrófitas,"48,4 m3/dia",Beira Alta,ARH Norte,Pinhel,Em Exploração,Secundário,
Cabreira_TUA20240123000210_01.07.2024_a_30.06.2029.pdf,TUA,TUA20240123000210,PL2024010400005,ETAR Cabreira,APA11329983,23-01-2024,01-07-2024,30-06-2029,2029-06-30,Em vigor,,,,,,,,ETAR Cabreira,2003,106,2043,216,Secundário,Fossa séptica seguida de leito de macrófitas,"17,3 m3/dia",Beira Alta,ARH Norte,Almeida,Em Exploração,Secundário,
Baraçal_TUA20240227000550_22.08.2024_a_21.08.2029.pdf,TUA,TUA20240227000550,PL2024021600155,ETAR Baraçal,APA11486763,27-02-2024,22-08-2024,21-08-2029,2029-08-21,Em vigor,,,L012483.2019.RH3.V1,"-7,0922","40,396993",PT03DOU0498 :: Rio Côa (HMWB - Jusante B. Sabugal),Razoável,ETAR Baraçal,2013,169,2043,245,Secundário,LEITO DE MACRÓFITAS,"43,5 m3/dia",Beira Alta,ARH Norte,Sabugal,Em Exploração,Secundário,
Pêva_TUA20240308000724_22.08.2024_a_21.08.2029.pdf,TUA,TUA20240308000724,PL2024022000164,ETAR Pêva,APA11497663,08-03-2024,22-08-2024,21-08-2029,2029-08-21,Em vigor,,,L012485.2019.RH3.V1,"-6,986836","40,664117",PT03DOU0476 :: Ribeira de Gaiteiros,Razoável,ETAR Pêva,2013,179,2043,75,Secundário,Leito de Macrófitas,13 m3/dia,,,,,,
FCR_TUA20240416001180_21.08.2024_a_20.08.2029.pdf,TUA,TUA20240416001180,PL2024021600155,ETAR Figueira de Castelo Rodrigo,APA11487063,16-04-2024,21-08-2024,20-08-2029,2029-08-20,Em vigor,,,L012482.2019.RH3.V1,"-6,972146","40,904591",PT03DOU0441 :: Ribeira de Lumbrales,Razoável,ETAR Figueira de Castelo Rodrigo,2011,1936,2031,2552,Secundário,Lamas Ativadas,"440,5 m3/dia",Beira Alta,ARH Norte,Figueira de Castelo Rodrigo,Em Exploração,Secundário,
Castelo_Mendo_TUA20240506001395_26.10.2024_a_25.10.2029.pdf,TUA,TUA20240506001395,PL2024042200373,ETAR Castelo Mendo,APA11728683,06-05-2024,26-10-2024,25-10-2029,2029-10-25,Em vigor,,,L017381.2019.RH3.V1,"-6,947217","40,591642",PT03DOU0488 :: Ribeiro dos Cadelos,Bom,ETAR Castelo Mendo,2003,112,2043,87,Secundário,Leito de Macrófitas,"17,5 m3/dia",Beira Alta,ARH Norte,Almeida,Em Exploração,Secundário,
Nave_de_Haver_TUA20240506001401_09.06.2024_a_08.06.2029.pdf,TUA,TUA20240506001401,PL2024031800262,ETAR Nave de Haver,APA11276603,06-05-2024,09-06-2024,08-06-2029,2029-06-08,Em vigor,,,L008066.2019.RH3.V1,"-6,825692","40,526516","ES020MSPF000000602 :: Rivera del Campo desde límite del LIC y ZEPA ""Campo de Azaba"" hasta límite del LIC ""Campo de Argañán""",Medíocre,ETAR Nave de Haver,2003,450,2043,542,Secundário,Leito de Macrófitas,"167,5 m3/dia",Beira Alta,ARH Norte,Almeida,Em Exploração,Secundário,
Folhadosa_TUA20240521001568_01.10.2024_a_30.09.2029.pdf,TUA,TUA20240521001568,PL2024032800301,ETAR Folhadosa,APA11648683,21-05-2024,01-10-2024,30-09-2029,2029-09-30,Em vigor,,,L015870.2019.RH4A.V1,"-7,789077","40,382542",PT04MON0616 :: Rio Cobral,Razoável,ETAR Folhadosa,2012,258,2040,814,Secundário,Sistema de tratamento por lamas ativadas em regime de arejamento prolongado,"207,8 m3/dia",Beira Alta,ARH Centro,Seia,Em Exploração,Secundário,
Cortiçada_TUA20240521001569_01.10.2024_a_30.09.2029.pdf,TUA,TUA20240521001569,PL2024032800301,ETAR Cortiçada,APA11648603,21-05-2024,01-10-2024,30-09-2029,2029-09-30,Em vigor,,,L015931.2019.RH4A.V1,"-7,545481","40,768487",PT04MON0573 :: Ribeira de Coja,Bom,ETAR Cortiçada,2013,460,2036,748,Secundário,Sistema de tratamento por lamas ativadas em regime de arejamento prolongado,"209,8 m3/dia",Beira Alta,ARH Centro,Aguiar da Beira,Em Exploração,Secundário,
Alvôco_das_Várzeas_TUA20240521001573_01.08.2024_a_31.07.2029.pdf,TUA,TUA20240521001573,PL2024013000089,ETAR Alvôco das Várzeas,APA11423103,30-07-2024,01-08-2024,31-07-2029,2029-07-31,Em vigor,,,L054772.2024.RH4A.V1,"-7,840612","40,304092",PT04MON0658 :: Rio Alva,Bom,ETAR Alvôco das Várzeas,2012,88,2041,676,Mais avançado que o secundário,Lamas ativadas de arejamento prolongado,"208,6 m3/dia",Beira Alta,ARH Centro,Oliveira do Hospital,Em Exploração,Mais avançado que o secundário,
Figueiró_da_Granja_TUA20240521001575_01.08.2024_a_31.07.2029.pdf,TUA,TUA20240521001575,PL2024013000090,ETAR Figueiró da Granja,APA11423603,21-05-2024,01-08-2024,31-07-2029,2029-07-31,Em vigor,,,L054786.2024.RH4A.V1,"-7,4948","40,62314",PT04MON0618B :: Rio Mondego,Razoável,ETAR Figueiró da Granja,2014,523,2036,841,Secundário,Lamas ativadas com arejamento prolongado,"223,3 m3/dia",Beira Alta,ARH Centro,Fornos de Algodres,Em Exploração,Secundário,
Bobadela_TUA20240521001577_01.08.2024_a_31.07.2029.pdf,TUA,TUA20240521001577,PL2024013000090,ETAR Bobadela,APA11424123,21-05-2024,01-08-2024,31-07-2029,2029-07-31,Em vigor,,,L054809.2024.RH4A.V1,"-7,896819","40,360019",PT04MON0625 :: Rio de Cavalos,Razoável,ETAR Bobadela,2014,128,2039,629,Secundário,Lamas ativadas de arejamento prolongado,"170,5 m3/dia",Beira Alta,ARH Centro,Oliveira do Hospital,Em Exploração,Secundário,
Andorinha_TUA20240522001588_01.10.2024_a_30.09.2029.pdf,TUA,TUA20240522001588,PL2024031800264,ETAR Andorinha,APA11599143,22-05-2024,01-10-2024,30-09-2029,2029-09-30,Em vigor,,,L015978.2022.RH4A.V1,"-7,917106","40,404025",PT04MON0618B :: Rio Mondego,Razoável,ETAR Andorinha,2012,356,2042,560,Mais avançado que o secundário,"Sistema de tratamento por lamas ativadas em regime de arejamento prolongado, com desinfeção final por radiação ultravioleta",139 m3/dia,Beira Alta,ARH Centro,Oliveira do Hospital,Em Exploração,Mais avançado que o secundário,
Girabolhos_TUA20240604001677_01.10.2024_a_30.09.2029.pdf,TUA,TUA20240604001677,PL2024032800302,ETAR Girabolhos,APA11648783,04-06-2024,01-10-2024,30-09-2029,2029-09-30,Em vigor,,,L015874.2019.RH4A.V1,"-7,744285","40,510328",PT04MON0618B :: Rio Mondego,Razoável,ETAR Girabolhos,2011,760,2036,790,Secundário,Sistema de tratamento por lamas ativadas em regime de arejamento prolongado,227 m3/dia,Beira Alta,ARH Centro,Seia,Em Exploração,Secundário,
Lageosa_TUA20240719002219_01.10.2024_a_30.09.2029.pdf,TUA,TUA20240719002219,PL2024031900268,ETAR Lageosa,APA11604243,19-07-2024,01-10-2024,30-09-2029,2029-09-30,Em vigor,,,L058799.2024.RH4A.V1,"-7,850234","40,380348",PT04MON0616 :: Rio Cobral,Razoável,ETAR Lageosa,2013,328,2036,965,Secundário,Lamas Ativadas,221 m3/dia,,,,,,
Lagares_TUA20240719002220_01.10.2024_a_30.09.2029.pdf,TUA,TUA20240719002220,PL2024031800264,ETAR Lagares da Beira,APA11599343,19-07-2024,01-10-2024,30-09-2029,2029-09-30,Em vigor,,,L058803.2024.RH4A.V1,"-7,869932","40,399315",PT04MON0616 :: Rio Cobral,Razoável,ETAR Lagares da Beira,2012,1248,2039,1691,Secundário,Lamas Ativadas,"466,4 m3/dia",Beira Alta,ARH Centro,Oliveira do Hospital,Em Exploração,Secundário,
Leomil_TUA20240725002275_03.01.2025_a_02.01.2030.pdf,TUA,TUA20240725002275,PL2024070400599,ETAR Leomil,APA11978463,25-07-2024,03-01-2025,02-01-2030,2030-01-02,Em vigor,,,L020554.2019.RH3.V1,"-6,959692","40,638271",PT03DOU0476 :: Ribeira de Gaiteiros,Razoável,ETAR Leomil,2003,91,2043,90,Secundário,Leito de macrófitas,"17,3 m3/dia",Beira Alta,ARH Norte,Almeida,Em Exploração,Secundário,
Monte_Perobolço_TUA20240731002345_03.01.2025_a_02.01.2030.pdf,TUA,TUA20240731002345,PL2024070400599,ETAR Monte Perobolço,APA11978523,31-07-2024,03-01-2025,02-01-2030,2030-01-02,Em vigor,,,L020553.2019.RH3.V1,"-6,980089","40,558795",PT03DOU0488 :: Ribeiro dos Cadelos,Razoável,ETAR Monte Perobolço,2003,134,2043,108,Secundário,Leito de macrófitas,"20,7 m3/dia",Beira Alta,ARH Norte,Almeida,Em Exploração,Secundário,
Ade_TUA20240731002347_02.01.2025_a_01.01.2030.pdf,TUA,TUA20240731002347,PL2024070400598,ETAR Ade,APA11977983,31-07-2024,02-01-2025,01-01-2030,2030-01-01,Em vigor,,,L020555.2019.RH3.V1,"-6,990258","40,558788",PT03DOU0488 :: Ribeiro dos Cadelos,Bom,ETAR Ade,2003,246,2043,113,Secundário,Lamas ativadas,"21,8 m3/dia",Beira Alta,ARH Norte,Almeida,Em Exploração,Secundário,
Fornotelheiro_TUA20240808002408_01.10.2024_a_30.09.2029.pdf,TUA,TUA20240808002408,PL2024032800301,ETAR Fornotelheiro,APA11648723,08-08-2024,01-10-2024,30-09-2029,2029-09-30,Em vigor,,,L015944.2019.RH4A.V1,"-7,385044","40,664776",PT04MON0576 :: Ribeiro dos Tamanhos,Medíocre,ETAR Fornotelheiro,2012,628,2036,839,Secundário,Sistema de tratamento por lamas ativadas em regime de arejamento prolongado,"156,7 m3/dia",Beira Alta,ARH Centro,Celorico da Beira,Em Exploração,Mais avançado que o secundário,
Penalva_de_Alva_TUA20240904002654_01.10.2024_a_30.09.2029.pdf,TUA,TUA20240904002654,PL2024032200285,ETAR Penalva de Alva,APA11623043,04-09-2024,01-10-2024,30-09-2029,2029-09-30,Em vigor,,,L060904.2024.RH4A.V1,"-7,833636","40,330929",PT04MON0658 :: Rio Alva,Bom,ETAR Penalva de Alva,2007,439,2040,1506,Secundário,Lamas Ativadas,180 m3/dia,Beira Alta,ARH Centro,Oliveira do Hospital,Em Exploração,Secundário,
Derreada_TUA20240916002772_21.01.2025_a_20.01.2030.pdf,TUA,TUA20240916002772,PL2024071900653,ETAR Derreada,APA12041463,16-09-2024,21-01-2025,20-01-2030,2030-01-20,Em vigor,,,L001080.2020.RH5A.V1,"-8,159819","39,979527",PT05TEJ0827 :: Ribeira dos Frades,Bom,ETAR Derreada,2011,217,2040,500,Fossa sética e meio filtrante (leito com brita),Fossa sética e meio filtrante (leito com brita),49 m3/dia,Beira Baixa,ARH Tejo e Oeste,Pedrógão Grande,Em Exploração,Fossa sética e filtros de carvão ativado (leito tipo filtralite),
Louriceira_TUA20241003002946_22.01.2025_a_21.01.2030.pdf,TUA,TUA20241003002946,PL2024071900653,ETAR Louriceira,APA12041583,03-10-2024,22-01-2025,21-01-2030,2030-01-21,Em vigor,,,L001135.2020.RH5A.V1,"-8,126996","39,968103",PT05TEJ0824 :: Albufeira do Cabril,Bom,ETAR Louriceira,2012,189,2040,229,Secundário,Obra de entrada com gradagem manual e leitos de macrófitas.,36 m3/dia,Beira Baixa,ARH Tejo e Oeste,Pedrógão Grande,Em Exploração,Lagoas de macrófitas,
Manigoto_TUA20241014003042_09.06.2024_a_08.06.2029.pdf,TUA,TUA20241014003042,PL2024091000792,ETAR Manigoto,APA12198943,04-11-2024,09-06-2024,08-06-2029,2029-06-08,Em vigor,,,L063042.2024.RH3.V1,"-7,078543","40,703221",PT03A0X1 :: MACIÇO ANTIGO INDIFERENCIADO DA BACIA DO DOURO,Bom,ETAR Manigoto,2003,539,2043,247,Mais avançado que o secundário,Lamas activadas com desinfecção por radiação UV,"76,8 m3/dia",Beira Alta,ARH Norte,Pinhel,Em Exploração,Mais avançado que o secundário,
Eirado_TUA20241022003142_01.01.2025_a_31.12.2029.pdf,TUA,TUA20241022003142,PL2024070500606,ETAR Eirado,APA11985343,22-10-2024,01-01-2025,31-12-2029,2029-12-31,Em vigor,,,L063531.2024.RH4A.V1,"-7,507843","40,780629",PT04MON0574 :: Rio Dão,Razoável,ETAR Eirado,2013,175,2043,2777,Secundário,Lamas Ativadas em Regime de Arejamento Prolongado,"449,89 m3/dia",Beira Alta,ARH Centro,Aguiar da Beira,Em Exploração,Secundário,
Loriga_TUA20241122003491_01.01.2025_a_31.12.2026.pdf,TUA,TUA20241122003491,PL2024071200627,ETAR Loriga,APA12012023,22-11-2024,01-01-2025,31-12-2026,2026-12-31,Em vigor,,,L014539.2022.RH4A.V1,"-7,693739","40,319956",PT04MON0634 :: Ribeira de Loriga,Bom,ETAR Loriga,2014,1059,2038,2633,Secundário,Sistema de tratamento por lamas ativadas em regime de arejamento prolongado,"306,4 m3/dia",Beira Alta,ARH Centro,Seia,Em Exploração,Secundário,
Celorico_da_Beira_TUA20241122003495_01.01.2025_a_31.12.2026.pdf,TUA,TUA20241122003495,PL2024070500605,ETAR Celorico da Beira,APA11984083,22-11-2024,01-01-2025,31-12-2026,2026-12-31,Em vigor,,,L014785.2022.RH4A.V1,"-7,389729","40,650489",PT04MON0618A :: Rio Mondego,Razoável,ETAR Celorico da Beira,2010,1172,2040,6554,Mais avançado que o secundário,Sistema de tratamento por lamas ativadas em regime de arejamento remoção de nutrientes,"2 326,7 m3/dia",Beira Alta,ARH Centro,Celorico da Beira,Em Exploração,Mais avançado que o secundário,
Porto_da_Carne_TUA20241210003651_01.12.2024_a_30.11.2026.pdf,TUA,TUA20241210003651,PL2024091000795,ETAR Porto da Carne,APA12202083,10-12-2024,01-12-2024,30-11-2026,2026-11-30,Em vigor,,,L065853.2024.RH4A.V1,"-7,30336","40,617417",PT04MON0587 :: Ribeira da Velosa,Razoável,ETAR Porto da Carne,2003,1310,2043,2096,Secundário,Sistema de tratamento por lamas ativadas em regime de arejamento prolongado em vala de oxidação,520 m3/dia,Beira Alta,ARH Centro,Guarda,Em Exploração,Secundário,
Freixo_TUA20250226000655_26.02.2025_a_25.02.2035.pdf,TUA,TUA20250226000655,PL2024123001154,ETAR Freixo,APA12558943,26-02-2025,26-02-2025,25-02-2035,2035-02-25,Em vigor,,,L070191.2025.RH7.V1,"-7,6482","38,67767",PT07GUA1452 :: Ribeira do Freixo,Medíocre,ETAR do Freixo,2010,147,2035,310,Secundário,Estação elevatória com cesto de gradados + Fossa séptica tricompartimentada + Trincheiras filtrantes,"48,4 m3/dia",Centro Alentejo,ARH Alentejo,Redondo,Em Exploração,,
Melo_Folgosinho_TUA20250317000834_13.03.2025_a_31.03.2027.pdf,TUA,TUA20250317000834,PL2024071200627,ETAR Melo Folgosinho,APA12012223,17-03-2025,13-03-2025,31-03-2027,2027-03-31,Em vigor,,,L014699.2022.RH4A.V1,"-7,532817","40,530294",PT04MON0593 :: Ribeiro do Freixo,Bom,ETAR Melo Folgosinho,2007,440,2037,2003,Secundário,Sistema de tratamento por lamas ativadas em regime de arejamento prolongado,"286,6 m3/dia",,,,,,
Oliveira_do_Hospital_TUA20250416001449_01.05.2025_a_30.04.2027.pdf,TUA,TUA20250416001449,PL2024102900957,ETAR Oliveira do Hospital,APA12369903,16-04-2025,01-05-2025,30-04-2027,2027-04-30,Em vigor,,,L032810.2023.RH4A.V1,"-7,874596","40,359959",PT04MON0625 :: Rio de Cavalos,Razoável,ETAR Oliveira do Hospital,2018,7647,2048,17750,Secundário,Secundário e remoção de nutrientes,2 624 m3/dia,Beira Alta,ARH Centro,Oliveira do Hospital,Em Exploração,Secundário e remoção de nutrientes,
Guadalupe_TUA20250602001876_02.06.2025_a_01.06.2025.pdf,TUA,TUA20250602001876,PL2025010300004,ETAR Guadalupe,APA12563823,02-06-2025,02-06-2025,01-06-2035,2035-06-01,Em vigor,,,L075151.2025.RH6.V1,"-8,02612","38,56401",PT06SAD1202 :: Ribeira de Valverde,Razoável,ETAR de Guadalupe,2010,237,2035,920,Secundário,Obra de Entrada (gradagem manual e mecânica) + Lagoa Anaeróbia+ 2 Lagoas Facultativas + Lagoa de Maturação,"97,3 m3/dia",Centro Alentejo,ARH Alentejo,Évora,Em Exploração,,
Avô_TUA20250722002408_01.10.2025_a_30.09.2030.pdf,TUA,TUA20250722002408,PL2025030700244,ETAR Avô,APA12795463,22-07-2025,01-10-2025,30-09-2030,2030-09-30,Em vigor,,,L017803.2020.RH4A.V1,"-7,91128","40,29606",PT04MON0658 :: Rio Alva,Bom,ETAR Avô,2012,162,2041,929,Secundário,Lamas activadas de arejamento prolongado,"123,1 m3/dia",Beira Alta,ARH Centro,Oliveira do Hospital,Em Exploração,Secundário,
Orada_TUA20260202000317_30.01.2026_a_30.01.2031.pdf,TUA,TUA20260202000317,PL2024022200175,ETAR Orada,APA11508543,02-02-2026,30-01-2026,30-01-2031,2031-01-30,Em vigor,,,L014337.2019.RH5A.V1,"-7,4627","38,87949",PT05TEJ1055A :: Ribeira da Alcravissa,Razoável,ETAR Orada,2009,193,2036,389,Secundário,Lagoas de Macrófitas,80 m3/dia,Centro Alentejo,ARH Tejo e Oeste,Borba,Em Exploração,,
