Nº TUA,Código,Código TURH,Longitude,Latitude,Margem/Plano de Água,Massa de Água,Classificação da Massa de Água,Código Utilização
TUA20220411000574,T000074,L006681.2022.RH5A,"-8,13152","39,905162",Margem esquerda,PT05TEJ0830 :: Rio Zêzere (HMWB - Jusante B. Cabril),Medíocre,
TUA20220420000646,T000077,L006976.2022.RH5A,"-8,117169","39,554611",Margem direita,PT05TEJ0934 :: Ribeira de Arcês,Bom,
TUA20220511000842,T000003,L008397.2022.RH5A,"-7,377019","40,288439",Margem direita,PT05TEJ0747 :: Ribeira de Caria,Razoável,
TUA20220511000844,T000002,L007123.2022.RH5A,"-7,811172","39,255764",Margem direita,PT05TEJ0986 :: Ribeira de Alfeijós,Razoável,
TUA20220511000845,T000003,L006972.2022.RH5A,"-7,962102","39,492411",Margem direita,PT05TEJ0930 :: Ribeira de Belver,Bom,
TUA20220718001522,T000080,L012980.2022.RH5A,"-8,274342","39,762806",Margem esquerda,PT05TEJ0914 :: Albufeira Castelo de Bode,Bom,
TUA20220720001537,T000003,L013050.2022.RH5A,"-8,233933","39,700337",Margem esquerda,PT05TEJ0914 :: Albufeira Castelo de Bode,Bom,
TUA20220720001538,T000003,L012836.2022.RH5A,"-8,235395","39,671485",Margem direita,PT05TEJ0914 :: Albufeira Castelo de Bode,Bom,
TUA20220919002148,T000003,L016764.2022.RH5A,"-7,213946","40,064127",Margem esquerda,PT05TEJ0789 :: Ribeira das Taliscas,Medíocre,
TUA20220922002189,T000003,L002661.2018.RH3,"-7,269607","41,005849",Margem esquerda,PT03DOU0372 :: Ribeira da Teja,Razoável,
TUA20220922002190,T000002,L002662.2018.RH3,"-7,170965","40,694263",Margem direita,PT03DOU0479 :: Ribeira de Massueime,Razoável,
TUA20220927002236,T000003,L003469.2017.RH3,"-7,213661","40,699134",Margem direita,PT03DOU0479 :: Ribeira de Massueime,Razoável,
TUA20220930002259,T000003,L002663.2018.RH3,"-7,048425","40,600957",Margem direita,PT03DOU0483 :: Ribeiro de Pínzio,Bom,
TUA20221010002354,T000002,L017862.2017.RH5A,"-7,816414","39,313656",Margem esquerda,PT05TEJ0986 :: Ribeira de Alfeijós,Razoável,
TUA20221010002355,T000002,L017689.2017.RH5A,"-7,7817","39,391885",Margem esquerda,PT05TEJ0992 :: Ribeira de Sôr,Razoável,
TUA20221010002356,T000002,L017985.2022.RH5A,"-7,454175","39,419036",Margem direita,PT05TEJ0929 :: Ribeira de São João,Razoável,
TUA20221010002358,T000003,L017897.2017.RH5A,"-8,178153","39,051608",Margem direita,PT05TEJ1034 :: Ribeira de Sôr (HMWB - Jusante B. Montargil),Medíocre,
TUA20221010002359,T000003,L016800.2022.RH5A,"-7,767185","39,045014",Margem esquerda,PT05TEJ1030 :: Albufeira Maranhao,Razoável,
TUA20221017002426,T000003,L018800.2022.RH5A,"-8,000601","39,148852",Margem direita,PT05TEJ1005 :: Ribeira de Santa Margarida,Bom,
TUA20221017002427,T000002,L017875.2017.RH5A,"-7,987757","39,330137",Margem direita,PT05TEJ0976 :: Ribeira de Longomel,Razoável,
TUA20230116000179,T000003,L025479.2023.RH5A.V1,"-8,053333","39,58421",Margem direita,PT05TEJ0948 :: Ribeira das Boas Eiras,Bom,
TUA20230116000180,T000003,L025473.2023.RH5A.V1,"-8,05254","39,584982",Margem esquerda,PT05TEJ0948 :: Ribeira das Boas Eiras,Bom,
TUA20230117000197,T000016,L001739.2013.RH5-T1.V1,"-7,741615","40,070635",Margem esquerda,PT05TEJ0792 :: Ribeiro das Bogas,Bom,
TUA20230125000254,T000003,L009134.2018.RH3.V1,"-6,912865","40,720264",Margem esquerda,PT03DOU0471 :: Rio Côa,Razoável,
TUA20230125000271,T000016,L009128.2018.RH3.V1,"-7,320167","40,878894",Margem direita,PT03DOU0437 :: Ribeira da Teja,Bom,
TUA20230125000272,T000002,L009112.2018.RH3.V1,"-7,314399","40,930691",Margem esquerda,PT03DOU0437 :: Ribeira da Teja,Bom,
TUA20230130000331,T000002,L026674.2023.RH5A.V1,"-7,883706","39,565604",Margem direita,PT05TEJ0933 :: Ribeira de Canas,Medíocre,
TUA20230130000332,T000002,L026655.2023.RH5A.V1,"-7,871677","39,566918",Margem esquerda,PT05TEJ0916 :: Rio Ocreza (HMWB - Jusante B. Pracana),Medíocre,
TUA20230130000333,T000002,L026342.2023.RH5A.V1,"-8,037832","39,537363",Margem direita,PT05TEJ0948 :: Ribeira das Boas Eiras,Bom,
TUA20230130000335,T000003,L026309.2023.RH5A.V1,"-8,031733","39,546911",Margem direita,PT05TEJ0948 :: Ribeira das Boas Eiras,Bom,
TUA20230130000336,T000003,L026283.2023.RH5A.V1,"-8,171473","39,555487",Margem esquerda,PT05TEJ0947 :: Ribeira de Alferrarede,Medíocre,
TUA20230202000373,T000002,L009125.2018.RH3.V1,"-7,25329","40,9601",Margem esquerda,PT03DOU0430 :: Ribeira dos Priscos,Medíocre,
TUA20230202000374,T000002,L009126.2018.RH3.V1,"-7,229785","40,905318",Margem esquerda,PT03DOU0448 :: Ribeira da Ramila,Razoável,
TUA20230202000375,T000002,L009113.2018.RH3.V1,"-7,232025","41,010276",Margem direita,PT03DOU0430 :: Ribeira dos Priscos,Medíocre,
TUA20230202000376,T000008,L009132.2018.RH3.V1,"-6,933039","40,951173",Margem direita,PT03DOU0418 :: Ribeira de Aguiar,Medíocre,
TUA20230202000377,T000002,L009127.2018.RH3.V1,"-7,201888","40,867086",Margem direita,PT03DOU0405 :: Rio Côa,Razoável,
TUA20230202000378,T000003,L009139.2018.RH3.V1,"-7,016416","40,594492",Margem esquerda,PT03DOU0484 :: Ribeira das Cabras,Bom,
TUA20230208000443,T000002,L026778.2023.RH3.V1,"-6,972449","40,785387",Margem esquerda,PT03DOU0471 :: Rio Côa,Razoável,
TUA20230213000471,T000002,L004520.2018.RH3.V1,"-7,327383","40,897493",Margem esquerda,PT03DOU0437 :: Ribeira da Teja,Bom,
TUA20230213000497,T000003,L001767.2013.RH5-T1.V1,"-7,36323","40,044211",Margem esquerda,PT05TEJ0873 :: Rio Ponsul,Medíocre,
TUA20230216000512,T000002,L010055.2018.RH3.V1,"-6,888411","40,680587",Margem direita,PT03DOU0471 :: Rio Côa,Razoável,
TUA20230216000513,T000002,L004518.2018.RH3.V1,"-7,154346","40,644607",Margem esquerda,PT03DOU0481 :: Ribeira da Pega,Razoável,
TUA20230220000545,T000002,L004518.2018.RH3.V2,"-7,135241","40,856118",Margem direita,PT03DOU0460 :: Ribeiro do Porquinho,Medíocre,
TUA20230228000613,T000003,L001772.2020.RH5A.V1,"-7,475957","39,895917",Margem esquerda,PT05TEJ0859 :: Ribeira da Liria,Razoável,
TUA20230228000614,T000016,L007117.2022.RH5A.V1,"-7,419681","40,051789",Margem esquerda,PT05TEJ0802 :: Ribeira de Alpreade,Razoável,
TUA20230328000995,T000002,L009129.2018.RH3.V1,"-7,351999","41,008112",Margem esquerda,PT03DOU0414 :: Rio Torto,Razoável,
TUA20230328000996,T000002,L009136.2018.RH3.V1,"-7,054408","40,957143",Margem direita,PT03DOU0432 :: Ribeirinha,Razoável,
TUA20230421001258,T000002,L010060.2018.RH3.V1,"-6,906293","40,594082",Margem direita,PT03DOU0471 :: Rio Côa,Razoável,
TUA20230421001259,T000002,L010061.2018.RH3.V1,"-6,977706","40,67755",Margem esquerda,PT03DOU0476 :: Ribeira de Gaiteiros,Razoável,
TUA20230421001260,T000003,L011919.2018.RH3.V1,"-7,081955","40,662306",Margem direita,PT03DOU0481 :: Ribeira da Pega,Razoável,
TUA20230421001263,T000002,L010047.2018.RH3.V1,"-7,217996","40,666438",Margem esquerda,PT03DOU0479 :: Ribeira de Massueime,Razoável,
TUA20230423001281,T000003,L004998.2016.RH7.V1,"-7,279041","39,115778",Margem esquerda,PT07GUA1413 :: Rio Caia,Bom,
TUA20230510001393,T000074,L008277.2018.RH5A.V1,"-7,948633","39,455499",Margem esquerda,PT05TEJ0943 :: Ribeira da Lampreia,Bom,
TUA20230510001399,T000002,L033073.2023.RH3.V1,"-6,915978","40,539983",Margem esquerda,PT03DOU0487 :: Rio Côa,Razoável,
TUA20230602001636,T000002,L034412.2023.RH3.V1,"-7,146084","40,537442",Margem esquerda,PT03DOU0489 :: Ribeira das Cabras,Razoável,
TUA20230602001637,T000002,L034331.2023.RH3.V1,"-7,147748","40,570039",Margem direita,PT03DOU0489 :: Ribeira das Cabras,Razoável,
TUA20230707002024,T000002,L034219.2023.RH5A.V1,"-8,180313","39,810591",Margem esquerda,PT05TEJ0871 :: Ribeira da Sertã,Razoável,
TUA20230717002123,T000002,L010057.2018.RH3.V1,"-7,242835","40,618707",Margem esquerda,PT03DOU0479 :: Ribeira de Massueime,Razoável,
TUA20230717002153,T000003,L037792.2023.RH5A.V1,"-8,151055","39,80481",Margem direita,PT05TEJ0871 :: Ribeira da Sertã,Razoável,
TUA20230801002309,T000002,L034885.2023.RH4A.V1,"-7,766654","40,410771",Margem direita,PT04MON0615 :: Ribeiro do Esporão,Bom,
TUA20230808002363,T000003,L037599.2023.RH5A.V1,"-8,38688","39,820084",Margem direita,PT05TEJ0898 :: Rio Nabão,Razoável,
TUA20230816002415,T000002,L010038.2018.RH3.V1,"-7,069564","40,487928",,PT03DOU0495 :: Ribeiro do Homem,Bom,
TUA20230824002503,T000002,L000819.2019.RH3.V1,"-6,875789","40,414047",,PT03DOU0494 :: Ribeira da Aldeia da Ponte,Bom,
TUA20230831002551,T000002,L000813.2019.RH3.V1,"-7,173767","40,413285",,PT03DOU0497 :: Ribeira do Boi,Bom,
TUA20230905002577,T000002,L000814.2019.RH3.V1,"-6,890376","40,285038",,PT03DOU0504 :: Rio Côa,Razoável,
TUA20230905002578,T000002,L000818.2019.RH3.V1,"-6,944646","40,459118",,PT03DOU0494 :: Ribeira da Aldeia da Ponte,Bom,
TUA20230905002579,T000002,L000816.2019.RH3.V1,"-6,869112","40,350054",,PT03DOU0494 :: Ribeira da Aldeia da Ponte,Bom,
TUA20230912002642,T000003,L000805.2019.RH3.V1,"-7,142703","40,427989",,PT03DOU0497 :: Ribeira do Boi,Bom,
TUA20230912002643,T000003,L000810.2019.RH3.V1,"-7,036301","40,885851",,PT03DOU0459 :: Ribeiro da Deveza,Bom,
TUA20230915002702,T000002,L000820.2019.RH3.V1,"-6,971695","40,400498",,PT03DOU0492 :: Ribeirinha da Nave,Bom,
TUA20230918002712,T000002,L000815.2019.RH3.V1,"-6,829893","40,375016",,PT03DOU0494 :: Ribeira da Aldeia da Ponte,Bom,
TUA20231010002912,T000002,L001021.2019.RH3.V1,"-7,225739","40,732152",,PT03DOU0479 :: Ribeira de Massueime,Razoável,
TUA20231010002913,T000002,L000817.2019.RH3.V1,"-7,305002","40,950887",,PT03DOU0437 :: Ribeira da Teja,Bom,
TUA20231012002959,T000002,L001020.2019.RH3.V1,"-7,263154","40,588204",,PT03DOU0479 :: Ribeira de Massueime,Razoável,
TUA20231018003040,T000016,L009317.2013.RH5-T1.V1,"-7,280127","39,751343",Margem direita,PT05TEJ0887 :: Ribeiro do Campo,Bom,
TUA20231109003280,T000002,L005585.2019.RH3.V1,"-7,121424","40,341833",,PT03DOU0498 :: Rio Côa (HMWB - Jusante B. Sabugal),Razoável,
TUA20231128003520,T000002,L007490.2019.RH3,"-7,126729","40,372665",,PT03DOU0501 :: Ribeira da Paiã,Bom,
TUA20231128003521,T000002,L007487.2019.RH3,"-7,181611","40,908968",,PT03DOU0448 :: Ribeira da Ramila,Razoável,
TUA20231205003587,T000002,L007491.2019.RH3.V1,"-6,879535","40,661078",,PT03DOU0471 :: Rio Côa,Razoável,
TUA20231206003600,T000002,L007489.2019.RH3.V1,"-6,906422","40,905777",,PT03DOU0418 :: Ribeira de Aguiar,Medíocre,
TUA20231206003602,T000002,L007488.2019.RH3.V1,"-7,070929","40,29587",,PT03DOU0503 :: Albufeira Sabugal,Bom,
TUA20231211003636,T000002,L005712.2019.RH3.V1,"-6,902109","40,456402",,PT03DOU0494 :: Ribeira da Aldeia da Ponte,Bom,
TUA20231212003641,T000003,L047135.2023.RH5A.V1,"-8,399964","39,634118",,PT05TEJ0923 :: Rio Nabão,Razoável,
TUA20231228003808,T000002,L007492.2019.RH3.V1,"-6,96696","40,87264",,PT03DOU0441 :: Ribeira de Lumbrales,Razoável,
TUA20240131000275,T000002,L015762.2013.RH5-T1.V1,"-7,921204","39,912579",Margem esquerda,PT05TEJ0871 :: Ribeira da Sertã,Razoável,
TUA20240131000276,T000002,L010891.2013.RH5-T1.V1,"-7,822169","39,958525",Margem direita,PT05TEJ0805 :: Ribeira das Casas da Zebreira,Bom,
TUA20240216000439,T000002,L047225.2023.RH5A.V1,"-7,396197","39,132062",Margem direita,PT05TEJ1012 :: Ribeira Grande,Razoável,
TUA20240216000440,T000016,L008275.2018.RH5A.V1,"-7,640491","39,524871",Margem direita,PT05TEJ0904 :: Ribeira de Nisa,Razoável,
TUA20240216000462,T000003,L006005.2021.RH5A.V1,"-8,251413","39,647188",,PT05TEJ0914 :: Albufeira Castelo de Bode,Bom,
TUA20240223000530,T000042,L031504.2023.RH5A.V1,"-7,368533","39,380585",Margem esquerda,PT05TEJ0918N :: Rio Sever,Bom,
TUA20240229000598,T000002,L047273.2023.RH5A.V1,"-7,393739","39,859546",Margem esquerda,PT05TEJ0863 :: Ribeirinha,Bom,
TUA20240901002617,T000003,L060851.2024.RH7.V1,"-7,701469","38,401585",Margem esquerda,PT07GUA1473B :: Ribeira da Aldeia (HMWB - Jusante B. Loureiro),Bom,
TUA20241030003256,T000016,L064067.2024.RH7.V1,"-7,457534","38,61382",Margem direita,PT07GUA1441 :: Albufeira de Lucefecit,Razoável,
TUA20230530001578,T000033,,"-7,621169","40,543494",,PT04MON0594 :: Ribeira de Gouveia,Bom,L043200.2023.RH4A.V2
TUA20240227000550,T000002,,"-7,0922","40,396993",Margem esquerda,PT03DOU0498 :: Rio Côa (HMWB - Jusante B. Sabugal),Razoável,L012483.2019.RH3.V1
TUA20240308000724,T000002,,"-6,986836","40,664117",Margem direita,PT03DOU0476 :: Ribeira de Gaiteiros,Razoável,L012485.2019.RH3.V1
TUA20240416001180,T000002,,"-6,972146","40,904591",Margem direita,PT03DOU0441 :: Ribeira de Lumbrales,Razoável,L012482.2019.RH3.V1
TUA20240506001395,T000003,,"-6,947217","40,591642",Margem esquerda,PT03DOU0488 :: Ribeiro dos Cadelos,Bom,L017381.2019.RH3.V1
TUA20240506001401,T000005,,"-6,825692","40,526516",Margem esquerda,"ES020MSPF000000602 :: Rivera del Campo desde límite del LIC y ZEPA ""Campo de Azaba"" hasta límite del LIC ""Campo de Argañán""",Medíocre,L008066.2019.RH3.V1
TUA20240521001568,T000002,,"-7,789077","40,382542",Margem direita,PT04MON0616 :: Rio Cobral,Razoável,L015870.2019.RH4A.V1
TUA20240521001569,T000002,,"-7,545481","40,768487",Margem esquerda,PT04MON0573 :: Ribeira de Coja,Bom,L015931.2019.RH4A.V1
TUA20240521001573,T000002,,"-7,840612","40,304092",Margem direita,PT04MON0658 :: Rio Alva,Bom,L054772.2024.RH4A.V1
TUA20240521001575,T000002,,"-7,4948","40,62314",Margem direita,PT04MON0618B :: Rio Mondego,Razoável,L054786.2024.RH4A.V1
TUA20240521001577,T000002,,"-7,896819","40,360019",Margem direita,PT04MON0625 :: Rio de Cavalos,Razoável,L054809.2024.RH4A.V1
TUA20240522001588,T000002,,"-7,917106","40,404025",Margem esquerda,PT04MON0618B :: Rio Mondego,Razoável,L015978.2022.RH4A.V1
TUA20240604001677,T000015,,"-7,744285","40,510328",,PT04MON0618B :: Rio Mondego,Razoável,L015874.2019.RH4A.V1
TUA20240719002219,T000016,,"-7,850234","40,380348",Margem direita,PT04MON0616 :: Rio Cobral,Razoável,L058799.2024.RH4A.V1
TUA20240719002220,T000002,,"-7,869932","40,399315",Margem esquerda,PT04MON0616 :: Rio Cobral,Razoável,L058803.2024.RH4A.V1
TUA20240725002275,T000002,,"-6,959692","40,638271",Margem esquerda,PT03DOU0476 :: Ribeira de Gaiteiros,Razoável,L020554.2019.RH3.V1
TUA20240731002345,T000002,,"-6,980089","40,558795",Margem esquerda,PT03DOU0488 :: Ribeiro dos Cadelos,Razoável,L020553.2019.RH3.V1
TUA20240731002347,T000002,,"-6,990258","40,558788",Margem esquerda,PT03DOU0488 :: Ribeiro dos Cadelos,Bom,L020555.2019.RH3.V1
TUA20240808002408,T000002,,"-7,385044","40,664776",Margem direita,PT04MON0576 :: Ribeiro dos Tamanhos,Medíocre,L015944.2019.RH4A.V1
TUA20240904002654,T000002,,"-7,833636","40,330929",Margem direita,PT04MON0658 :: Rio Alva,Bom,L060904.2024.RH4A.V1
TUA20240916002772,T000003,,"-8,159819","39,979527",Margem direita,PT05TEJ0827 :: Ribeira dos Frades,Bom,L001080.2020.RH5A.V1
TUA20241003002946,T000003,,"-8,126996","39,968103",Margem direita,PT05TEJ0824 :: Albufeira do Cabril,Bom,L001135.2020.RH5A.V1
TUA20241014003042,T000002,,"-7,078543","40,703221",Margem esquerda,PT03A0X1 :: MACIÇO ANTIGO INDIFERENCIADO DA BACIA DO DOURO,Bom,L063042.2024.RH3.V1
TUA20241022003142,T000002,,"-7,507843","40,780629",Margem esquerda,PT04MON0574 :: Rio Dão,Razoável,L063531.2024.RH4A.V1
TUA20241122003491,T000002,,"-7,693739","40,319956",Margem direita,PT04MON0634 :: Ribeira de Loriga,Bom,L014539.2022.RH4A.V1
TUA20241122003495,T000002,,"-7,389729","40,650489",Margem esquerda,PT04MON0618A :: Rio Mondego,Razoável,L014785.2022.RH4A.V1
TUA20241210003651,T000002,,"-7,30336","40,617417",Margem direita,PT04MON0587 :: Ribeira da Velosa,Razoável,L065853.2024.RH4A.V1
TUA20250226000655,T000002,,"-7,6482","38,67767",Margem direita,PT07GUA1452 :: Ribeira do Freixo,Medíocre,L070191.2025.RH7.V1
TUA20250317000834,T000002,,"-7,532817","40,530294",,PT04MON0593 :: Ribeiro do Freixo,Bom,L014699.2022.RH4A.V1
TUA20250416001449,T000002,,"-7,874596","40,359959",Margem direita,PT04MON0625 :: Rio de Cavalos,Razoável,L032810.2023.RH4A.V1
TUA20250602001876,T000002,,"-8,02612","38,56401",Margem direita,PT06SAD1202 :: Ribeira de Valverde,Razoável,L075151.2025.RH6.V1
TUA20250722002408,T000028,,"-7,91128","40,29606",Margem esquerda,PT04MON0658 :: Rio Alva,Bom,L017803.2020.RH4A.V1
TUA20260202000317,T000002,,"-7,4627","38,87949",Margem esquerda,PT05TEJ1055A :: Ribeira da Alcravissa,Razoável,L014337.2019.RH5A.V1
