Nº TUA,Código,Tipo de informação/Parâmetros,Formato de reporte,Periodicidade de comunicação,Data de reporte,Entidade,Coluna 3,Coluna 5
TUA20220411000574,T000087,"O titular obriga-se a comunicar à Entidade Licenciadora, através do SILiAmb (módulo Licenciamento Único de Ambiente > Autocontrolo RH), os dados provenientes do programa de autocontrolo estabelecido na licença.",Módulo de autocontrolo,Mensal,,,,
TUA20220420000646,T000090,"O titular obriga-se a comunicar à Entidade Licenciadora, através do SILiAmb (módulo Licenciamento Único de Ambiente > Autocontrolo RH), os dados provenientes do programa de autocontrolo estabelecido na licença.",Módulo de Autocontrolo,Mensal,,,,
TUA20220511000842,T000089,"O titular obriga-se a comunicar à Entidade Licenciadora, através do SILiAmb (módulo Licenciamento Único de Ambiente > Autocontrolo RH), os dados provenientes do programa de autocontrolo estabelecido na licença.",Módulo de Autocontrolo,Mensal,,,,
TUA20220511000844,T000080,"O titular obriga-se a comunicar à Entidade Licenciadora, através do SILiAmb (módulo Licenciamento Único de Ambiente > Autocontrolo RH), os dados provenientes do programa de autocontrolo estabelecido na licença.",Módulo de Autocontrolo,Mensal,,,,
TUA20220511000845,T000083,"O titular obriga-se a comunicar à Entidade Licenciadora, através do SILiAmb (módulo Licenciamento Único de Ambiente > Autocontrolo RH), os dados provenientes do programa de autocontrolo estabelecido na licença.",Módulo Autocontrolo,Mensal,,,,
TUA20220718001522,T000093,"O titular obriga-se a comunicar à Entidade Licenciadora, através do SILiAmb (módulo Licenciamento Único de Ambiente > Autocontrolo RH), os dados provenientes do programa de autocontrolo estabelecido na licença.",Módulo de autocontrolo,Mensal,,,,
TUA20220718001522,T000094,"O O titular obriga-se a comunicar à Entidade Licenciadora, através de ficheiro com formato excel no SILiAmb (módulo Licenciamento Único de Ambiente > Autocontrolo RH), os dados provenientes do programa de monitorização dos",Ficheiro xls,Trimestral,,,,
TUA20220720001537,T000090,"O titular obriga-se a comunicar à Entidade Licenciadora, através do SILiAmb (módulo Licenciamento Único de Ambiente > Autocontrolo RH), os dados provenientes do programa de autocontrolo estabelecido na licença.",Módulo de autocontrolo,Mensal,,,,
TUA20220720001537,T000091,"O O titular obriga-se a comunicar à Entidade Licenciadora, através de ficheiro com formato excel no SILiAmb (módulo Licenciamento Único de Ambiente > Autocontrolo RH), os dados provenientes do programa de monitorização dos recursos hídricos (meio recetor) estabelecido na licença.",Ficheiro xls,Trimestral,,,,
TUA20220720001538,T000077,"O titular obriga-se a comunicar à Entidade Licenciadora, através do SILiAmb (módulo Licenciamento Único de Ambiente > Autocontrolo RH), os dados provenientes do programa de autocontrolo estabelecido na licença.",Módulo de autocontrolo,Mensal,,,,
TUA20220720001538,T000078,"O O titular obriga-se a comunicar à Entidade Licenciadora, através de ficheiro com formato excel no SILiAmb (módulo Licenciamento Único de Ambiente > Autocontrolo RH), os dados provenientes do programa de monitorização dos recursos hídricos (meio recetor) estabelecido na licença.",Ficheiro xls,Semestral,,,,
TUA20220919002148,T000073,"O titular obriga-se a comunicar à Entidade Licenciadora, através do endereço de email arht.geral@apambiente.pt, os dados provenientes do programa de autocontrolo estabelecido na licença, assim como os respetivos boletins analíticos, até entrada em produção do módulo de autocontrolo (SILiAmb - módulo Licenciamento Único de Ambiente>Autocontrolo RH).",ficheiro xls/pdf,Semestral,,,,
TUA20220922002189,T000068,CBO5 CQO SST Nt Pt,Plataforma SILiAmb,Trimestral,Até ao último dia do mês seguinte ao trimestre a que que dizem respeito.,ARH do Norte,,
TUA20220922002189,T000069,Volumes mensais descarregados (m3/mês),Plataforma SILiAmb,Trimestral,Até ao último dia do mês seguinte ao trimestre a que que dizem respeito.,ARH do Norte,,
TUA20220922002190,T000066,CBO5 CQO SST Nt Pt,Plataforma SILiAmb,Trimestral,Até ao último dia do mês seguinte ao trimestre a que que dizem respeito.,ARH do Norte,,
TUA20220922002190,T000067,Volumes mensais descarregados (m3/mês),Plataforma SILiAmb,Trimestral,Até ao último dia do mês seguinte ao trimestre a que que dizem respeito.,ARH do Norte,,
TUA20220927002236,T000066,CBO5 CQO SST Nt Pt,Plataforma SILiAmb,Trimestral,Até ao último dia do mês seguinte ao trimestre a que que dizem respeito.,ARH do Norte,,
TUA20220927002236,T000067,Volumes mensais descarregados (m3/mês),Plataforma SILiAmb,Trimestral,Até ao último dia do mês seguinte ao trimestre a que que dizem respeito.,ARH do Norte,,
TUA20220930002259,T000067,CBO5 CQO SST Nt Pt,Plataforma SILiAmb,Trimestral,Até ao último dia do mês seguinte ao trimestre a que que dizem respeito.,ARH do Norte,,
TUA20220930002259,T000068,Volumes mensais descarregados (m3/mês),Plataforma SILiAmb,Trimestral,Até ao último dia do mês seguinte ao trimestre a que que dizem respeito.,ARH do Norte,,
TUA20221010002354,T000074,"O titular obriga-se a comunicar à Entidade Licenciadora, através do endereço de email arht.geral@apambiente.pt, os dados provenientes do programa de autocontrolo estabelecido na licença, assim como os respetivos boletins analíticos, até entrada em produção do módulo de autocontrolo (SILiAmb - módulo Licenciamento Único de Ambiente>Autocontrolo RH).",Módulo Autocontrolo/e-mail,Mensal,,,,
TUA20221010002355,T000078,"O titular obriga-se a comunicar à Entidade Licenciadora, através do endereço de email arht.geral@apambiente.pt, os dados provenientes do programa de autocontrolo estabelecido na licença, assim como os respetivos boletins analíticos, até entrada em produção do módulo de autocontrolo (SILiAmb - módulo Licenciamento Único de Ambiente>Autocontrolo RH).",Módulo Autocontrolo/e-mail,Mensal,,,,
TUA20221010002356,,"O titular obriga-se a comunicar à Entidade Licenciadora, através do endereço de email arht.geral@apambiente.pt, os dados provenientes do",,,,,,
TUA20221010002356,Código,Tipo de informação/Parâmetros,Periodicidade de comunicação,Data de reporte,Entidade,,Formato de reporte,
TUA20221010002356,T000077,"programa de autocontrolo estabelecido na licença, assim como os respetivos boletins analíticos, até entrada em produção do módulo de autocontrolo (SILiAmb - módulo Licenciamento Único de Ambiente>Autocontrolo RH).",Mensal,,,,Módulo Autocontrolo/e-mail,
TUA20221010002358,T000079,"O titular obriga-se a comunicar à Entidade Licenciadora, através do endereço de email arht.geral@apambiente.pt, os dados provenientes do programa de autocontrolo estabelecido na licença, assim como os respetivos boletins analíticos, até entrada em produção do módulo de autocontrolo (SILiAmb - módulo Licenciamento Único de Ambiente>Autocontrolo RH).",Módulo Autocontrolo/e-mail,Mensal,,,,
TUA20221010002359,T000075,"O titular obriga-se a comunicar à Entidade Licenciadora, através do SILiAmb (módulo Licenciamento Único de Ambiente > Autocontrolo RH), os dados provenientes do programa de autocontrolo estabelecido na licença.",Módulo Autocontrolo,Mensal,,,,
TUA20221017002426,T000079,"O titular obriga-se a comunicar à Entidade Licenciadora, através do endereço de email arht.geral@apambiente.pt, os dados provenientes do programa de autocontrolo estabelecido na licença, assim como os respetivos boletins analíticos, até entrada em produção do módulo de autocontrolo (SILiAmb - módulo Licenciamento Único de Ambiente>Autocontrolo RH).",Módulo Autocontrolo/e-mail,Mensal,,,,
TUA20221017002427,T000079,"O titular obriga-se a comunicar à Entidade Licenciadora, através do endereço de email arht.geral@apambiente.pt, os dados provenientes do programa de autocontrolo estabelecido na licença, assim como os respetivos boletins analíticos, até entrada em produção do módulo de autocontrolo (SILiAmb - módulo Licenciamento Único de Ambiente>Autocontrolo RH).",Módulo Autocontrolo/e-mail,Mensal,,,,
TUA20230116000179,T000068,"O titular obriga-se a comunicar à Entidade Licenciadora, através do SILiAmb (módulo Licenciamento Único de Ambiente > Autocontrolo RH), os dados provenientes do programa de autocontrolo estabelecido na licença.",Módulo de autocontrolo,Trimestral,,,,
TUA20230116000180,T000075,"O titular obriga-se a comunicar à Entidade Licenciadora, através do SILiAmb (módulo Licenciamento Único de Ambiente > Autocontrolo RH), os dados provenientes do programa de autocontrolo estabelecido na licença.",Módulo de autocontrolo,Trimestral,,,,
TUA20230117000197,T000084,"O titular obriga-se a comunicar à Entidade Licenciadora, através do endereço de email arht.geral@apambiente.pt, os dados provenientes do programa de autocontrolo estabelecido na licença, assim como os respetivos boletins analíticos, até entrada em produção do módulo de autocontrolo (SILiAmb - módulo Licenciamento Único de Ambiente>Autocontrolo RH).",ficheiro xls/pdf - módulo autocontrolo,Semestral,,APA/ARHTO,,
TUA20230125000254,T000070,Autocontrolo / pH CBO5 CQO SST Nt Pt,Plataforma SILiAmb,Trimestral,Até ao último dia do mês seguinte ao trimestre a que dizem respeito.,ARH do Norte,,
TUA20230125000254,T000071,Volumes mensais descarregados (m3/mês),Plataforma SILiAmb,Trimestral,Até ao último dia do mês seguinte ao trimestre a que dizem respeito.,ARH do Norte,,
TUA20230125000271,T000078,Autocontrolo qualitativo / pH CBO5 CQO SST,Plataforma SILiAmb,Trimestral,Até ao último dia do mês seguinte ao trimestre a que dizem respeito.,ARH do Norte,,
TUA20230125000271,T000079,Autocontrolo quantitativo / Volumes mensais descarregados (m3/mês),Plataforma SILiAmb,Trimestral,Até ao último dia do mês seguinte ao trimestre a que dizem respeito.,ARH do Norte,,
TUA20230125000272,T000068,Autocontrolo qualitativo / pH CBO5 CQO SST Nt Pt,Plataforma SILiAmb,Trimestral,Até ao último dia do mês seguinte ao trimestre a que dizem respeito.,ARH do Norte,,
TUA20230125000272,T000069,Autocontrolo quantitativo / Volumes mensais descarregados (m3/mês),Plataforma SILiAmb,Trimestral,Até ao último dia do mês seguinte ao trimestre a que dizem respeito.,ARH do Norte,,
TUA20230130000331,T000081,"O titular obriga-se a comunicar à Entidade Licenciadora, através do SILiAmb (módulo Licenciamento Único de Ambiente > Autocontrolo RH), os dados provenientes do programa de autocontrolo estabelecido na licença.",Módulo de autocontrolo,Trimestral,,,,
TUA20230130000332,T000081,"O titular obriga-se a comunicar à Entidade Licenciadora, através do SILiAmb (módulo Licenciamento Único de Ambiente > Autocontrolo RH), os dados provenientes do programa de autocontrolo estabelecido na licença.",Módulo de autocontrolo,Trimestral,,,,
TUA20230130000336,T000080,"O titular obriga-se a comunicar à Entidade Licenciadora, através do SILiAmb (módulo Licenciamento Único de Ambiente > Autocontrolo RH), os dados provenientes do programa de autocontrolo estabelecido na licença.",Módulo de autocontrolo,Trimestral,,,,
TUA20230202000373,T000069,Autocontrolo qualitativo / pH CBO5 CQO TPSS Nt Pt,Plataforma SILiAmb,Trimestral,Até ao último dia do mês seguinte ao trimestre a que dizem respeito.,ARH do Norte,,
TUA20230202000373,T000070,Autocontrolo quantitativo / Volumes mensais descarregados (m3/mês),Plataforma SILiAmb,Trimestral,Até ao último dia do mês seguinte ao trimestre a que dizem respeito.,ARH do Norte,,
TUA20230202000374,T000069,Autocontrolo qualitativo / pH CBO5 CQO SST Nt Pt,Plataforma SILiAmb,Trimestral,Até ao último dia do mês seguinte ao trimestre a que dizem respeito.,ARH do Norte,,
TUA20230202000374,T000070,Autocontrolo quantitativo / Volumes mensais descarregados (m3/mês),Plataforma SILiAmb,Trimestral,Até ao último dia do mês seguinte ao trimestre a que dizem respeito.,ARH do Norte,,
TUA20230202000375,T000070,Autocontrolo qualitativo / pH CBO5 CQO SST Nt Pt,Plataforma SILiAmb,Trimestral,Até ao último dia do mês seguinte ao trimestre a que dizem respeito.,ARH do Norte,,
TUA20230202000375,T000071,Autocontrolo quantitativo / Volumes mensais descarregados (m3/mês),Plataforma SILiAmb,Trimestral,Até ao último dia do mês seguinte ao trimestre a que dizem respeito.,ARH do Norte,,
TUA20230202000376,T000074,Autocontrolo qualitativo / pH CBO5 CQO SST Nt Pt,Plataforma SILiAmb,Trimestral,Até ao último dia do mês seguinte ao trimestre a que dizem respeito.,ARH do Norte,,
TUA20230202000376,T000075,Autocontrolo quantitativo / Volumes mensais descarregados (m3/mês),Plataforma SILiAmb,Trimestral,Até ao último dia do mês seguinte ao trimestre a que dizem respeito.,ARH do Norte,,
TUA20230202000377,T000063,Autocontrolo qualitativo / pH CBO5 CQO SST Nt Pt,Plataforma SILiAmb,Trimestral,Até ao último dia do mês seguinte ao trimestre a que reporta.,ARH do Norte,,
TUA20230202000377,T000064,Autocontrolo quantitativo / Volumes mensais descarregados (m3/mês),Plataforma SILiAmb,Trimestral,Até ao último dia do mês seguinte ao trimestre a que reporta.,ARH do Norte,,
TUA20230202000378,T000069,Autocontrolo qualitativo / pH CBO5 CQO SST NT Pt,Plataforma SILiAmb,Trimestral,Até ao último dia do mês seguinte ao trimestre a que dizem respeito.,ARH do Norte,,
TUA20230202000378,T000070,Autocontrolo quantitativo / Volumes mensais descarregados (m3/mês),Plataforma SILiAmb,Trimestral,Até ao último dia do mês seguinte ao trimestre a que dizem respeito.,ARH do Norte,,
TUA20230208000443,T000066,Autocontrolo qualitativo / pH CBO5 CQO SST,Plataforma SILiAmb,Trimestral,Até ao último dia do mês seguinte ao trimestre a que reporta.,ARH do Norte,,
TUA20230208000443,T000067,Autocontrolo quantitativo / Volumes mensais descarregados (m3/mês),Plataforma SILiAmb,Trimestral,Até ao último dia do mês seguinte ao trimestre a que reporta.,ARH do Norte,,
TUA20230213000471,T000065,Autocontrolo qualitativo / pH CBO CQO SST,Plataforma SILiAmb,Trimestral,Até ao último dia do mês seguinte ao trimestre a que dizem respeito.,ARH do Norte,,
TUA20230213000471,T000066,Autocontrolo quantitativo / Volumes mensais descarregados (m3/mês),Plataforma SILiAmb,Trimestral,Até ao último dia do mês seguinte ao trimestre a que dizem respeito.,ARH do Norte,,
TUA20230213000497,T000082,"O titular obriga-se a comunicar à Entidade Licenciadora, através do endereço de email arht.geral@apambiente.pt, os dados provenientes do programa de autocontrolo estabelecido na licença, assim como os respetivos boletins analíticos, até entrada em produção do módulo de autocontrolo (SILiAmb - módulo Licenciamento Único de Ambiente>Autocontrolo RH).",ficheiro xls/pdf - módulo de autocontrolo,Trimestral,,APA/ARHTO,,
TUA20230216000512,T000066,Autocontrolo qualitativo / pH CBO5 CQO SST,Plataforma SILiAmb,Trimestral,Até ao último dia do mês seguinte ao trimestre a que dizem respeito.,ARH do Norte,,
TUA20230216000512,T000067,Autocontrolo quantitativo / Volumes mensais descarregados (m3/mês),Plataforma SILiAmb,Trimestral,Até ao último dia do mês seguinte ao trimestre a que dizem respeito.,ARH do Norte,,
TUA20230216000513,T000069,Autocontrolo qualitativo / pH CBO5 CQO SST Nt Pt,Plataforma SILiAmb,Trimestral,Até ao último dia do mês seguinte ao trimestre a que dizem respeito.,ARH do Norte,,
TUA20230216000513,T000070,Autocontrolo quantitativo / Volumes mensais descarregados (m3/mês),Plataforma SILiAmb,Trimestral,Até ao último dia do mês seguinte ao trimestre a que dizem respeito.,ARH do Norte,,
TUA20230220000545,T000069,Autocontrolo qualitativo / pH CBO5 CQO SST Nt Pt,Plataforma SILiAmb,Trimestral,Até ao último dia do mês seguinte ao trimestre a que dizem respeito.,ARH do Norte,,
TUA20230220000545,T000070,Autocontrolo quantitativo / Volumes mensais descarregados (m3/mês),Plataforma SILiAmb,Trimestral,Até ao último dia do mês seguinte ao trimestre a que dizem respeito.,ARH do Norte,,
TUA20230228000613,T000084,"O titular obriga-se a comunicar à Entidade Licenciadora, através do endereço de email arht.geral@apambiente.pt, os dados provenientes do programa de autocontrolo estabelecido na licença, assim como os respetivos boletins analíticos, até entrada em produção do módulo de autocontrolo (SILiAmb - módulo Licenciamento Único de Ambiente>Autocontrolo RH).",ficheiro xls/pdf/módulo de autocontrolo,Mensal,,,,
TUA20230228000614,T000105,"O titular obriga-se a comunicar à Entidade Licenciadora, através do SILiAmb (módulo Licenciamento Único de Ambiente > Autocontrolo RH), os dados provenientes do programa de autocontrolo estabelecido na licença.",Módulo de Autocontrolo,Mensal,,,,
TUA20230328000995,T000067,Autocontrolo qualitativo / pH CBO5 CQO SST,Plataforma SILiAmb,Trimestral,Até ao último dia do mês seguinte ao trimestre a que dizem respeito.,ARH do Norte,,
TUA20230328000995,T000068,Autocontrolo quantitativo / Volumes mensais descarregados (m3/mês),Plataforma SILiAmb,Trimestral,Até ao último dia do mês seguinte ao trimestre a que dizem respeito.,ARH do Norte,,
TUA20230328000996,T000069,Autocontrolo qualitativo / pH CBO5 CQO SST Nt Pt,Plataforma SILiAmb,Trimestral,Até ao último dia do mês seguinte ao trimestre a que dizem respeito.,ARH do Norte,,
TUA20230328000996,T000070,Autocontrolo quantitativo / Volumes mensais descarregados (m3/mês),Plataforma SILiAmb,Trimestral,Até ao último dia do mês seguinte ao trimestre a que dizem respeito.,ARH do Norte,,
TUA20230421001258,T000068,Autocontrolo qualitativo / pH CBO5 CQO SST Nt Pt,Plataforma SILiAmb,Trimestral,Até ao último dia do mês seguinte ao trimestre a que dizem respeito.,ARH do Norte,,
TUA20230421001258,T000069,Autocontrolo quantitativo / Volumes mensais descarregados (m3/mês),Plataforma SILiAmb,Trimestral,Até ao último dia do mês seguinte ao trimestre a que dizem respeito.,ARH do Norte,,
TUA20230421001259,T000064,Autocontrolo qualitativo / pH CBO5 CQO SST,Plataforma SILiAmb,Trimestral,Até ao último dia do mês seguinte ao trimestre a que dizem respeito.,ARH do Norte,,
TUA20230421001259,T000065,Autocontrolo quantitativo / Volumes mensais descarregados (m3/mês),Plataforma SILiAmb,Trimestral,Até ao último dia do mês seguinte ao trimestre a que dizem respeito.,ARH do Norte,,
TUA20230421001260,T000068,Autocontrolo qualitativo / pH CBO5 CQO SST Nt Pt,Plataforma SILiAmb,Trimestral,Até ao último dia do mês seguinte ao trimestre a que dizem respeito.,ARH do Norte,,
TUA20230421001260,T000069,Autocontrolo quantitativo / Volumes mensais descarregados (m3/mês),Plataforma SILiAmb,Trimestral,Até ao último dia do mês seguinte ao trimestre a que dizem respeito.,ARH do Norte,,
TUA20230421001263,T000068,Autocontrolo qualitativo / pH CBO5 CQO SST Nt Pt,Plataforma SILiAmb,Trimestral,Até ao último dia do mês seguinte ao trimestre a que dizem respeito.,ARH do Norte,,
TUA20230421001263,T000069,Autocontrolo quantitativo / Volumes mensais descarregados (m3/mês),Plataforma SILiAmb,Trimestral,Até ao último dia do mês seguinte ao trimestre a que dizem respeito.,ARH do Norte,,
TUA20230423001281,T000075,"L004998.2016.RH7.V1 - Resultados do programa de autocontrolo, bem como as cópias dos boletins analíticos, e registo dos caudais descarregados (mesmo em situações de ausência de caudal rejeitado).","Módulo de Autocontrolo LUA, ou via e-mail dirigido à arhalt.geral@apambiente.pt, até que o módulo de autocontrolo esteja disponível.",Mensal,"Mensal, devendo o último reporte ser enviado até 15 de janeiro do ano subsequente.",APA/ARH Alentejo,,
TUA20230423001281,ANEXOS TUAAnex1 - Anexos,,,,,,,
TUA20230423001281,Código,Ficheiro,,,,,,Descrição
TUA20230423001281,T000076,ETAR - ARRONCHES.jpg,,,,,,ETAR de Arronches - Planta geral de implantação
TUA20230510001393,T000142,"O titular obriga-se a comunicar à Entidade Licenciadora, através do SILiAmb (módulo Licenciamento Único de Ambiente > Autocontrolo RH), os dados provenientes do programa de autocontrolo estabelecido na licença, assim como os respetivos boletins analíticos.",Módulo de autocontrolo /Ficheiros pdf/xls,Mensal,,,,
TUA20230510001399,T000068,Autocontrolo qualitativo / pH CBO5 CQO SST Nt Pt,Plataforma SILiAmb,Trimestral,Plataforma SILiAmb,ARH do Norte,,
TUA20230510001399,T000069,Autocontrolo quantitativo / Volumes mensais descarregados (m3/mês),Plataforma SILiAmb,Trimestral,Até ao último dia do mês seguinte ao trimestre a que dizem respeito.,ARH do Norte,,
TUA20230602001636,T000068,Autocontrolo / pH CBO5 CQO SST Nt Pt,Plataforma SILiAmb,Trimestral,Até ao último dia do mês seguinte ao trimestre a que dizem respeito.,ARH do Norte,,
TUA20230602001636,T000069,Autocontrolo quantitativo / Volumes mensais descarregados (m3/mês),Plataforma SILiAmb,Trimestral,Até ao último dia do mês seguinte ao trimestre a que dizem respeito.,ARH do Norte,,
TUA20230602001637,T000069,Autocontrolo / pH CBO5 CQO SST Nt Pt,Plataforma SILiAmb,Trimestral,Até ao último dia do mês seguinte ao trimestre a que dizem respeito.,ARH do Norte,,
TUA20230602001637,T000070,Autocontrolo quantitativo / Volumes mensais descarregados (m3/mês),Plataforma SILiAmb,Trimestral,Até ao último dia do mês seguinte ao trimestre a que dizem respeito.,ARH do Norte,,
TUA20230707002024,T000083,"O titular obriga-se a comunicar à Entidade Licenciadora, através do SILiAmb (módulo Licenciamento Único de Ambiente > Autocontrolo RH), os dados provenientes do programa de autocontrolo estabelecido na licença, assim como os respetivos boletins analíticos.",Módulo Autocontrolo,Trimestral,,,,
TUA20230717002123,T000065,Autocontrolo qualitativo / pH CBO5 CQO SST,Plataforma SILiAmb,Trimestral,Até ao último dia do mês seguinte ao trimestre a que dizem respeito.,ARH do Norte,,
TUA20230717002123,T000066,Autocontrolo quantitativo / Volumes mensais descarregados (m3/mês),Plataforma SILiAmb,Trimestral,Até ao último dia do mês seguinte ao trimestre a que dizem respeito.,ARH do Norte,,
TUA20230717002153,T000070,"O titular obriga-se a comunicar à Entidade Licenciadora, através do SILiAmb (módulo Licenciamento Único de Ambiente > Autocontrolo RH), os dados provenientes do programa de autocontrolo estabelecido na licença, assim como os respetivos boletins analíticos.",Módulo Autocontrolo,Trimestral,,,,
TUA20230801002309,T000066,"O titular obriga-se a comunicar à Entidade Licenciadora através do SILiAmb (módulo Licenciamento Único -> Autocontrolo RH), os dados provenientes do programa de autocontrolo estabelecidos na licença e o volume mensal de água residual descarregada em domínio hídrico.",Módulo autocontrolo,Trimestral,,,,
TUA20230808002363,T000077,"O titular obriga-se a comunicar à Entidade Licenciadora, através do SILiAmb (módulo Licenciamento Único de Ambiente > Autocontrolo RH), os dados provenientes do programa de autocontrolo estabelecido na licença, assim como os respetivos boletins analíticos.",Módulo Autocontrolo,Trimestral,,,,
TUA20230816002415,T000068,Autocontrolo qualitativo L010038.2018.RH3 / pH CBO5 CQO SST Nt Pt,Plataforma SILiAmb,Trimestral,Até ao último dia do mês seguinte ao trimestre a que dizem respeito.,ARH do Norte,,
TUA20230816002415,T000069,Autocontrolo quantitativo L010038.2018.RH3/ Volumes mensais descarregados (m3/mês),Plataforma SILiAmb,Trimestral,Até ao último dia do mês seguinte ao trimestre a que dizem respeito.,ARH do Norte,,
TUA20230824002503,T000067,Autocontrolo qualitativo / pH CBO5 CQO SST Nt Pt,Plataforma SILiAmb,Trimestral,Até ao último dia do mês seguinte ao trimestre a que dizem respeito.,ARH do Norte,,
TUA20230824002503,T000068,Autocontrolo quantitativo / Volumes mensais descarregados (m3/mês),Plataforma SILiAmb,Trimestral,Até ao último dia do mês seguinte ao trimestre a que dizem respeito.,ARH do Norte,,
TUA20230831002551,T000067,Autocontrolo qualitativo / pH CBO5 CQO SST Nt Pt,Plataforma SILiAmb,Trimestral,Até ao último dia do mês seguinte ao trimestre a que dizem respeito.,ARH do Norte,,
TUA20230831002551,T000068,Autocontrolo quantitativo / Volumes mensais descarregados (m3/mês),Plataforma SILiAmb,Trimestral,Até ao último dia do mês seguinte ao trimestre a que dizem respeito.,ARH do Norte,,
TUA20230905002577,T000068,Autocontrolo qualitativo / pH CBO5 CQO SST Nt Pt,Plataforma SILiAmb,Trimestral,Até ao último dia do mês seguinte ao trimestre a que dizem respeito.,ARH do Norte,,
TUA20230905002577,T000069,Autocontrolo quantitativo / Volumes mensais descarregados (m3/mês),Plataforma SILiAmb,Trimestral,Até ao último dia do mês seguinte ao trimestre a que dizem respeito.,ARH do Norte,,
TUA20230905002578,T000068,Autocontrolo qualitativo / pH CBO5 CQO SST Nt Pt,Plataforma SILiAmb,Trimestral,Até ao último dia do mês seguinte ao trimestre a que dizem respeito.,ARH do Norte,,
TUA20230905002578,T000069,Autocontrolo quantitativo / Volumes mensais descarregados (m3/mês),Plataforma SILiAmb,Trimestral,Até ao último dia do mês seguinte ao trimestre a que dizem respeito.,ARH do Norte,,
TUA20230905002579,T000063,Autocontrolo qualitativo / pH CBO5 CQO TPSS Nt Pt,Plataforma SILiAmb,Trimestral,Até ao último dia do mês seguinte ao trimestre a que dizem respeito.,ARH do Norte,,
TUA20230905002579,T000064,Autocontrolo quantitativo / Volumes mensais descarregados (m3/mês),Plataforma SILiAmb,Trimestral,Até ao último dia do mês seguinte ao trimestre a que dizem respeito.,ARH do Norte,,
TUA20230912002642,T000068,Autocontrolo qualitativo L000805.2019.RH3 / pH CBO5 CQO SST Nt Pt,Plataforma SILiAmb,Trimestral,Até ao último dia do mês seguinte ao trimestre a que dizem respeito.,ARH do Norte,,
TUA20230912002642,T000069,Autocontrolo quantitativo L000805.2019.RH3/ Volumes mensais descarregados (m3/mês),Plataforma SILiAmb,Trimestral,Até ao último dia do mês seguinte ao trimestre a que dizem respeito.,ARH do Norte,,
TUA20230912002643,T000068,Autocontrolo qualitativo / pH CBO5 CQO SST Nt Pt,Plataforma SILiAmb,Trimestral,Até ao último dia do mês seguinte ao trimestre a que dizem respeito.,ARH do Norte,,
TUA20230912002643,T000069,Autocontrolo quantitativo / Volumes mensais descarregados (m3/mês),Plataforma SILiAmb,Trimestral,Até ao último dia do mês seguinte ao trimestre a que dizem respeito.,ARH do Norte,,
TUA20230915002702,T000068,Autocontrolo qualitativo / pH CBO5 CQO SST Nt Pt,Plataforma SILiAmb,Trimestral,Até ao último dia do mês seguinte ao trimestre a que dizem respeito.,ARH do Norte,,
TUA20230915002702,T000069,Autocontrolo quantitativo / Volumes mensais descarregados (m3/mês),Plataforma SILiAmb,Trimestral,Até ao último dia do mês seguinte ao trimestre a que dizem respeito.,ARH do Norte,,
TUA20230918002712,T000068,Autocontrolo qualitativo / pH CBO5 CQO SST Nt Pt,Plataforma SILiAmb,Trimestral,Até ao último dia do mês seguinte ao trimestre a que dizem respeito.,ARH do Norte,,
TUA20230918002712,T000069,Autocontrolo quantitativo / Volumes mensais descarregados (m3/mês),Plataforma SILiAmb,Trimestral,Até ao último dia do mês seguinte ao trimestre a que dizem respeito.,ARH do Norte,,
TUA20231010002912,T000068,Autocontrolo qualitativo / pH CBO5 CQO SST Nt Pt,Plataforma SILiAmb,Trimestral,Até ao último dia do mês seguinte ao trimestre a que dizem respeito.,ARH do Norte,,
TUA20231010002912,T000069,Autocontrolo quantitativo / Volumes mensais descarregados (m3/mês),Plataforma SILiAmb,Trimestral,Até ao último dia do mês seguinte ao trimestre a que dizem respeito.,ARH do Norte,,
TUA20231010002913,T000068,Autocontrolo qualitativo / pH CBO5 CQO SST Nt Pt,Plataforma SILiAmb,Trimestral,Até ao último dia do mês seguinte ao trimestre a que dizem respeito.,ARH do Norte,,
TUA20231010002913,T000069,Autocontrolo quantitativo / Volumes mensais descarregados (m3/mês),Plataforma SILiAmb,Trimestral,Até ao último dia do mês seguinte ao trimestre a que dizem respeito.,ARH do Norte,,
TUA20231012002959,T000068,Autocontrolo qualitativo / pH CBO5 CQO SST Nt Pt,Plataforma SILiAmb,Trimestral,Até ao último dia do mês seguinte ao trimestre a que dizem respeito.,ARH do Norte,,
TUA20231012002959,T000069,Autocontrolo quantitativo / Volumes mensais descarregados (m3/mês),Plataforma SILiAmb,Trimestral,Até ao último dia do mês seguinte ao trimestre a que dizem respeito.,ARH do Norte,,
TUA20231018003040,T000089,"O titular obriga-se a comunicar à Entidade Licenciadora, através do SILiAmb (módulo Licenciamento Único de Ambiente > Autocontrolo RH), os dados provenientes do programa de autocontrolo estabelecido na licença, assim como os respetivos boletins analíticos.",Módulo de autocontrolo /Ficheiros pdf/xls,Mensal,,,,
TUA20231109003280,T000067,Autocontrolo qualitativo / pH CBO5 CQO SST Nt Pt,Plataforma SILiAmb,Trimestral,Até ao último dia do mês seguinte ao trimestre a que dizem respeito.,ARH do Norte,,
TUA20231109003280,T000068,Autocontrolo quantitativo / Volumes mensais descarregados (m3/mês),Plataforma SILiAmb,Trimestral,Até ao último dia do mês seguinte ao trimestre a que dizem respeito.,ARH do Norte,,
TUA20231128003520,T000067,Autocontrolo qualitativo / pH CBO5 CQO SST Nt Pt,Plataforma SILiAmb,Trimestral,Até ao último dia do mês seguinte ao trimestre a que dizem respeito.,ARH do Norte,,
TUA20231128003520,T000068,Autocontrolo quantitativo / Volumes mensais descarregados (m3/mês),Plataforma SILiAmb,Trimestral,Até ao último dia do mês seguinte ao trimestre a que dizem respeito.,ARH do Norte,,
TUA20231128003521,T000068,Autocontrolo qualitativo / pH CBO5 CQO SST Nt Pt,Plataforma SILiAmb,Trimestral,Até ao último dia do mês seguinte ao trimestre a que dizem respeito.,ARH do Norte,,
TUA20231128003521,T000069,Autocontrolo quantitativo / Volumes mensais descarregados (m3/mês),Plataforma SILiAmb,Trimestral,Até ao último dia do mês seguinte ao trimestre a que dizem respeito.,ARH do Norte,,
TUA20231205003587,T000065,Autocontrolo qualitativo / pH CBO5 CQO SST,Plataforma SILiAmb,Trimestral,Até ao último dia do mês seguinte ao trimestre a que dizem respeito.,ARH do Norte,,
TUA20231205003587,T000066,Autocontrolo quantitativo / Volumes mensais descarregados (m3/mês),Plataforma SILiAmb,Trimestral,Até ao último dia do mês seguinte ao trimestre a que dizem respeito.,ARH do Norte,,
TUA20231206003600,T000070,Autocontrolo qualitativo / pH CBO5 CQO SST Nt Pt,Plataforma SILiAmb,Trimestral,Até ao último dia do mês seguinte ao trimestre a que dizem respeito.,ARH do Norte,,
TUA20231206003600,T000071,Autocontrolo quantitativo / Volumes mensais descarregados (m3/mês),Plataforma SILiAmb,Trimestral,Até ao último dia do mês seguinte ao trimestre a que dizem respeito.,ARH do Norte,,
TUA20231206003602,T000069,Autocontrolo qualitativo / pH CBO5 CQO SST Nt Pt,Plataforma SILiAmb,Trimestral,Até ao último dia do mês seguinte ao trimestre a que dizem respeito.,ARH do Norte,,
TUA20231206003602,T000070,Autocontrolo quantitativo / Volumes mensais descarregados (m3/mês),Plataforma SILiAmb,Trimestral,Até ao último dia do mês seguinte ao trimestre a que dizem respeito.,ARH do Norte,,
TUA20231211003636,T000066,Autocontrolo qualitativo / pH CBO5 CQO SST Nt Pt,Plataforma SILiAmb,Trimestral,Até ao último dia do mês seguinte ao trimestre a que dizem respeito.,ARH do Norte,,
TUA20231211003636,T000067,Autocontrolo quantitativo / Volumes mensais descarregados (m3/mês),Plataforma SILiAmb,Trimestral,Até ao último dia do mês seguinte ao trimestre a que dizem respeito.,ARH do Norte,,
TUA20231212003641,,"O titular obriga-se a comunicar à Entidade Licenciadora, através do SILiAmb (módulo Licenciamento Único de",,,,,,
TUA20231212003641,Código,Tipo de informação/Parâmetros,Periodicidade de comunicação,Data de reporte,Entidade,,Formato de reporte,
TUA20231212003641,T000068,"Ambiente > Autocontrolo RH), os dados provenientes do programa de autocontrolo estabelecido na licença, assim como os respetivos boletins analíticos.",Trimestral,,,,Módulo Autocontrolo,
TUA20231228003808,T000067,Autocontrolo qualitativo / pH CBO5 CQO SST Nt Pt,Plataforma SILiAmb,Trimestral,Até ao último dia do mês seguinte ao trimestre a que dizem respeito.,ARH do Norte,,
TUA20231228003808,T000068,Autocontrolo quantitativo / Volumes mensais descarregados (m3/mês),Plataforma SILiAmb,Trimestral,Até ao último dia do mês seguinte ao trimestre a que dizem respeito,ARH do Norte,,
TUA20240131000275,T000079,"O titular obriga-se a comunicar à Entidade Licenciadora, através do SILiAmb (módulo Licenciamento Único de Ambiente > Autocontrolo RH), os dados provenientes do programa de autocontrolo estabelecido na licença, assim como os respetivos boletins analíticos.",Módulo de autocontrolo /Ficheiros pdf/xls,Mensal,,APA/ARHTO,,
TUA20240131000276,T000016,"O titular obriga-se a comunicar à Entidade Licenciadora, através do SILiAmb (módulo Licenciamento Único de Ambiente > Autocontrolo RH), os dados provenientes do programa de autocontrolo estabelecido na licença, assim como os respetivos boletins analíticos.",Módulo de autocontrolo /Ficheiros pdf/xls,Mensal,,APA/ARHTO,,
TUA20240216000439,T000073,"O titular obriga-se a comunicar à Entidade Licenciadora, através do SILiAmb (módulo Licenciamento Único de Ambiente > Autocontrolo RH), os dados provenientes do programa de autocontrolo estabelecido na licença, assim como os respetivos boletins analíticos.",Módulo de autocontrolo /Ficheiros pdf/xls,Mensal,,APA/ARHTO,,
TUA20240216000440,T000029,"O titular obriga-se a comunicar à Entidade Licenciadora, através do SILiAmb (módulo Licenciamento Único de Ambiente > Autocontrolo RH), os dados provenientes do programa de autocontrolo estabelecido na licença, assim como os respetivos boletins analíticos.",Módulo de autocontrolo /Ficheiros pdf/xls,Mensal,,,,
TUA20240216000462,T000074,"O titular obriga-se a comunicar à Entidade Licenciadora, através do SILiAmb (módulo Licenciamento Único de Ambiente > Autocontrolo RH), os dados provenientes do programa de autocontrolo estabelecido na licença, assim como os respetivos boletins analíticos.",Módulo Autocontrolo,Trimestral,,,,
TUA20240223000530,T000123,"O titular obriga-se a comunicar à Entidade Licenciadora, através do SILiAmb (módulo Licenciamento Único de Ambiente > Autocontrolo RH), os dados provenientes do programa de autocontrolo estabelecido na licença, assim como os respetivos boletins analíticos.",Módulo de autocontrolo /Ficheiros pdf/xls,Mensal,,APA/ARHTO,,
TUA20240229000598,T000016,"O titular obriga-se a comunicar à Entidade Licenciadora, através do SILiAmb (módulo Licenciamento Único de Ambiente > Autocontrolo RH), os dados provenientes do programa de autocontrolo estabelecido na licença, assim como os respetivos boletins analíticos.",Módulo de autocontrolo /Ficheiros pdf/xls,Mensal,,,,
TUA20240901002617,T000072,Autocontrolo,"Papel, e-mail ou plataforma eletrónica",Trimestral,Antes de 15 de janeiro do ano seguinte,APA/ARH Alentejo,,
TUA20241030003256,T000082,Autocontrolo,"Papel, plataforma eletrónica ou e-mail",Semestral,Até 15 de janeiro do ano seguinte,APA/ARH Alentejo,,
TUA20230530001578,T000100,"O titular obriga-se a comunicar à Entidade Licenciadora através do SILiAmb (módulo Licenciamento Único -> Autocontrolo RH), os dados provenientes do programa de autocontrolo estabelecidos na licença (anexar boletim analítico) e o volume mensal de água residual descarregada em domínio hídrico.",Módulo de autocontrolo RH,Trimestral,,,,
TUA20240105000038,,,,,Até ao último dia do mês seguinte ao trimestre a que,,,
TUA20240105000038,Código,Tipo de informação/Parâmetros,Periodicidade de comunicação,Data de reporte,Entidade,,Formato de reporte,
TUA20240105000038,T000069,Autocontrolo qualitativo / pH CBO5 CQO SST Nt Pt,Trimestral,dizem respeito.,ARH do Norte,,Plataforma SILiAmb,
TUA20240105000038,T000070,Autocontrolo quantitativo / Volumes mensais descarregados (m3/mês),Trimestral,Até ao último dia do mês seguinte ao trimestre a que dizem respeito.,ARH do Norte,,Plataforma SILiAmb,
TUA20240110000102,T000070,Autocontrolo qualitativo L008067.2019.RH3 / pH CBO5 CQO SST,Plataforma SILiAmb,Trimestral,Até ao último dia do mês seguinte ao trimestre a que dizem respeito.,ARH do Norte,,
TUA20240110000102,Código,Tipo de informação/Parâmetros,Periodicidade de comunicação,Data de reporte,Entidade,,Formato de reporte,
TUA20240110000102,T000071,Autocontrolo quantitativo / Volumes mensais descarregados (m3/mês),Trimestral,Até ao último dia do mês seguinte ao trimestre a que dizem respeito.,ARH do Norte,,Plataforma SILiAmb,
TUA20240123000210,T000065,Autocontrolo qualitativo / pH CBO5 CQO SST,Plataforma SILiAmb,Trimestral,Até ao último dia do mês seguinte ao trimestre a que dizem respeito.,ARH do Norte,,
TUA20240123000210,T000066,Autocontrolo quantitativo / Volumes mensais descarregados (m3/mês),Plataforma SILiAmb,Trimestral,Até ao último dia do mês seguinte ao trimestre a que dizem respeito.,ARH do Norte,,
TUA20240227000550,T000070,Autocontrolo qualitativo / pH CBO5 CQO SST Nt Pt,Plataforma SILiAmb,Trimestral,Até ao último dia do mês seguinte ao trimestre a que dizem respeito.,ARH do Norte,,
TUA20240227000550,T000071,Autocontrolo quantitativo / Volumes mensais descarregados (m3/mês),Plataforma SILiAmb,Trimestral,Até ao último dia do mês seguinte ao trimestre a que dizem respeito.,ARH do Norte,,
TUA20240308000724,T000067,Autocontrolo qualitativo / pH CBO5 CQO SST,Plataforma SILiAmb,Trimestral,Até ao último dia do mês seguinte ao trimestre a que dizem respeito.,ARH do Norte,,
TUA20240308000724,T000068,Autocontrolo quantitativo / Volumes mensais descarregados (m3/mês),Plataforma SILiAmb,Trimestral,Até ao último dia do mês seguinte ao trimestre a que dizem respeito.,ARH do Norte,,
TUA20240416001180,T000068,Autocontrolo qualitativo / CBO5 CQO TPSS Nt Pt,Plataforma SILiAmb,Trimestral,Até ao último dia do mês seguinte ao trimestre a que dizem respeito.,ARH do Norte,,
TUA20240416001180,T000069,Autocontrolo quantitativo / Volumes mensais descarregados (m3/mês),Plataforma SILiAmb,Trimestral,Até ao último dia do mês seguinte ao trimestre a que dizem respeito.,ARH do Norte,,
TUA20240506001395,T000066,Autocontrolo qualitativo / pH CBO5 CQO SST,Plataforma SILiAmb,Trimestral,Até ao último dia do mês seguinte ao trimestre a que dizem respeito.,ARH do Norte,,
TUA20240506001395,T000067,Autocontrolo quantitativo / Volumes mensais descarregados (m3/mês),Plataforma SILiAmb,Trimestral,Até ao último dia do mês seguinte ao trimestre a que dizem respeito.,ARH do Norte,,
TUA20240506001401,T000071,Autocontrolo qualitativo / pH CBO5 CQO SST Nt Pt,Plataforma SILiAmb,Trimestral,Até ao último dia do mês seguinte ao trimestre a que dizem respeito.,ARH do Norte,,
TUA20240506001401,T000072,Autocontrolo quantitativo / Volumes mensais descarregados (m3/mês),Plataforma SILiAmb,Trimestral,Até ao último dia do mês seguinte ao trimestre a que dizem respeito.,ARH do Norte,,
TUA20240521001568,T000063,"O titular obriga-se a comunicar à Entidade Licenciadora através do SILiAmb (módulo Licenciamento Único -> Autocontrolo RH), os dados provenientes do programa de autocontrolo estabelecidos na licença e o volume mensal de água residual descarregada em domínio hídrico.",Módulo de autocontrolo/ficheiro xls/pdf,Trimestral,,APA/ARHC,,
TUA20240521001569,T000063,"O titular obriga-se a comunicar à Entidade Licenciadora através do SILiAmb (módulo Licenciamento Único -> Autocontrolo RH), os dados provenientes do programa de autocontrolo estabelecidos na licença e o volume mensal de água residual descarregada em domínio hídrico.",Módulo de autocontrolo/ficheiro xls/pdf,Trimestral,,APA/ARHC,,
TUA20240521001573,,"O titular obriga-se a comunicar à Entidade Licenciadora através do SILiAmb (módulo Licenciamento Único -> Autocontrolo RH), os dados",,,,,,
TUA20240521001573,Código,Tipo de informação/Parâmetros,Periodicidade de comunicação,Data de reporte,Entidade,,Formato de reporte,
TUA20240521001573,T000063,provenientes do programa de autocontrolo estabelecidos na licença e o volume mensal de água residual descarregada em domínio hídrico.,Trimestral,,APA IP/ARHC,,Módulo de autocontrolo/ficheiro xls/pdf,
TUA20240521001575,T000064,"O titular obriga-se a comunicar à Entidade Licenciadora através do SILiAmb (módulo Licenciamento Único -> Autocontrolo RH), os dados provenientes do programa de autocontrolo estabelecidos na licença e o volume mensal de água residual descarregada em domínio hídrico.",Módulo de autocontrolo/ficheiro xls/pdf,Trimestral,,APA/ARHC,,
TUA20240521001577,T000064,"O titular obriga-se a comunicar à Entidade Licenciadora através do SILiAmb (módulo Licenciamento Único -> Autocontrolo RH), os dados provenientes do programa de autocontrolo estabelecidos na licença e o volume mensal de água residual descarregada em domínio hídrico.",Módulo de autocontrolo/ficheiro xls/pdf,Trimestral,,APA/ARHC,,
TUA20240522001588,T000067,"O titular obriga-se a comunicar à Entidade Licenciadora através do SILiAmb (módulo Licenciamento Único -> Autocontrolo RH), os dados provenientes do programa de autocontrolo estabelecidos na licença e o volume mensal de água residual descarregada em domínio hídrico.",Módulo de autocontrolo/ficheiro xls/pdf,Trimestral,,APA/ARHC,,
TUA20240604001677,T000080,"O titular obriga-se a comunicar à Entidade Licenciadora através do SILiAmb (módulo Licenciamento Único -> Autocontrolo RH), os dados provenientes do programa de autocontrolo estabelecidos na licença e o volume mensal de água residual descarregada em domínio hídrico.",Módulo de autocontrolo/ficheiro xls/pdf,Trimestral,,APA IP/ARHC,,
TUA20240719002219,,O titular obriga-se a comunicar à Entidade Licenciadora através do SILiAmb (módulo,,,,,,
TUA20240719002219,Código,Tipo de informação/Parâmetros,Periodicidade de comunicação,Data de reporte,Entidade,,Formato de reporte,
TUA20240719002219,T000081,"Licenciamento Único -> Autocontrolo RH), os dados provenientes do programa de autocontrolo estabelecidos na licença e o volume mensal de água residual descarregada em domínio hídrico.",Trimestral,,APA IP/ARHC,,Módulo de autocontrolo/ficheiro xls/pdf,
TUA20240719002220,,"O titular obriga-se a comunicar à Entidade Licenciadora através do SILiAmb (módulo Licenciamento Único -> Autocontrolo RH), os dados provenientes do programa de",,,,,,
TUA20240719002220,Código,Tipo de informação/Parâmetros,Periodicidade de comunicação,Data de reporte,Entidade,,Formato de reporte,
TUA20240719002220,T000070,autocontrolo estabelecidos na licença e o volume mensal de água residual descarregada em domínio hídrico.,Trimestral,,APA IP/ARHC,,Módulo de autocontrolo/ficheiro xls/pdf,
TUA20240725002275,T000063,Autocontrolo qualitativo / CBO5 CQO SST,Plataforma SILiAmb,Trimestral,Até ao último dia do mês seguinte ao trimestre a que dizem respeito.,ARH do Norte,,
TUA20240725002275,T000064,Autocontrolo quantitativo / Volumes mensais descarregados (m3/mês),Plataforma SILiAmb,Trimestral,Até ao último dia do mês seguinte ao trimestre a que dizem respeito.,ARH do Norte,,
TUA20240731002345,T000063,Autocontrolo qualitativo / CBO5 CQO SST,Plataforma SILiAmb,Trimestral,Até ao último dia do mês seguinte ao trimestre a que dizem respeito.,ARH do Norte,,
TUA20240731002345,T000064,Autocontrolo quantitativo / Volumes mensais descarregados (m3/mês),Plataforma SILiAmb,Trimestral,Até ao último dia do mês seguinte ao trimestre a que dizem respeito.,ARH do Norte,,
TUA20240731002347,T000065,Autocontrolo qualitativo / CBO5 CQO SST Nt Pt,Plataforma SILiAmb,Trimestral,Até ao último dia do mês seguinte ao trimestre a que dizem respeito.,ARH do Norte,,
TUA20240731002347,T000066,Autocontrolo quantitativo / Volumes mensais descarregados (m3/mês),Plataforma SILiAmb,Trimestral,Até ao último dia do mês seguinte ao trimestre a que dizem respeito.,ARH do Norte,,
TUA20240808002408,,"O titular obriga-se a comunicar à Entidade Licenciadora através do SILiAmb (módulo Licenciamento Único -> Autocontrolo RH), os dados provenientes do programa de",,,,,,
TUA20240808002408,Código,Tipo de informação/Parâmetros,Periodicidade de comunicação,Data de reporte,Entidade,,Formato de reporte,
TUA20240808002408,T000068,autocontrolo estabelecidos na licença e o volume mensal de água residual descarregada em domínio hídrico.,Trimestral,,APA IP/ARHC,,Módulo de autocontrolo/ficheiro xls/pdf,
TUA20240904002654,,O titular obriga-se a comunicar à Entidade Licenciadora através do SILiAmb (módulo,,,,,,
TUA20240904002654,Código,Tipo de informação/Parâmetros,Periodicidade de comunicação,,Data de reporte,Entidade,Formato de reporte,
TUA20240904002654,T000072,"Licenciamento Único -> Autocontrolo RH), os dados provenientes do programa de autocontrolo estabelecidos na licença e o volume mensal de água residual descarregada em domínio hídrico.",Trimestral,,,APA IP/ARHC,Módulo de autocontrolo/ficheiro xls/pdf,
TUA20240904002654,ANEXOS TUAAnex1 - Anexos,,,,,,,
TUA20240904002654,Código,Ficheiro,,Descrição,,,,
TUA20240904002654,T000015,2024-08-28 HM79 OF.389 Renovação_TURH_ETAR_ZA_ÁguasValeTejoSA_.pdf,,"Parecer DGEG - Rejeição de Águas Residuais Tratadas na ETAR de Penalva de Alva, na zona alargada do perímetro de proteção de água mineral das Caldas de S. Paulo",,,,
TUA20240916002772,T000069,"O titular obriga-se a comunicar à Entidade Licenciadora, através do SILiAmb (módulo Licenciamento Único de Ambiente > Autocontrolo RH), os dados provenientes do programa de autocontrolo estabelecido na licença, assim como os respetivos boletins analíticos.",Módulo Autocontrolo,Trimestral,,APA/ARHTO,,
TUA20241003002946,T000074,"O titular obriga-se a comunicar à Entidade Licenciadora, através do SILiAmb (módulo Licenciamento Único de Ambiente > Autocontrolo RH), os dados provenientes do programa de autocontrolo estabelecido na licença, assim como os respetivos boletins analíticos.",Módulo Autocontrolo,Trimestral,Até ao último dia do mês seguinte.,APA/ARHTO,,
TUA20241014003042,T000067,Autocontrolo qualitativo L063042.2024.RH3/ CBO5 CQO SST Nt Pt,Plataforma SILiAmb,Trimestral,Até ao último dia do mês seguinte ao trimestre a que dizem respeito.,ARH do Norte,,
TUA20241014003042,T000068,Autocontrolo quantitativo L063042.2024.RH3 / Volumes mensais descarregados (m3/mês),Plataforma SILiAmb,Trimestral,Até ao último dia do mês seguinte ao trimestre a que dizem respeito.,ARH do Norte,,
TUA20241022003142,T000106,"O titular obriga-se a comunicar à Entidade Licenciadora através do SILiAmb (módulo Licenciamento Único -> Autocontrolo RH), os dados provenientes do programa de autocontrolo , os dados provenientes da monitorização do meio recetor e o volume mensal de água residual descarregada em domínio hídrico, estabelecidos na licença.",Módulo de autocontrolo/ficheiro xls/pdf,Trimestral,,APA IP/ARHC,,
TUA20241122003491,T000116,"O titular obriga-se a comunicar à Entidade Licenciadora através do SILiAmb (módulo Licenciamento Único de Ambiente -> Autocontrolo RH), os dados provenientes do programa de autocontrolo e do programa de monitorização do meio recetor estabelecidos no presente título, bem como o volume mensal de água residual descarregada em domínio hídrico.",Módulo de autocontrolo/ficheiro xls/pdf,Trimestral,,APA IP/ARHC,,
TUA20241122003495,,"O titular obriga-se a comunicar à Entidade Licenciadora através do SILiAmb (módulo Licenciamento Único -> Autocontrolo RH), os dados provenientes do programa de autocontrolo estabelecidos na",,,,,,
TUA20241122003495,Código,Tipo de informação/Parâmetros,Periodicidade de comunicação,Data de reporte,Entidade,,Formato de reporte,
TUA20241122003495,T000090,licença e o volume mensal de água residual descarregada em domínio hídrico.,Trimestral,,APA IP/ARHC,,Módulo de autocontrolo/ficheiro xls/pdf,
TUA20241210003651,T000107,"O titular obriga-se a comunicar à Entidade Licenciadora através do SILiAmb (módulo Licenciamento Único de Ambiente -> Autocontrolo RH), os dados provenientes do programa de autocontrolo e do programa de monitorização do meio recetor estabelecidos no presente título, bem como o volume mensal de água residual descarregada em domínio hídrico.",Módulo de autocontrolo/ficheiro xls/pdf,Trimestral,,APA IP/ARHC,,
TUA20250226000655,T000076,"L070191.2025.RH7.V1 - Resultados do programa de autocontrolo, incluindo as cópias dos boletins analíticos, e registo dos caudais descarregados (mesmo em situações de ausência de caudal rejeitado).","Digital (plataforma SILiAmb, Licenciamento Único – Autocontrolo RH).",Trimestral,"Até ao final do mês seguinte ao período a que respeita o autocontrolo, devendo o último reporte ser enviado até 15 de janeiro do ano subsequente.",APA/ARH Alentejo,,
TUA20250226000655,ANEXOS TUAAnex1 - Anexos,,,,,,,
TUA20250226000655,Código,Ficheiro,,,,,,Descrição
TUA20250226000655,T000077,ETAR do Freixo - Planta geral de implantação.jpg,,,,,,ETAR do Freixo - Planta geral de implantação
TUA20250317000834,T000106,"O titular obriga-se a comunicar à Entidade Licenciadora através do SILiAmb (módulo Licenciamento Único -> Autocontrolo RH), os dados provenientes do programa de autocontrolo, do programa de monitorização do meio recetor e o volume mensal de água residual descarregada em domínio hídrico, conforme estabelecido na licença.",Módulo de autocontrolo/ficheiro xls/pdf,Trimestral,,APA IP/ARHC,,
TUA20250416001449,T000147,"O titular obriga-se a comunicar à Entidade Licenciadora através do SILiAmb (módulo Licenciamento Único -> Autocontrolo RH), os dados provenientes do programa de autocontrolo, do programa de monitorização do meio recetor e o volume mensal de água residual descarregada em domínio hídrico, conforme estabelecido na licença.",Módulo de autocontrolo/ficheiro xls/pdf,Trimestral,,APA IP/ARHC,,
TUA20250602001876,T000093,"L075151.2025.RH6.V1 - Resultados do programa de autocontrolo, incluindo as cópias dos boletins analíticos, e registo dos caudais descarregados (mesmo em situações de ausência de caudal rejeitado).","Digital (plataforma SILiAmb, Licenciamento Único - Autocontrolo RH).",Trimestral,"Até ao final do mês seguinte ao período a que respeita o autocontrolo, devendo o último reporte ser enviado até 15 de janeiro do ano subsequente.",APA/ARH Alentejo,,
TUA20250602001876,ANEXOS TUAAnex1 - Anexos,,,,,,,
TUA20250602001876,Código,Ficheiro,,,,,,Descrição
TUA20250602001876,T000094,planta_implantacao.jpg,,,,,,Planta de Implantação da ETAR de Guadalupe
TUA20250722002408,T000085,"O titular obriga-se a comunicar à Entidade Licenciadora através do SILiAmb (módulo Licenciamento Único -> Autocontrolo RH), os dados provenientes do programa de autocontrolo e o volume mensal de água residual descarregada em domínio hídrico, conforme estabelecido na licença.",Módulo de autocontrolo/ficheiro xls/pdf,Trimestral,,APA IP/ARHC,,
TUA20260202000317,,"O titular obriga-se a comunicar à Entidade Licenciadora, através do SILiAmb (módulo",,,,,,
TUA20260202000317,Código,Tipo de informação/Parâmetros,Periodicidade de comunicação,Data de reporte,Entidade,,Formato de reporte,
TUA20260202000317,T000064,"Licenciamento Único de Ambiente > Autocontrolo RH), os dados provenientes do programa de autocontrolo estabelecido na licença, assim como os respetivos boletins analíticos.",Trimestral,,APA/ARHTO,,Módulo de autocontrolo; ficheiros xls/pdf,
