Nº TUA,Código,Código TURH,Tipo,Instalação de Tratamento,Coluna 2,Origens,Código Utilização
TUA20220411000574,T000077,L006681.2022.RH5A,Urbanas,ETAR Pedrógão Pequeno,,,
TUA20220420000646,,L006976.2022.,,,,,
TUA20220420000646,Código,Tipo,,,Código TURH,Instalação de Tratamento,
TUA20220420000646,T000080,Urbanas,,,RH5A,ETAR Presa,
TUA20220511000842,T000006,L008397.2022.RH5A,Urbanas,ETAR Caria,,,
TUA20220511000844,T000005,L007123.2022.RH5A,Urbanas,ETAR Chança,,,
TUA20220511000845,T000006,L006972.2022.RH5A,Urbanas,ETAR Belver,,,
TUA20220718001522,T000083,L012980.2022.RH5A,Urbanas,ETAR Dornes,,,
TUA20220720001537,T000006,L013050.2022.RH5A,Urbanas,ETAR Pombeira,,,
TUA20220720001538,T000006,L012836.2022.RH5A,Urbanas,ETAR Castanheira,,,
TUA20220919002148,T000006,L016764.2022.RH5A,Urbanas,ETAR Bemposta,,,
TUA20220922002189,T000006,L002661.2018.RH3,Urbanas,ETAR Poço do Canto,,,
TUA20220922002190,T000005,L002662.2018.RH3,Urbanas,ETAR Freixedas,,,
TUA20220927002236,T000006,L003469.2017.RH3,Urbanas,ETAR Alverca da Beira,,,
TUA20220930002259,T000006,L002663.2018.RH3,Urbanas,ETAR Pínzio,,,
TUA20221010002354,T000005,L017862.2017.RH5A,Urbanas,ETAR Cunheira,,,
TUA20221010002355,T000005,L017689.2017.RH5A,Urbanas,ETAR Comenda,,,
TUA20221010002356,T000005,L017985.2022.RH5A,Urbanas,ETAR Fonte da Vila - Bacia B,,,
TUA20221010002358,T000006,L017897.2017.RH5A,Urbanas,ETAR Montargtil,,,
TUA20221010002359,T000006,L016800.2022.RH5A,Urbanas,ETAR Figueira e Barros,,,
TUA20221017002426,T000006,L018800.2022.RH5A,Urbanas,ETAR Galveias,,,
TUA20221017002427,T000005,L017875.2017.RH5A,Urbanas,ETAR Longomel,,,
TUA20230116000179,T000006,L025479.2023.RH5A.V1,Urbanas,ETAR Aboboreira 2,,,
TUA20230116000180,T000006,L025473.2023.RH5A.V1,Urbanas,ETAR Aboboreira I,,,
TUA20230117000197,T000019,L001739.2013.RH5-T1.V1,Urbanas,ETAR Bogas do Meio,,,
TUA20230125000254,T000006,L009134.2018.RH3.V1,Urbanas,ETAR Almeida,,,
TUA20230125000271,T000019,L009128.2018.RH3.V1,Urbanas,ETAR Casteição,,,
TUA20230125000272,T000005,L009112.2018.RH3.V1,Urbanas,ETAR Aveloso,,,
TUA20230130000331,T000005,L026674.2023.RH5A.V1,Urbanas,ETAR Envendos 2,,,
TUA20230130000332,T000005,L026655.2023.RH5A.V1,Urbanas,ETAR Envendos 1,,,
TUA20230130000333,T000005,L026342.2023.RH5A.V1,Urbanas,ETAR Penhascoso 2,,,
TUA20230130000335,T000006,L026309.2023.RH5A.V1,Urbanas,ETAR Penhascoso 1,,,
TUA20230130000336,T000006,L026283.2023.RH5A.V1,Urbanas,ETAR Andreus,,,
TUA20230202000373,T000005,L009125.2018.RH3.V1,Urbanas,ETAR Mêda,,,
TUA20230202000374,T000005,L009126.2018.RH3.V1,Urbanas,ETAR Marialva,,,
TUA20230202000375,T000005,L009113.2018.RH3.V1,Urbanas,ETAR Fonte Longa,,,
TUA20230202000376,T000011,L009132.2018.RH3.V1,Urbanas,ETAR Escalhão,,,
TUA20230202000377,T000005,L009127.2018.RH3.V1,Urbanas,ETAR Coriscada,,,
TUA20230202000378,T000006,L009139.2018.RH3.V1,Urbanas,ETAR Amoreira,,,
TUA20230208000443,T000005,L026778.2023.RH3.V1,Urbanas,ETAR Cinco Vilas,,,
TUA20230213000471,T000005,L004520.2018.RH3.V1,Urbanas,ETAR Chãos,,,
TUA20230213000497,T000006,L001767.2013.RH5-T1.V1,Urbanas,ETAR Orca,,,
TUA20230216000512,T000005,L010055.2018.RH3.V1,Urbanas,ETAR Junça,,,
TUA20230216000513,T000005,L004518.2018.RH3.V1,Urbanas,ETAR Gouveia Pomares,,,
TUA20230220000545,T000005,L004518.2018.RH3.V2,Urbanas,ETAR Azevo,,,
TUA20230228000613,T000006,L001772.2020.RH5A.V1,Urbanas,ETAR Alcains,,,
TUA20230228000614,T000019,L007117.2022.RH5A.V1,Urbanas,ETAR Atalaia do Campo,,,
TUA20230328000995,T000004,L009129.2018.RH3.V1,Urbanas,ETAR Alcarva,,,
TUA20230328000996,T000004,L009136.2018.RH3.V1,Urbanas,ETAR Algodres,,,
TUA20230421001258,T000004,L010060.2018.RH3.V1,Urbanas,ETAR Freineda,,,
TUA20230421001259,T000004,L010061.2018.RH3.V1,Urbanas,ETAR Azinhal,,,
TUA20230421001260,T000005,L011919.2018.RH3.V1,Urbanas,ETAR Lamegal,,,
TUA20230421001263,T000004,L010047.2018.RH3.V1,Urbanas,ETAR Avelãs da Ribeira,,,
TUA20230423001281,T000005,L004998.2016.RH7.V1,Urbanas,ETAR de Arronches,,,
TUA20230510001393,T000076,L008277.2018.RH5A.V1,Urbanas,ETAR Gavião,,,
TUA20230510001399,T000004,L033073.2023.RH3.V1,Urbanas,ETAR Malhada Sorda,,,
TUA20230602001636,T000004,L034412.2023.RH3.V1,Urbanas,ETAR Casal de Cinza,,,
TUA20230602001637,T000004,L034331.2023.RH3.V1,Urbanas,ETAR Ima,,,
TUA20230707002024,T000004,L034219.2023.RH5A.V1,Urbanas,ETAR de Cernache do Bonjardim,,,
TUA20230717002123,T000005,L010057.2018.RH3.V1,Urbanas,ETAR Avelãs de Ambom,,,
TUA20230717002153,T000006,L037792.2023.RH5A.V1,Urbanas,ETAR Calvos,,,
TUA20230801002309,T000005,L034885.2023.RH4A.V1,Urbanas,ETAR Carragosela,,,
TUA20230808002363,T000006,L037599.2023.RH5A.V1,Urbanas,ETAR de Alvaiázere,,,
TUA20230816002415,T000005,L010038.2018.RH3.V1,Urbanas,ETAR Monte Margarida,,,
TUA20230824002503,T000005,L000819.2019.RH3.V1,Urbanas,ETAR Aldeia da Ponte,,,
TUA20230831002551,T000005,L000813.2019.RH3.V1,Urbanas,ETAR Pousafoles do Bispo,,,
TUA20230905002577,T000005,L000814.2019.RH3.V1,Urbanas,ETAR Foios,,,
TUA20230905002578,T000005,L000818.2019.RH3.V1,Urbanas,ETAR Bismula,,,
TUA20230905002579,T000005,L000816.2019.RH3.V1,Urbanas,ETAR Aldeia Velha Lageosa,,,
TUA20230912002642,T000006,L000805.2019.RH3.V1,Urbanas,ETAR Pêga,,,
TUA20230912002643,T000006,L000810.2019.RH3.V1,Urbanas,ETAR Freixeda do Torrão,,,
TUA20230915002702,T000005,L000820.2019.RH3.V1,Urbanas,ETAR Nave,,,
TUA20230918002712,T000005,L000815.2019.RH3.V1,Urbanas,ETAR Forcalhos,,,
TUA20231010002912,T000005,L001021.2019.RH3.V1,Urbanas,ETAR Cerejo,,,
TUA20231010002913,T000005,L000817.2019.RH3.V1,Urbanas,ETAR Outeiro de Gatos,,,
TUA20231012002959,T000005,L001020.2019.RH3.V1,Urbanas,ETAR Alvendre,,,
TUA20231018003040,T000019,L009317.2013.RH5-T1.V1,Urbanas,ETAR Monforte da Beira,,,
TUA20231109003280,T000005,L005585.2019.RH3.V1,Urbanas,ETAR Amiais,,,
TUA20231128003520,T000005,L007490.2019.RH3,Urbanas,ETAR Espinhal,,,
TUA20231128003521,T000005,L007487.2019.RH3,Urbanas,ETAR Barreira,,,
TUA20231205003587,T000005,L007491.2019.RH3.V1,Urbanas,ETAR Naves,,,
TUA20231206003600,T000005,L007489.2019.RH3.V1,Urbanas,ETAR Mata de Lobos,,,
TUA20231206003602,T000005,L007488.2019.RH3.V1,Urbanas,ETAR Malcata,,,
TUA20231211003636,T000005,L005712.2019.RH3.V1,Urbanas,ETAR Aldeia da Ribeira,,,
TUA20231212003641,T000006,L047135.2023.RH5A.V1,Urbanas,ETAR Pedreira,,,
TUA20231228003808,T000005,L007492.2019.RH3.V1,Urbanas,ETAR Castelo Rodrigo,,,
TUA20240131000275,T000005,L015762.2013.RH5-T1.V1,Urbanas,ETAR Oleiros,,,
TUA20240131000276,T000005,L010891.2013.RH5-T1.V1,Urbanas,ETAR Estreito,,,
TUA20240216000439,T000005,L047225.2023.RH5A.V1,Urbanas,ETAR Assumar,,,
TUA20240216000440,T000019,L008275.2018.RH5A.V1,Urbanas,ETAR Nisa,,,
TUA20240216000462,T000006,L006005.2021.RH5A.V1,Urbanas,ETAR Cardal Bairrada,,,
TUA20240223000530,T000045,L031504.2023.RH5A.V1,Urbanas,ETAR Portagem,,,
TUA20240229000598,T000005,L047273.2023.RH5A.V1,Urbanas,ETAR Escalos- Lousa,,,
TUA20240901002617,T000006,L060851.2024.RH7.V1,Urbanas,ETAR Monte do Trigo,,,
TUA20241030003256,T000019,L064067.2024.RH7.V1,Urbanas,ETAR Hortinhas,,,
TUA20230530001578,T000036,,Urbanas,ETAR Arcozelo,,,L043200.2023.RH4A.V2
TUA20240105000038,T000004,,Urbanas,ETAR Miuzela,,,L008065.2019.RH3.V1
TUA20240110000102,T000004,,Urbanas,ETAR Pereiro,,,L008067.2019.RH3.V1
TUA20240123000210,T000004,,Urbanas,ETAR Cabreira,,,L008070.2019.RH3.V1
TUA20240227000550,T000005,,Urbanas,ETAR Baraçal,,,L012483.2019.RH3.V1
TUA20240308000724,T000005,,Urbanas,ETAR Pêva,,,L012485.2019.RH3.V1
TUA20240416001180,T000005,,Urbanas,ETAR Figueira de Castelo Rodrigo,,,L012482.2019.RH3.V1
TUA20240506001395,T000006,,Urbanas,ETAR Castelo Mendo,,,L017381.2019.RH3.V1
TUA20240506001401,T000008,,Urbanas,ETAR Nave de Haver,,,L008066.2019.RH3.V1
TUA20240521001568,T000005,,Urbanas,ETAR Folhadosa,,,L015870.2019.RH4A.V1
TUA20240521001569,T000005,,Urbanas,ETAR Cortiçada,,,L015931.2019.RH4A.V1
TUA20240521001573,T000005,,Urbanas,ETAR Alvôco das Várzeas,,,L054772.2024.RH4A.V1
TUA20240521001575,T000005,,Urbanas,ETAR Figueiró da Granja,,,L054786.2024.RH4A.V1
TUA20240521001577,T000005,,Urbanas,ETAR Bobadela,,,L054809.2024.RH4A.V1
TUA20240522001588,T000005,,Urbanas,ETAR Andorinha,,,L015978.2022.RH4A.V1
TUA20240604001677,T000018,,Urbanas,ETAR Girabolhos,,,L015874.2019.RH4A.V1
TUA20240719002219,T000019,,Urbanas,ETAR Lageosa,,,L058799.2024.RH4A.V1
TUA20240719002220,T000005,,Urbanas,ETAR Lagares da Beira,,,L058803.2024.RH4A.V1
TUA20240725002275,T000005,,Urbanas,ETAR Leomil,,,L020554.2019.RH3.V1
TUA20240731002345,T000005,,Urbanas,ETAR Monte Perobolço,,,L020553.2019.RH3.V1
TUA20240731002347,T000005,,Urbanas,ETAR Ade,,,L020555.2019.RH3.V1
TUA20240808002408,T000005,,Urbanas,ETAR Fornotelheiro,,,L015944.2019.RH4A.V1
TUA20240904002654,T000005,,Urbanas,ETAR Penalva de Alva,,,L060904.2024.RH4A.V1
TUA20240916002772,T000006,,Urbanas,ETAR Derreada,,,L001080.2020.RH5A.V1
TUA20241003002946,T000006,,Urbanas,ETAR Louriceira,,,L001135.2020.RH5A.V1
TUA20241014003042,T000005,,Urbanas,ETAR Manigoto,,,L063042.2024.RH3.V1
TUA20241022003142,T000005,,Urbanas,ETAR Eirado,,,L063531.2024.RH4A.V1
TUA20241122003491,T000005,,Urbanas,ETAR Loriga,,,L014539.2022.RH4A.V1
TUA20241122003495,T000005,,Urbanas,ETAR Celorico da Beira,,,L014785.2022.RH4A.V1
TUA20241210003651,T000005,,Urbanas,ETAR Porto da Carne,,,L065853.2024.RH4A.V1
TUA20250226000655,T000005,,Urbanas,ETAR do Freixo,,,L070191.2025.RH7.V1
TUA20250317000834,T000005,,Urbanas,ETAR Melo Folgosinho,,,L014699.2022.RH4A.V1
TUA20250416001449,T000005,,Urbanas,ETAR Oliveira do Hospital,,,L032810.2023.RH4A.V1
TUA20250602001876,T000005,,Urbanas,ETAR de Guadalupe,,,L075151.2025.RH6.V1
TUA20250722002408,T000031,,Urbanas,ETAR Avô,,,L017803.2020.RH4A.V1
TUA20260202000317,T000005,,Urbanas,ETAR Orada,,,L014337.2019.RH5A.V1
