Nº TUA,Código,Código Utilização,Local,Latitude,Coluna 7,Parâmetro,Frequência de amostragem,Longitude,Observações,Coluna 9,Coluna 5
TUA20241022003142,T000034,,P1,,,pH (Escala de Sörensen),Mensal,,,,
TUA20241022003142,T000035,,P1,,,Temperatura (ºC),Mensal,,,,
TUA20241022003142,T000036,,P1,,,Taxa de saturação em oxigénio (%),Mensal,,,,
TUA20241022003142,T000037,,P1,,,Carência Bioquímica de Oxigénio (mg/L O2),Mensal,,,,
TUA20241022003142,T000038,,P1,,,Carência Química de Oxigénio (mg/L O2),Mensal,,,,
TUA20241022003142,T000039,,P1,,,Sólidos Suspensos Totais (mg/L),Mensal,,,,
TUA20241022003142,T000040,,P1,,,Azoto amoniacal (mg/L NH4),Mensal,,,,
TUA20241022003142,T000041,,P1,,,Azoto total (mg/L N),Mensal,,,,
TUA20241022003142,T000042,,P1,,,Fósforo total (mg/L,Mensal,,,,
TUA20241022003142,Código,Código Utilização,Local,Latitude,Parâmetro,Frequência de amostragem,,,,,
TUA20241022003142,,,,,P),,,,,,
TUA20241022003142,T000043,,P2,,pH (Escala de Sörensen),Mensal,,,,,
TUA20241022003142,T000044,,P2,,Temperatura (ºC),Mensal,,,,,
TUA20241022003142,T000045,,P2,,Taxa de saturação em oxigénio (%),Mensal,,,,,
TUA20241022003142,T000046,,P2,,Carência Bioquímica de Oxigénio (mg/L O2),Mensal,,,,,
TUA20241022003142,T000047,,P2,,Carência Química de Oxigénio (mg/L O2),Mensal,,,,,
TUA20241022003142,T000048,,P2,,Sólidos Suspensos Totais (mg/L),Mensal,,,,,
TUA20241022003142,T000049,,P2,,Azoto amoniacal (mg/L NH4),Mensal,,,,,
TUA20241022003142,T000050,,P2,,Azoto total (mg/L N),Mensal,,,,,
TUA20241022003142,T000051,,P2,,Fósforo total (mg/L P),Mensal,,,,,
TUA20241122003491,T000039,,P1,,,pH (Escala de Sörensen),Mensal,,Amostra pontual.,,
TUA20241122003491,T000040,,P1,,,Temperatura (ºC),Mensal,,Amostra pontual.,,
TUA20241122003491,Código,Código Utilização,Local,Parâmetro,Frequência de amostragem,Observações,,Longitude,,,
TUA20241122003491,T000041,,P1,Oxigénio dissolvido (mg/L O2),Mensal,Amostra pontual.,,,,,
TUA20241122003491,T000042,,P1,Taxa de saturação em oxigénio (%),Mensal,Amostra pontual.,,,,,
TUA20241122003491,T000043,,P1,Carência Bioquímica de Oxigénio (mg/L O2),Mensal,Amostra pontual.,,,,,
TUA20241122003491,T000044,,P1,Carência Química de Oxigénio (mg/L O2),,Amostra pontual.,,,,,
TUA20241122003491,T000045,,P1,Sólidos Suspensos Totais (mg/L),Mensal,Amostra pontual.,,,,,
TUA20241122003491,T000046,,P1,Azoto amoniacal (mg/L NH4),,Amostra pontual.,,,,,
TUA20241122003491,T000047,,P1,Azoto total (mg/L N),Mensal,Amostra pontual.,,,,,
TUA20241122003491,T000048,,P1,Fósforo total (mg/L P),Mensal,Amostra pontual.,,,,,
TUA20241122003491,T000049,,P1,Óleos e Gorduras (mg/L),Mensal,Amostra pontual.,,,,,
TUA20241122003491,T000050,,P2,pH (Escala de Sörensen),Mensal,Amostra pontual.,,,,,
TUA20241122003491,T000051,,P2,Temperatura (ºC),Mensal,Amostra pontual.,,,,,
TUA20241122003491,T000052,,P2,Oxigénio dissolvido (mg/L O2),Mensal,Amostra pontual.,,,,,
TUA20241122003491,T000053,,P2,Taxa de saturação em oxigénio (%),Mensal,Amostra pontual.,,,,,
TUA20241122003491,T000054,,P2,Carência Bioquímica de Oxigénio (mg/L O2),Mensal,Amostra pontual.,,,,,
TUA20241122003491,T000055,,P2,Carência Química de Oxigénio (mg/L O2),Mensal,Amostra pontual.,,,,,
TUA20241122003491,T000056,,P2,Sólidos Suspensos Totais (mg/L),Mensal,Amostra pontual.,,,,,
TUA20241122003491,T000057,,P2,Azoto amoniacal (mg/L NH4),Mensal,Amostra pontual.,,,,,
TUA20241122003491,T000058,,P2,Azoto total (mg/L N),Mensal,Amostra pontual.,,,,,
TUA20241122003491,T000059,,P2,Fósforo total (mg/L P),Mensal,Amostra pontual.,,,,,
TUA20241122003491,T000060,,P2,Óleos e Gorduras (mg/L),Mensal,Amostra pontual.,,,,,
TUA20241210003651,T000034,,P1,,,pH (Escala de Sörensen),Mensal,,Amostra pontual.,,
TUA20241210003651,T000035,,P1,,,Temperatura (ºC),Mensal,,Amostra pontual.,,
TUA20241210003651,T000036,,P1,,,Oxigénio dissolvido (mg/L O2),Mensal,,Amostra pontual.,,
TUA20241210003651,T000037,,P1,,,Taxa de saturação em oxigénio (%),Mensal,,Amostra pontual.,,
TUA20241210003651,T000038,,P1,,,Carência Bioquímica de Oxigénio (mg/L O2),Mensal,,Amostra pontual.,,
TUA20241210003651,Código,Código Utilização,Local,Latitude,Parâmetro,Frequência de amostragem,,,,Observações,
TUA20241210003651,T000039,,P1,,Carência Química de Oxigénio (mg/L O2),Mensal,,,,Amostra pontual.,
TUA20241210003651,T000040,,P1,,Sólidos Suspensos Totais (mg/L),Mensal,,,,Amostra pontual.,
TUA20241210003651,T000041,,P1,,Azoto amoniacal (mg/L NH4),Mensal,,,,Amostra pontual.,
TUA20241210003651,T000042,,P1,,Azoto total (mg/L N),Mensal,,,,Amostra pontual.,
TUA20241210003651,T000043,,P1,,Fósforo total (mg/L P),Mensal,,,,Amostra pontual.,
TUA20241210003651,T000044,,P2,,pH (Escala de Sörensen),Mensal,,,,Amostra pontual.,
TUA20241210003651,T000045,,P2,,Temperatura (ºC),Mensal,,,,Amostra pontual.,
TUA20241210003651,T000046,,P2,,Oxigénio dissolvido (mg/L O2),Mensal,,,,Amostra pontual.,
TUA20241210003651,T000047,,P2,,Taxa de saturação em oxigénio (%),Mensal,,,,Amostra pontual.,
TUA20241210003651,T000048,,P2,,Carência Bioquímica de Oxigénio (mg/L O2),Mensal,,,,Amostra pontual.,
TUA20241210003651,T000049,,P2,,Carência Química de Oxigénio (mg/L O2),Mensal,,,,Amostra pontual.,
TUA20241210003651,T000050,,P2,,Sólidos Suspensos Totais (mg/L),Mensal,,,,Amostra pontual.,
TUA20241210003651,T000051,,P2,,Azoto amoniacal (mg/L NH4),Mensal,,,,Amostra pontual.,
TUA20241210003651,T000052,,P2,,Azoto total (mg/L N),Mensal,,,,Amostra pontual.,
TUA20241210003651,T000053,,P2,,Fósforo total (mg/L P),Mensal,,,,Amostra pontual.,
TUA20250317000834,T000034,,P1,,,pH (Escala de Sörensen),Mensal,,Amostra pontual.,,
TUA20250317000834,T000035,,P1,,,Temperatura (ºC),Mensal,,Amostra pontual.,,
TUA20250317000834,T000036,,P1,,,Oxigénio dissolvido (mg/L O2),Mensal,,Amostra pontual.,,
TUA20250317000834,T000037,,P1,,,Taxa de saturação em oxigénio (%),Mensal,,Amostra pontual.,,
TUA20250317000834,T000038,,P1,,,Carência Bioquímica de Oxigénio (mg/L O2),Mensal,,Amostra pontual.,,
TUA20250317000834,Código,Código Utilização,Local,Latitude,Parâmetro,Frequência de amostragem,,,,Observações,
TUA20250317000834,T000039,,P1,,Carência Química de Oxigénio (mg/L O2),Mensal,,,,Amostra pontual.,
TUA20250317000834,T000040,,P1,,Sólidos Suspensos Totais (mg/L),Mensal,,,,Amostra pontual.,
TUA20250317000834,T000041,,P1,,Azoto amoniacal (mg/L NH4),Mensal,,,,Amostra pontual.,
TUA20250317000834,T000042,,P1,,Azoto total (mg/L N),Mensal,,,,Amostra pontual.,
TUA20250317000834,T000043,,P1,,Fósforo total (mg/L P),Mensal,,,,Amostra pontual.,
TUA20250317000834,T000044,,P2,,pH (Escala de Sörensen),Mensal,,,,Amostra pontual.,
TUA20250317000834,T000045,,P2,,Temperatura (ºC),Mensal,,,,Amostra pontual.,
TUA20250317000834,T000046,,P2,,Oxigénio dissolvido (mg/L O2),Mensal,,,,Amostra pontual.,
TUA20250317000834,T000047,,P2,,Taxa de saturação em oxigénio (%),Mensal,,,,Amostra pontual.,
TUA20250317000834,T000048,,P2,,Carência Bioquímica de Oxigénio (mg/L O2),Mensal,,,,Amostra pontual.,
TUA20250317000834,T000049,,P2,,Carência Química de Oxigénio (mg/L O2),Mensal,,,,Amostra pontual.,
TUA20250317000834,T000050,,P2,,Sólidos Suspensos Totais (mg/L),Mensal,,,,Amostra pontual.,
TUA20250317000834,T000051,,P2,,Azoto amoniacal (mg/L NH4),Mensal,,,,Amostra pontual.,
TUA20250317000834,T000052,,P2,,Azoto total (mg/L N),Mensal,,,,Amostra pontual.,
TUA20250317000834,T000053,,P2,,Fósforo total (mg/L P),Mensal,,,,Amostra pontual.,
TUA20250416001449,T000061,,P1,,,pH (Escala de Sörensen),Mensal,,Amostra pontual.,,
TUA20250416001449,T000062,,P1,,,Temperatura (ºC),Mensal,,Amostra pontual.,,
TUA20250416001449,T000063,,P1,,,Oxigénio dissolvido (mg/L O2),Mensal,,Amostra pontual.,,
TUA20250416001449,T000064,,P1,,,Taxa de saturação,Mensal,,Amostra pontual.,,
TUA20250416001449,Código,Código Utilização,Local,Parâmetro,Frequência de amostragem,Observações,,Longitude,,,Latitude
TUA20250416001449,,,,em oxigénio (%),,,,,,,
TUA20250416001449,T000065,,P1,Carência Bioquímica de Oxigénio (mg/L O2),Mensal,Amostra pontual.,,,,,
TUA20250416001449,T000066,,P1,Carência Química de Oxigénio (mg/L O2),Mensal,Amostra pontual.,,,,,
TUA20250416001449,T000067,,P1,Sólidos Suspensos Totais (mg/L),Mensal,Amostra pontual.,,,,,
TUA20250416001449,T000068,,P1,Azoto total (mg/L N),Mensal,Amostra pontual.,,,,,
TUA20250416001449,T000069,,P1,Fósforo total (mg/L P),Mensal,Amostra pontual.,,,,,
TUA20250416001449,T000070,,P1,Óleos e Gorduras (mg/L),Mensal,Amostra pontual.,,,,,
TUA20250416001449,T000071,,P1,Azoto Kjeldahl (mg/L N),Mensal,Amostra pontual.,,,,,
TUA20250416001449,T000072,,P1,Nitratos (mg/L NO3),Mensal,Amostra pontual.,,,,,
TUA20250416001449,T000073,,P1,Nitritos (mg/L NO2),Mensal,Amostra pontual.,,,,,
TUA20250416001449,T000074,,P1,Azoto amoniacal (mg/L NH4),Mensal,Amostra pontual.,,,,,
TUA20250416001449,T000075,,P1,Fenóis (mg/L C total),Mensal,Amostra pontual.,,,,,
TUA20250416001449,T000076,,P1,Fosfatos (mg/L PO4),Mensal,Amostra pontual.,,,,,
TUA20250416001449,T000077,,P2,pH (Escala de Sörensen),Mensal,Amostra pontual.,,,,,
TUA20250416001449,T000078,,P2,Temperatura (ºC),Mensal,Amostra pontual.,,,,,
TUA20250416001449,T000079,,P2,Oxigénio dissolvido (mg/L O2),Mensal,Amostra pontual.,,,,,
TUA20250416001449,T000080,,P2,Taxa de saturação em oxigénio (%),Mensal,Amostra pontual.,,,,,
TUA20250416001449,T000081,,P2,Carência Bioquímica de Oxigénio (mg/L O2),Mensal,Amostra pontual.,,,,,
TUA20250416001449,T000082,,P2,Carência Química de Oxigénio (mg/L O2),Diário,Amostra pontual.,,,,,
TUA20250416001449,T000083,,P2,Sólidos Suspensos Totais (mg/L),Mensal,Amostra pontual.,,,,,
TUA20250416001449,T000084,,P2,Azoto total (mg/L N),Mensal,Amostra pontual.,,,,,
TUA20250416001449,T000085,,P2,Fósforo total (mg/L P),Mensal,Amostra pontual.,,,,,
TUA20250416001449,T000086,,P2,Óleos e Gorduras (mg/L),Mensal,Amostra pontual.,,,,,
TUA20250416001449,,,,Azoto Kjeldahl (mg/L,,,,,,,
TUA20250416001449,Código,Código Utilização,Local,Latitude,Parâmetro,Frequência de amostragem,,,,Observações,Longitude
TUA20250416001449,T000087,,P2,,N),Mensal,,,,Amostra pontual.,
TUA20250416001449,T000088,,P2,,Nitratos (mg/L NO3),Mensal,,,,Amostra pontual.,
TUA20250416001449,T000089,,P2,,Nitritos (mg/L NO2),Mensal,,,,Amostra pontual.,
TUA20250416001449,T000090,,P2,,Azoto amoniacal (mg/L NH4),Mensal,,,,Amostra pontual.,
TUA20250416001449,T000091,,P2,,Fenóis (mg/L C total),Mensal,,,,Amostra pontual.,
TUA20250416001449,T000092,,P2,,Fosfatos (mg/L PO4),Mensal,,,,Amostra pontual.,
